slot_id,zone,aisle,x,y,level,capacity,category
0,0,0,2.0,1.0,6,61,fast
1,0,1,6.0,1.0,4,58,bulk
2,0,2,10.0,1.0,4,67,general
3,0,3,14.0,1.0,5,55,general
4,1,4,18.0,1.0,5,61,general
5,1,5,22.0,1.0,5,60,fast
6,1,6,26.0,1.0,4,63,general
7,1,7,30.0,1.0,5,62,general
8,2,8,2.0,1.0,5,58,fast
9,2,9,6.0,1.0,5,65,general
10,2,10,10.0,1.0,6,62,general
11,2,11,14.0,1.0,6,63,fast
12,3,12,18.0,1.0,6,63,fast
13,3,13,22.0,1.0,6,61,general
14,3,14,26.0,1.0,6,63,fast
15,3,15,30.0,1.0,4,69,fast
16,4,16,2.0,1.0,6,68,fragile
17,4,17,6.0,1.0,5,58,fast
18,4,18,10.0,1.0,4,62,fragile
19,4,19,14.0,1.0,4,53,general
20,5,20,18.0,1.0,4,63,fast
21,5,21,22.0,1.0,6,69,general
22,5,22,26.0,1.0,6,55,fragile
23,5,23,30.0,1.0,6,64,general
24,6,24,2.0,1.0,4,55,fast
25,6,25,6.0,1.0,5,63,bulk
26,6,26,10.0,1.0,5,54,general
27,6,27,14.0,1.0,6,53,general
28,7,28,18.0,1.0,4,56,fragile
29,7,29,22.0,1.0,5,66,general
30,7,30,26.0,1.0,5,69,general
31,7,31,30.0,1.0,6,62,general
32,8,32,2.0,1.0,5,59,general
33,8,33,6.0,1.0,5,61,fragile
34,8,34,10.0,1.0,5,67,fragile
35,8,35,14.0,1.0,5,62,fast
36,9,36,18.0,1.0,4,54,general
37,9,37,22.0,1.0,4,57,fragile
38,9,38,26.0,1.0,4,63,general
39,9,39,30.0,1.0,4,57,general
40,10,40,2.0,1.0,6,60,fragile
41,10,41,6.0,1.0,5,62,general
42,10,42,10.0,1.0,4,65,fast
43,10,43,14.0,1.0,5,57,bulk
44,11,44,18.0,1.0,4,66,general
45,11,45,22.0,1.0,5,66,general
46,11,46,26.0,1.0,6,57,fragile
47,11,47,30.0,1.0,4,65,general
48,0,0,2.0,2.5,5,56,general
49,0,1,6.0,2.5,5,52,general
50,0,2,10.0,2.5,6,58,general
51,0,3,14.0,2.5,5,55,fast
52,1,4,18.0,2.5,4,62,fragile
53,1,5,22.0,2.5,4,69,general
54,1,6,26.0,2.5,5,59,fast
55,1,7,30.0,2.5,5,52,bulk
56,2,8,2.0,2.5,4,64,bulk
57,2,9,6.0,2.5,5,66,general
58,2,10,10.0,2.5,5,52,fragile
59,2,11,14.0,2.5,4,62,bulk
60,3,12,18.0,2.5,6,67,fast
61,3,13,22.0,2.5,4,68,bulk
62,3,14,26.0,2.5,6,65,bulk
63,3,15,30.0,2.5,6,60,bulk
64,4,16,2.0,2.5,6,67,bulk
65,4,17,6.0,2.5,6,53,fragile
66,4,18,10.0,2.5,5,63,general
67,4,19,14.0,2.5,5,60,general
68,5,20,18.0,2.5,4,56,fast
69,5,21,22.0,2.5,5,65,fast
70,5,22,26.0,2.5,5,62,general
71,5,23,30.0,2.5,6,54,fragile
72,6,24,2.0,2.5,6,52,bulk
73,6,25,6.0,2.5,5,57,fast
74,6,26,10.0,2.5,5,58,fragile
75,6,27,14.0,2.5,5,57,fast
76,7,28,18.0,2.5,5,69,bulk
77,7,29,22.0,2.5,6,68,fast
78,7,30,26.0,2.5,4,64,fragile
79,7,31,30.0,2.5,4,57,general
80,8,32,2.0,2.5,5,62,general
81,8,33,6.0,2.5,6,52,general
82,8,34,10.0,2.5,5,59,fast
83,8,35,14.0,2.5,4,67,general
84,9,36,18.0,2.5,4,52,fast
85,9,37,22.0,2.5,4,69,fast
86,9,38,26.0,2.5,4,63,bulk
87,9,39,30.0,2.5,6,65,general
88,10,40,2.0,2.5,5,53,general
89,10,41,6.0,2.5,4,54,general
90,10,42,10.0,2.5,5,65,general
91,10,43,14.0,2.5,5,62,fragile
92,11,44,18.0,2.5,5,54,fragile
93,11,45,22.0,2.5,5,68,fast
94,11,46,26.0,2.5,5,59,general
95,11,47,30.0,2.5,4,66,general
96,0,0,2.0,4.0,4,57,general
97,0,1,6.0,4.0,6,67,fast
98,0,2,10.0,4.0,6,55,general
99,0,3,14.0,4.0,5,58,general
100,1,4,18.0,4.0,5,66,general
101,1,5,22.0,4.0,5,69,fast
102,1,6,26.0,4.0,4,62,fast
103,1,7,30.0,4.0,5,54,fast
104,2,8,2.0,4.0,5,62,general
105,2,9,6.0,4.0,5,61,general
106,2,10,10.0,4.0,6,60,fast
107,2,11,14.0,4.0,5,68,general
108,3,12,18.0,4.0,6,62,fast
109,3,13,22.0,4.0,5,66,general
110,3,14,26.0,4.0,4,62,general
111,3,15,30.0,4.0,6,60,fast
112,4,16,2.0,4.0,6,53,general
113,4,17,6.0,4.0,5,61,bulk
114,4,18,10.0,4.0,6,54,general
115,4,19,14.0,4.0,5,62,general
116,5,20,18.0,4.0,6,54,fast
117,5,21,22.0,4.0,4,62,fast
118,5,22,26.0,4.0,4,64,general
119,5,23,30.0,4.0,6,53,general
120,6,24,2.0,4.0,6,58,general
121,6,25,6.0,4.0,5,62,general
122,6,26,10.0,4.0,6,56,general
123,6,27,14.0,4.0,4,64,fast
124,7,28,18.0,4.0,6,59,bulk
125,7,29,22.0,4.0,5,65,general
126,7,30,26.0,4.0,4,62,general
127,7,31,30.0,4.0,4,55,general
128,8,32,2.0,4.0,4,62,general
129,8,33,6.0,4.0,6,60,bulk
130,8,34,10.0,4.0,5,54,general
131,8,35,14.0,4.0,6,60,fragile
132,9,36,18.0,4.0,5,68,fast
133,9,37,22.0,4.0,4,64,general
134,9,38,26.0,4.0,4,56,general
135,9,39,30.0,4.0,5,58,general
136,10,40,2.0,4.0,6,65,fast
137,10,41,6.0,4.0,6,67,general
138,10,42,10.0,4.0,6,64,bulk
139,10,43,14.0,4.0,4,61,fast
140,11,44,18.0,4.0,5,59,general
141,11,45,22.0,4.0,5,61,general
142,11,46,26.0,4.0,5,68,general
143,11,47,30.0,4.0,5,52,general
144,0,0,2.0,5.5,4,59,general
145,0,1,6.0,5.5,6,66,fragile
146,0,2,10.0,5.5,5,62,fragile
147,0,3,14.0,5.5,6,59,general
148,1,4,18.0,5.5,6,60,fragile
149,1,5,22.0,5.5,6,54,general
150,1,6,26.0,5.5,6,60,general
151,1,7,30.0,5.5,5,55,general
152,2,8,2.0,5.5,4,60,general
153,2,9,6.0,5.5,4,64,fragile
154,2,10,10.0,5.5,4,55,fragile
155,2,11,14.0,5.5,6,62,bulk
156,3,12,18.0,5.5,4,65,fast
157,3,13,22.0,5.5,4,68,general
158,3,14,26.0,5.5,4,68,bulk
159,3,15,30.0,5.5,4,56,fragile
160,4,16,2.0,5.5,6,64,fast
161,4,17,6.0,5.5,4,68,general
162,4,18,10.0,5.5,4,57,general
163,4,19,14.0,5.5,6,57,fast
164,5,20,18.0,5.5,4,54,fragile
165,5,21,22.0,5.5,5,66,fast
166,5,22,26.0,5.5,4,67,general
167,5,23,30.0,5.5,4,53,general
168,6,24,2.0,5.5,5,60,general
169,6,25,6.0,5.5,4,64,fragile
170,6,26,10.0,5.5,6,67,bulk
171,6,27,14.0,5.5,5,61,fast
172,7,28,18.0,5.5,6,68,fast
173,7,29,22.0,5.5,5,57,general
174,7,30,26.0,5.5,5,65,fast
175,7,31,30.0,5.5,5,68,fast
176,8,32,2.0,5.5,5,63,general
177,8,33,6.0,5.5,5,59,bulk
178,8,34,10.0,5.5,5,56,general
179,8,35,14.0,5.5,6,69,general
180,9,36,18.0,5.5,4,59,general
181,9,37,22.0,5.5,6,56,general
182,9,38,26.0,5.5,4,65,fast
183,9,39,30.0,5.5,4,52,general
184,10,40,2.0,5.5,4,58,bulk
185,10,41,6.0,5.5,6,65,fragile
186,10,42,10.0,5.5,4,54,general
187,10,43,14.0,5.5,6,57,fragile
188,11,44,18.0,5.5,5,53,fragile
189,11,45,22.0,5.5,5,61,general
190,11,46,26.0,5.5,4,53,fragile
191,11,47,30.0,5.5,5,55,fast
192,0,0,2.0,7.0,4,58,fragile
193,0,1,6.0,7.0,5,66,general
194,0,2,10.0,7.0,6,54,fragile
195,0,3,14.0,7.0,6,60,general
196,1,4,18.0,7.0,6,58,fragile
197,1,5,22.0,7.0,4,61,fast
198,1,6,26.0,7.0,6,57,general
199,1,7,30.0,7.0,5,66,general
200,2,8,2.0,7.0,6,58,fast
201,2,9,6.0,7.0,6,69,bulk
202,2,10,10.0,7.0,5,69,general
203,2,11,14.0,7.0,4,53,general
204,3,12,18.0,7.0,6,68,general
205,3,13,22.0,7.0,5,56,fast
206,3,14,26.0,7.0,4,59,general
207,3,15,30.0,7.0,5,67,general
208,4,16,2.0,7.0,4,58,bulk
209,4,17,6.0,7.0,6,62,general
210,4,18,10.0,7.0,5,59,fast
211,4,19,14.0,7.0,4,64,fast
212,5,20,18.0,7.0,4,65,bulk
213,5,21,22.0,7.0,5,61,fragile
214,5,22,26.0,7.0,5,63,general
215,5,23,30.0,7.0,6,57,bulk
216,6,24,2.0,7.0,5,60,general
217,6,25,6.0,7.0,5,65,general
218,6,26,10.0,7.0,6,54,fast
219,6,27,14.0,7.0,4,64,fragile
220,7,28,18.0,7.0,4,55,bulk
221,7,29,22.0,7.0,5,64,general
222,7,30,26.0,7.0,5,58,bulk
223,7,31,30.0,7.0,5,59,general
224,8,32,2.0,7.0,5,66,fragile
225,8,33,6.0,7.0,6,57,fast
226,8,34,10.0,7.0,6,67,fast
227,8,35,14.0,7.0,4,63,general
228,9,36,18.0,7.0,5,54,general
229,9,37,22.0,7.0,4,64,general
230,9,38,26.0,7.0,5,66,bulk
231,9,39,30.0,7.0,4,68,general
232,10,40,2.0,7.0,5,65,general
233,10,41,6.0,7.0,4,55,general
234,10,42,10.0,7.0,6,67,fast
235,10,43,14.0,7.0,5,65,fragile
236,11,44,18.0,7.0,5,56,fragile
237,11,45,22.0,7.0,4,56,general
238,11,46,26.0,7.0,6,57,general
239,11,47,30.0,7.0,5,60,fragile
240,0,0,2.0,8.5,6,52,bulk
241,0,1,6.0,8.5,5,58,fast
242,0,2,10.0,8.5,6,58,general
243,0,3,14.0,8.5,6,68,fragile
244,1,4,18.0,8.5,6,62,general
245,1,5,22.0,8.5,5,57,general
246,1,6,26.0,8.5,6,56,fast
247,1,7,30.0,8.5,4,56,fast
248,2,8,2.0,8.5,6,60,general
249,2,9,6.0,8.5,4,58,general
250,2,10,10.0,8.5,4,54,fast
251,2,11,14.0,8.5,4,57,bulk
252,3,12,18.0,8.5,5,69,fast
253,3,13,22.0,8.5,5,63,general
254,3,14,26.0,8.5,4,57,fast
255,3,15,30.0,8.5,6,68,bulk
256,4,16,2.0,8.5,4,56,bulk
257,4,17,6.0,8.5,5,65,fragile
258,4,18,10.0,8.5,5,63,fragile
259,4,19,14.0,8.5,5,67,general
260,5,20,18.0,8.5,4,59,general
261,5,21,22.0,8.5,6,54,fragile
262,5,22,26.0,8.5,6,59,general
263,5,23,30.0,8.5,6,59,general
264,6,24,2.0,8.5,5,67,fast
265,6,25,6.0,8.5,6,56,general
266,6,26,10.0,8.5,5,69,bulk
267,6,27,14.0,8.5,6,66,bulk
268,7,28,18.0,8.5,4,63,fast
269,7,29,22.0,8.5,4,57,bulk
270,7,30,26.0,8.5,5,57,fast
271,7,31,30.0,8.5,5,55,fast
272,8,32,2.0,8.5,6,55,fragile
273,8,33,6.0,8.5,6,60,bulk
274,8,34,10.0,8.5,6,62,fragile
275,8,35,14.0,8.5,6,66,fast
276,9,36,18.0,8.5,6,64,bulk
277,9,37,22.0,8.5,5,53,bulk
278,9,38,26.0,8.5,6,69,fast
279,9,39,30.0,8.5,6,57,general
280,10,40,2.0,8.5,5,56,fast
281,10,41,6.0,8.5,5,58,general
282,10,42,10.0,8.5,5,53,general
283,10,43,14.0,8.5,5,54,fast
284,11,44,18.0,8.5,4,54,general
285,11,45,22.0,8.5,4,56,bulk
286,11,46,26.0,8.5,4,65,bulk
287,11,47,30.0,8.5,5,58,general
288,0,0,2.0,10.0,5,64,general
289,0,1,6.0,10.0,6,68,general
290,0,2,10.0,10.0,4,69,general
291,0,3,14.0,10.0,4,66,fast
292,1,4,18.0,10.0,4,65,bulk
293,1,5,22.0,10.0,4,62,general
294,1,6,26.0,10.0,5,52,general
295,1,7,30.0,10.0,5,68,general
296,2,8,2.0,10.0,5,59,fragile
297,2,9,6.0,10.0,4,61,general
298,2,10,10.0,10.0,6,59,fragile
299,2,11,14.0,10.0,4,60,fragile
300,3,12,18.0,10.0,4,67,general
301,3,13,22.0,10.0,6,67,general
302,3,14,26.0,10.0,5,54,general
303,3,15,30.0,10.0,4,68,fragile
304,4,16,2.0,10.0,4,65,fast
305,4,17,6.0,10.0,5,61,bulk
306,4,18,10.0,10.0,4,54,fast
307,4,19,14.0,10.0,4,55,general
308,5,20,18.0,10.0,6,67,general
309,5,21,22.0,10.0,6,62,general
310,5,22,26.0,10.0,4,57,fast
311,5,23,30.0,10.0,4,53,bulk
312,6,24,2.0,10.0,4,52,fast
313,6,25,6.0,10.0,6,69,bulk
314,6,26,10.0,10.0,4,68,general
315,6,27,14.0,10.0,5,59,general
316,7,28,18.0,10.0,4,63,fast
317,7,29,22.0,10.0,4,63,general
318,7,30,26.0,10.0,5,52,fast
319,7,31,30.0,10.0,6,57,bulk
320,8,32,2.0,10.0,6,60,fragile
321,8,33,6.0,10.0,5,60,fast
322,8,34,10.0,10.0,4,55,fragile
323,8,35,14.0,10.0,5,69,fast
324,9,36,18.0,10.0,4,69,general
325,9,37,22.0,10.0,4,67,fragile
326,9,38,26.0,10.0,5,66,general
327,9,39,30.0,10.0,6,63,fast
328,10,40,2.0,10.0,4,52,general
329,10,41,6.0,10.0,5,69,fast
330,10,42,10.0,10.0,4,56,fast
331,10,43,14.0,10.0,4,60,fast
332,11,44,18.0,10.0,5,59,general
333,11,45,22.0,10.0,6,64,fast
334,11,46,26.0,10.0,5,69,general
335,11,47,30.0,10.0,4,61,fragile
336,0,0,2.0,11.5,5,53,fragile
337,0,1,6.0,11.5,4,61,general
338,0,2,10.0,11.5,6,65,fast
339,0,3,14.0,11.5,5,56,general
340,1,4,18.0,11.5,5,62,general
341,1,5,22.0,11.5,4,52,general
342,1,6,26.0,11.5,4,69,general
343,1,7,30.0,11.5,5,55,general
344,2,8,2.0,11.5,5,67,general
345,2,9,6.0,11.5,5,59,general
346,2,10,10.0,11.5,6,57,general
347,2,11,14.0,11.5,6,54,general
348,3,12,18.0,11.5,4,67,fast
349,3,13,22.0,11.5,6,66,bulk
350,3,14,26.0,11.5,5,63,fragile
351,3,15,30.0,11.5,4,68,bulk
352,4,16,2.0,11.5,6,67,fragile
353,4,17,6.0,11.5,6,59,general
354,4,18,10.0,11.5,4,56,bulk
355,4,19,14.0,11.5,4,66,general
356,5,20,18.0,11.5,4,54,fragile
357,5,21,22.0,11.5,6,67,bulk
358,5,22,26.0,11.5,6,65,general
359,5,23,30.0,11.5,4,61,fast
360,6,24,2.0,11.5,5,61,bulk
361,6,25,6.0,11.5,6,68,fast
362,6,26,10.0,11.5,4,54,fast
363,6,27,14.0,11.5,6,67,general
364,7,28,18.0,11.5,4,60,fragile
365,7,29,22.0,11.5,6,53,general
366,7,30,26.0,11.5,4,68,bulk
367,7,31,30.0,11.5,6,62,general
368,8,32,2.0,11.5,6,59,general
369,8,33,6.0,11.5,4,68,bulk
370,8,34,10.0,11.5,6,68,fast
371,8,35,14.0,11.5,5,65,general
372,9,36,18.0,11.5,5,55,general
373,9,37,22.0,11.5,6,55,general
374,9,38,26.0,11.5,6,66,general
375,9,39,30.0,11.5,4,63,general
376,10,40,2.0,11.5,4,60,general
377,10,41,6.0,11.5,5,59,fragile
378,10,42,10.0,11.5,5,56,general
379,10,43,14.0,11.5,4,56,bulk
380,11,44,18.0,11.5,5,65,general
381,11,45,22.0,11.5,4,65,general
382,11,46,26.0,11.5,6,64,bulk
383,11,47,30.0,11.5,5,54,fragile
384,0,0,2.0,13.0,4,69,fast
385,0,1,6.0,13.0,5,64,general
386,0,2,10.0,13.0,6,62,bulk
387,0,3,14.0,13.0,5,59,general
388,1,4,18.0,13.0,5,69,fast
389,1,5,22.0,13.0,5,60,general
390,1,6,26.0,13.0,4,56,fragile
391,1,7,30.0,13.0,5,56,general
392,2,8,2.0,13.0,5,53,fragile
393,2,9,6.0,13.0,6,59,general
394,2,10,10.0,13.0,5,53,general
395,2,11,14.0,13.0,4,69,general
396,3,12,18.0,13.0,6,65,bulk
397,3,13,22.0,13.0,4,63,fast
398,3,14,26.0,13.0,6,64,fast
399,3,15,30.0,13.0,5,67,general
400,4,16,2.0,13.0,6,68,bulk
401,4,17,6.0,13.0,6,67,fragile
402,4,18,10.0,13.0,6,56,fast
403,4,19,14.0,13.0,5,64,fragile
404,5,20,18.0,13.0,4,60,general
405,5,21,22.0,13.0,4,54,fragile
406,5,22,26.0,13.0,6,56,fragile
407,5,23,30.0,13.0,6,65,general
408,6,24,2.0,13.0,5,59,fast
409,6,25,6.0,13.0,6,60,bulk
410,6,26,10.0,13.0,5,54,general
411,6,27,14.0,13.0,6,66,bulk
412,7,28,18.0,13.0,5,61,fragile
413,7,29,22.0,13.0,4,61,fragile
414,7,30,26.0,13.0,5,68,bulk
415,7,31,30.0,13.0,4,53,fragile
416,8,32,2.0,13.0,6,59,fragile
417,8,33,6.0,13.0,6,60,fast
418,8,34,10.0,13.0,4,65,bulk
419,8,35,14.0,13.0,6,54,general
420,9,36,18.0,13.0,4,52,general
421,9,37,22.0,13.0,4,66,general
422,9,38,26.0,13.0,4,62,fragile
423,9,39,30.0,13.0,5,60,general
424,10,40,2.0,13.0,4,56,bulk
425,10,41,6.0,13.0,4,68,general
426,10,42,10.0,13.0,6,68,fast
427,10,43,14.0,13.0,5,54,general
428,11,44,18.0,13.0,6,56,general
429,11,45,22.0,13.0,4,58,general
430,11,46,26.0,13.0,4,63,fast
431,11,47,30.0,13.0,4,54,general
432,0,0,2.0,14.5,5,58,fragile
433,0,1,6.0,14.5,4,53,general
434,0,2,10.0,14.5,5,52,general
435,0,3,14.0,14.5,6,55,general
436,1,4,18.0,14.5,5,53,general
437,1,5,22.0,14.5,5,52,fast
438,1,6,26.0,14.5,6,57,bulk
439,1,7,30.0,14.5,4,55,fast
440,2,8,2.0,14.5,4,59,fast
441,2,9,6.0,14.5,5,62,fast
442,2,10,10.0,14.5,5,69,general
443,2,11,14.0,14.5,5,59,general
444,3,12,18.0,14.5,4,68,fast
445,3,13,22.0,14.5,5,52,general
446,3,14,26.0,14.5,6,54,bulk
447,3,15,30.0,14.5,5,55,fragile
448,4,16,2.0,14.5,6,66,general
449,4,17,6.0,14.5,5,52,general
450,4,18,10.0,14.5,5,58,fragile
451,4,19,14.0,14.5,4,64,fragile
452,5,20,18.0,14.5,5,56,bulk
453,5,21,22.0,14.5,5,56,fragile
454,5,22,26.0,14.5,4,60,fast
455,5,23,30.0,14.5,6,66,general
456,6,24,2.0,14.5,4,57,general
457,6,25,6.0,14.5,5,58,general
458,6,26,10.0,14.5,4,68,fragile
459,6,27,14.0,14.5,6,64,bulk
460,7,28,18.0,14.5,5,58,fast
461,7,29,22.0,14.5,4,64,general
462,7,30,26.0,14.5,4,58,general
463,7,31,30.0,14.5,4,66,fragile
464,8,32,2.0,14.5,6,53,general
465,8,33,6.0,14.5,6,62,general
466,8,34,10.0,14.5,5,64,general
467,8,35,14.0,14.5,5,58,fast
468,9,36,18.0,14.5,5,60,general
469,9,37,22.0,14.5,5,53,general
470,9,38,26.0,14.5,5,55,bulk
471,9,39,30.0,14.5,5,52,fragile
472,10,40,2.0,14.5,5,67,general
473,10,41,6.0,14.5,4,61,fragile
474,10,42,10.0,14.5,6,54,general
475,10,43,14.0,14.5,6,67,bulk
476,11,44,18.0,14.5,6,58,fragile
477,11,45,22.0,14.5,5,56,general
478,11,46,26.0,14.5,5,67,general
479,11,47,30.0,14.5,5,67,general
480,0,0,2.0,16.0,5,69,general
481,0,1,6.0,16.0,6,58,bulk
482,0,2,10.0,16.0,4,65,fast
483,0,3,14.0,16.0,6,69,general
484,1,4,18.0,16.0,6,62,fragile
485,1,5,22.0,16.0,6,67,general
486,1,6,26.0,16.0,4,68,fast
487,1,7,30.0,16.0,5,53,fragile
488,2,8,2.0,16.0,5,67,general
489,2,9,6.0,16.0,4,63,general
490,2,10,10.0,16.0,5,63,fast
491,2,11,14.0,16.0,4,68,fast
492,3,12,18.0,16.0,4,69,general
493,3,13,22.0,16.0,5,57,fragile
494,3,14,26.0,16.0,4,58,general
495,3,15,30.0,16.0,4,61,general
496,4,16,2.0,16.0,6,52,general
497,4,17,6.0,16.0,4,66,fragile
498,4,18,10.0,16.0,4,53,general
499,4,19,14.0,16.0,4,62,general
500,5,20,18.0,16.0,5,69,fast
501,5,21,22.0,16.0,6,66,general
502,5,22,26.0,16.0,4,59,fast
503,5,23,30.0,16.0,4,54,general
504,6,24,2.0,16.0,4,57,fragile
505,6,25,6.0,16.0,4,68,fragile
506,6,26,10.0,16.0,4,57,fragile
507,6,27,14.0,16.0,6,54,fast
508,7,28,18.0,16.0,4,63,general
509,7,29,22.0,16.0,5,57,general
510,7,30,26.0,16.0,6,54,bulk
511,7,31,30.0,16.0,6,64,fast
512,8,32,2.0,16.0,4,63,fragile
513,8,33,6.0,16.0,5,58,fast
514,8,34,10.0,16.0,4,62,fast
515,8,35,14.0,16.0,6,68,fast
516,9,36,18.0,16.0,5,58,general
517,9,37,22.0,16.0,6,57,general
518,9,38,26.0,16.0,5,67,fragile
519,9,39,30.0,16.0,5,56,general
520,10,40,2.0,16.0,4,61,fragile
521,10,41,6.0,16.0,6,66,general
522,10,42,10.0,16.0,6,61,fast
523,10,43,14.0,16.0,5,64,fast
524,11,44,18.0,16.0,4,65,general
525,11,45,22.0,16.0,5,57,general
526,11,46,26.0,16.0,5,57,fast
527,11,47,30.0,16.0,6,53,general
528,0,0,2.0,17.5,4,57,fast
529,0,1,6.0,17.5,5,59,general
530,0,2,10.0,17.5,6,55,general
531,0,3,14.0,17.5,4,58,general
532,1,4,18.0,17.5,6,69,bulk
533,1,5,22.0,17.5,5,67,general
534,1,6,26.0,17.5,4,62,general
535,1,7,30.0,17.5,4,68,general
536,2,8,2.0,17.5,6,57,general
537,2,9,6.0,17.5,6,61,bulk
538,2,10,10.0,17.5,4,64,fragile
539,2,11,14.0,17.5,5,69,general
540,3,12,18.0,17.5,4,58,general
541,3,13,22.0,17.5,4,57,general
542,3,14,26.0,17.5,4,61,general
543,3,15,30.0,17.5,6,63,bulk
544,4,16,2.0,17.5,5,58,general
545,4,17,6.0,17.5,6,57,general
546,4,18,10.0,17.5,6,54,general
547,4,19,14.0,17.5,6,52,general
548,5,20,18.0,17.5,4,53,fragile
549,5,21,22.0,17.5,5,53,general
550,5,22,26.0,17.5,5,59,general
551,5,23,30.0,17.5,5,52,fast
552,6,24,2.0,17.5,4,66,fast
553,6,25,6.0,17.5,4,53,general
554,6,26,10.0,17.5,5,69,general
555,6,27,14.0,17.5,4,69,fast
556,7,28,18.0,17.5,6,69,fast
557,7,29,22.0,17.5,4,53,general
558,7,30,26.0,17.5,6,53,fast
559,7,31,30.0,17.5,5,67,general
560,8,32,2.0,17.5,5,68,general
561,8,33,6.0,17.5,6,68,fragile
562,8,34,10.0,17.5,6,68,fast
563,8,35,14.0,17.5,4,61,general
564,9,36,18.0,17.5,5,57,general
565,9,37,22.0,17.5,4,61,general
566,9,38,26.0,17.5,6,55,fast
567,9,39,30.0,17.5,6,64,general
568,10,40,2.0,17.5,4,69,bulk
569,10,41,6.0,17.5,6,56,fast
570,10,42,10.0,17.5,6,62,fragile
571,10,43,14.0,17.5,6,57,general
572,11,44,18.0,17.5,6,58,general
573,11,45,22.0,17.5,6,52,general
574,11,46,26.0,17.5,4,52,fast
575,11,47,30.0,17.5,6,55,bulk
576,0,0,2.0,19.0,4,55,general
577,0,1,6.0,19.0,5,61,general
578,0,2,10.0,19.0,6,59,general
579,0,3,14.0,19.0,6,57,fast
580,1,4,18.0,19.0,4,61,general
581,1,5,22.0,19.0,5,66,general
582,1,6,26.0,19.0,5,56,general
583,1,7,30.0,19.0,5,66,general
584,2,8,2.0,19.0,4,58,general
585,2,9,6.0,19.0,6,59,general
586,2,10,10.0,19.0,4,65,fast
587,2,11,14.0,19.0,5,64,fragile
588,3,12,18.0,19.0,4,66,fragile
589,3,13,22.0,19.0,6,66,fast
590,3,14,26.0,19.0,6,66,general
591,3,15,30.0,19.0,5,66,fragile
592,4,16,2.0,19.0,4,62,fast
593,4,17,6.0,19.0,4,69,general
594,4,18,10.0,19.0,4,59,fragile
595,4,19,14.0,19.0,4,55,fast
596,5,20,18.0,19.0,4,54,fast
597,5,21,22.0,19.0,5,62,general
598,5,22,26.0,19.0,5,59,general
599,5,23,30.0,19.0,6,60,fragile
600,6,24,2.0,19.0,6,56,general
601,6,25,6.0,19.0,6,52,general
602,6,26,10.0,19.0,5,69,fast
603,6,27,14.0,19.0,5,64,fragile
604,7,28,18.0,19.0,6,55,general
605,7,29,22.0,19.0,4,53,general
606,7,30,26.0,19.0,6,54,fragile
607,7,31,30.0,19.0,5,55,fast
608,8,32,2.0,19.0,5,63,general
609,8,33,6.0,19.0,4,65,general
610,8,34,10.0,19.0,4,56,fast
611,8,35,14.0,19.0,4,68,general
612,9,36,18.0,19.0,4,61,general
613,9,37,22.0,19.0,5,65,general
614,9,38,26.0,19.0,5,67,general
615,9,39,30.0,19.0,5,67,general
616,10,40,2.0,19.0,6,65,general
617,10,41,6.0,19.0,5,61,fast
618,10,42,10.0,19.0,4,52,general
619,10,43,14.0,19.0,4,60,general
620,11,44,18.0,19.0,5,59,general
621,11,45,22.0,19.0,4,57,fragile
622,11,46,26.0,19.0,6,58,general
623,11,47,30.0,19.0,6,53,fragile
624,0,0,2.0,20.5,6,64,general
625,0,1,6.0,20.5,5,55,fast
626,0,2,10.0,20.5,5,69,fast
627,0,3,14.0,20.5,6,56,general
628,1,4,18.0,20.5,5,59,fast
629,1,5,22.0,20.5,6,67,fast
630,1,6,26.0,20.5,4,69,fragile
631,1,7,30.0,20.5,4,52,fast
632,2,8,2.0,20.5,4,65,fast
633,2,9,6.0,20.5,5,59,bulk
634,2,10,10.0,20.5,6,63,bulk
635,2,11,14.0,20.5,5,69,bulk
636,3,12,18.0,20.5,5,68,general
637,3,13,22.0,20.5,4,68,fragile
638,3,14,26.0,20.5,4,59,fast
639,3,15,30.0,20.5,4,53,general
640,4,16,2.0,20.5,5,53,general
641,4,17,6.0,20.5,6,65,fast
642,4,18,10.0,20.5,6,59,general
643,4,19,14.0,20.5,6,67,general
644,5,20,18.0,20.5,4,61,general
645,5,21,22.0,20.5,5,55,general
646,5,22,26.0,20.5,6,62,fragile
647,5,23,30.0,20.5,6,56,fast
648,6,24,2.0,20.5,6,61,general
649,6,25,6.0,20.5,5,64,general
650,6,26,10.0,20.5,4,65,bulk
651,6,27,14.0,20.5,6,65,general
652,7,28,18.0,20.5,5,66,bulk
653,7,29,22.0,20.5,4,67,fast
654,7,30,26.0,20.5,6,61,fast
655,7,31,30.0,20.5,5,59,fast
656,8,32,2.0,20.5,4,66,fast
657,8,33,6.0,20.5,6,52,fast
658,8,34,10.0,20.5,5,63,bulk
659,8,35,14.0,20.5,6,69,fast
660,9,36,18.0,20.5,5,60,fast
661,9,37,22.0,20.5,4,56,general
662,9,38,26.0,20.5,6,66,general
663,9,39,30.0,20.5,6,65,general
664,10,40,2.0,20.5,4,58,general
665,10,41,6.0,20.5,5,68,fragile
666,10,42,10.0,20.5,5,61,general
667,10,43,14.0,20.5,6,61,fragile
668,11,44,18.0,20.5,5,61,general
669,11,45,22.0,20.5,6,61,general
670,11,46,26.0,20.5,6,65,general
671,11,47,30.0,20.5,5,56,fragile
672,0,0,2.0,22.0,6,60,fragile
673,0,1,6.0,22.0,6,53,fast
674,0,2,10.0,22.0,6,67,fragile
675,0,3,14.0,22.0,5,53,fast
676,1,4,18.0,22.0,6,60,bulk
677,1,5,22.0,22.0,6,65,bulk
678,1,6,26.0,22.0,6,60,bulk
679,1,7,30.0,22.0,6,55,fast
680,2,8,2.0,22.0,5,53,general
681,2,9,6.0,22.0,6,60,fast
682,2,10,10.0,22.0,5,53,bulk
683,2,11,14.0,22.0,6,61,general
684,3,12,18.0,22.0,6,57,fast
685,3,13,22.0,22.0,4,68,general
686,3,14,26.0,22.0,4,57,general
687,3,15,30.0,22.0,5,61,general
688,4,16,2.0,22.0,4,63,fragile
689,4,17,6.0,22.0,6,63,fast
690,4,18,10.0,22.0,6,56,general
691,4,19,14.0,22.0,5,66,fragile
692,5,20,18.0,22.0,6,54,bulk
693,5,21,22.0,22.0,5,57,general
694,5,22,26.0,22.0,5,57,fragile
695,5,23,30.0,22.0,4,64,fragile
696,6,24,2.0,22.0,5,60,general
697,6,25,6.0,22.0,4,53,general
698,6,26,10.0,22.0,5,65,fast
699,6,27,14.0,22.0,6,53,general
700,7,28,18.0,22.0,6,55,bulk
701,7,29,22.0,22.0,4,69,general
702,7,30,26.0,22.0,6,69,general
703,7,31,30.0,22.0,6,57,general
704,8,32,2.0,22.0,4,57,general
705,8,33,6.0,22.0,4,60,bulk
706,8,34,10.0,22.0,5,65,fragile
707,8,35,14.0,22.0,5,54,fragile
708,9,36,18.0,22.0,5,66,fast
709,9,37,22.0,22.0,4,57,fragile
710,9,38,26.0,22.0,4,68,fast
711,9,39,30.0,22.0,5,68,general
712,10,40,2.0,22.0,5,52,bulk
713,10,41,6.0,22.0,4,68,general
714,10,42,10.0,22.0,5,53,fragile
715,10,43,14.0,22.0,5,63,fast
716,11,44,18.0,22.0,5,68,general
717,11,45,22.0,22.0,4,55,general
718,11,46,26.0,22.0,4,52,general
719,11,47,30.0,22.0,5,69,general
720,0,0,2.0,23.5,5,59,fast
721,0,1,6.0,23.5,5,66,general
722,0,2,10.0,23.5,4,61,general
723,0,3,14.0,23.5,4,53,general
724,1,4,18.0,23.5,4,60,fragile
725,1,5,22.0,23.5,6,64,fast
726,1,6,26.0,23.5,6,56,general
727,1,7,30.0,23.5,6,59,fast
728,2,8,2.0,23.5,5,61,general
729,2,9,6.0,23.5,6,52,fragile
730,2,10,10.0,23.5,5,62,fragile
731,2,11,14.0,23.5,5,56,fragile
732,3,12,18.0,23.5,5,69,general
733,3,13,22.0,23.5,6,61,fragile
734,3,14,26.0,23.5,5,62,fast
735,3,15,30.0,23.5,4,62,bulk
736,4,16,2.0,23.5,4,65,fragile
737,4,17,6.0,23.5,6,69,fragile
738,4,18,10.0,23.5,5,60,fast
739,4,19,14.0,23.5,4,60,general
740,5,20,18.0,23.5,6,65,general
741,5,21,22.0,23.5,5,58,bulk
742,5,22,26.0,23.5,4,57,fragile
743,5,23,30.0,23.5,4,67,general
744,6,24,2.0,23.5,6,69,fragile
745,6,25,6.0,23.5,6,61,fast
746,6,26,10.0,23.5,5,67,fast
747,6,27,14.0,23.5,5,61,general
748,7,28,18.0,23.5,4,63,general
749,7,29,22.0,23.5,6,55,bulk
750,7,30,26.0,23.5,6,52,fragile
751,7,31,30.0,23.5,4,66,general
752,8,32,2.0,23.5,4,61,general
753,8,33,6.0,23.5,6,66,general
754,8,34,10.0,23.5,4,62,fast
755,8,35,14.0,23.5,5,62,fast
756,9,36,18.0,23.5,6,52,fragile
757,9,37,22.0,23.5,4,58,fragile
758,9,38,26.0,23.5,6,68,bulk
759,9,39,30.0,23.5,5,62,general
760,10,40,2.0,23.5,4,65,bulk
761,10,41,6.0,23.5,4,66,bulk
762,10,42,10.0,23.5,4,61,general
763,10,43,14.0,23.5,5,64,fast
764,11,44,18.0,23.5,6,67,general
765,11,45,22.0,23.5,5,68,fast
766,11,46,26.0,23.5,4,54,general
767,11,47,30.0,23.5,4,59,fast
768,0,0,2.0,25.0,4,68,general
769,0,1,6.0,25.0,5,63,general
770,0,2,10.0,25.0,5,55,fast
771,0,3,14.0,25.0,4,62,fast
772,1,4,18.0,25.0,5,52,general
773,1,5,22.0,25.0,4,63,fragile
774,1,6,26.0,25.0,4,55,general
775,1,7,30.0,25.0,6,60,fragile
776,2,8,2.0,25.0,5,63,general
777,2,9,6.0,25.0,5,62,bulk
778,2,10,10.0,25.0,5,63,bulk
779,2,11,14.0,25.0,4,59,fast
780,3,12,18.0,25.0,5,53,bulk
781,3,13,22.0,25.0,6,61,general
782,3,14,26.0,25.0,4,53,fragile
783,3,15,30.0,25.0,5,56,fast
784,4,16,2.0,25.0,4,65,general
785,4,17,6.0,25.0,5,68,fast
786,4,18,10.0,25.0,6,58,general
787,4,19,14.0,25.0,5,57,fast
788,5,20,18.0,25.0,4,60,fast
789,5,21,22.0,25.0,5,67,general
790,5,22,26.0,25.0,4,69,fast
791,5,23,30.0,25.0,6,66,fragile
792,6,24,2.0,25.0,4,62,fast
793,6,25,6.0,25.0,4,64,general
794,6,26,10.0,25.0,5,52,fast
795,6,27,14.0,25.0,6,63,fragile
796,7,28,18.0,25.0,5,52,general
797,7,29,22.0,25.0,5,66,fast
798,7,30,26.0,25.0,6,66,bulk
799,7,31,30.0,25.0,5,65,general
800,8,32,2.0,25.0,6,56,fragile
801,8,33,6.0,25.0,4,61,fragile
802,8,34,10.0,25.0,5,63,general
803,8,35,14.0,25.0,4,52,fragile
804,9,36,18.0,25.0,5,61,general
805,9,37,22.0,25.0,5,60,general
806,9,38,26.0,25.0,6,56,fast
807,9,39,30.0,25.0,4,57,general
808,10,40,2.0,25.0,5,62,bulk
809,10,41,6.0,25.0,4,69,bulk
810,10,42,10.0,25.0,5,57,general
811,10,43,14.0,25.0,5,58,fast
812,11,44,18.0,25.0,4,52,fast
813,11,45,22.0,25.0,4,64,fragile
814,11,46,26.0,25.0,6,60,general
815,11,47,30.0,25.0,6,56,bulk
816,0,0,2.0,26.5,5,68,general
817,0,1,6.0,26.5,4,69,fragile
818,0,2,10.0,26.5,5,67,general
819,0,3,14.0,26.5,6,69,bulk
820,1,4,18.0,26.5,6,56,general
821,1,5,22.0,26.5,4,62,fast
822,1,6,26.0,26.5,5,67,general
823,1,7,30.0,26.5,6,69,fast
824,2,8,2.0,26.5,4,58,general
825,2,9,6.0,26.5,6,59,fragile
826,2,10,10.0,26.5,5,65,bulk
827,2,11,14.0,26.5,6,52,fragile
828,3,12,18.0,26.5,5,57,general
829,3,13,22.0,26.5,5,68,fragile
830,3,14,26.0,26.5,5,54,fast
831,3,15,30.0,26.5,4,56,general
832,4,16,2.0,26.5,6,69,general
833,4,17,6.0,26.5,6,61,general
834,4,18,10.0,26.5,6,62,general
835,4,19,14.0,26.5,5,68,general
836,5,20,18.0,26.5,6,62,fragile
837,5,21,22.0,26.5,4,56,general
838,5,22,26.0,26.5,5,64,fragile
839,5,23,30.0,26.5,5,61,fragile
840,6,24,2.0,26.5,5,63,bulk
841,6,25,6.0,26.5,4,61,general
842,6,26,10.0,26.5,4,57,bulk
843,6,27,14.0,26.5,5,61,fast
844,7,28,18.0,26.5,6,69,fragile
845,7,29,22.0,26.5,5,63,fast
846,7,30,26.0,26.5,4,64,general
847,7,31,30.0,26.5,6,59,general
848,8,32,2.0,26.5,6,53,fast
849,8,33,6.0,26.5,4,60,general
850,8,34,10.0,26.5,6,54,bulk
851,8,35,14.0,26.5,4,64,fast
852,9,36,18.0,26.5,5,68,bulk
853,9,37,22.0,26.5,4,68,fragile
854,9,38,26.0,26.5,6,62,bulk
855,9,39,30.0,26.5,4,68,fast
856,10,40,2.0,26.5,4,58,fragile
857,10,41,6.0,26.5,6,58,general
858,10,42,10.0,26.5,4,64,fast
859,10,43,14.0,26.5,6,57,general
860,11,44,18.0,26.5,6,64,general
861,11,45,22.0,26.5,5,61,general
862,11,46,26.0,26.5,6,63,general
863,11,47,30.0,26.5,4,66,fast
864,0,0,2.0,28.0,4,53,general
865,0,1,6.0,28.0,4,65,general
866,0,2,10.0,28.0,4,66,bulk
867,0,3,14.0,28.0,6,54,fast
868,1,4,18.0,28.0,5,67,general
869,1,5,22.0,28.0,4,69,general
870,1,6,26.0,28.0,4,61,fast
871,1,7,30.0,28.0,4,59,fragile
872,2,8,2.0,28.0,6,68,general
873,2,9,6.0,28.0,6,56,fast
874,2,10,10.0,28.0,4,69,fast
875,2,11,14.0,28.0,4,62,fragile
876,3,12,18.0,28.0,5,67,general
877,3,13,22.0,28.0,5,58,general
878,3,14,26.0,28.0,4,57,general
879,3,15,30.0,28.0,5,65,fast
880,4,16,2.0,28.0,5,63,general
881,4,17,6.0,28.0,6,65,fast
882,4,18,10.0,28.0,5,59,bulk
883,4,19,14.0,28.0,5,67,general
884,5,20,18.0,28.0,5,65,bulk
885,5,21,22.0,28.0,6,66,fast
886,5,22,26.0,28.0,4,60,fragile
887,5,23,30.0,28.0,5,69,general
888,6,24,2.0,28.0,6,52,fragile
889,6,25,6.0,28.0,4,56,general
890,6,26,10.0,28.0,6,59,bulk
891,6,27,14.0,28.0,4,61,fragile
892,7,28,18.0,28.0,4,54,general
893,7,29,22.0,28.0,6,59,fragile
894,7,30,26.0,28.0,6,68,bulk
895,7,31,30.0,28.0,4,66,fragile
896,8,32,2.0,28.0,6,52,general
897,8,33,6.0,28.0,5,64,fast
898,8,34,10.0,28.0,4,55,bulk
899,8,35,14.0,28.0,5,60,fragile
900,9,36,18.0,28.0,5,56,fragile
901,9,37,22.0,28.0,6,64,general
902,9,38,26.0,28.0,4,60,fast
903,9,39,30.0,28.0,4,60,general
904,10,40,2.0,28.0,6,62,fragile
905,10,41,6.0,28.0,4,68,general
906,10,42,10.0,28.0,4,63,fragile
907,10,43,14.0,28.0,5,60,general
908,11,44,18.0,28.0,4,66,general
909,11,45,22.0,28.0,4,58,fragile
910,11,46,26.0,28.0,5,52,general
911,11,47,30.0,28.0,4,60,general
912,0,0,2.0,29.5,5,60,fast
913,0,1,6.0,29.5,6,59,general
914,0,2,10.0,29.5,6,62,fragile
915,0,3,14.0,29.5,6,60,fast
916,1,4,18.0,29.5,5,56,bulk
917,1,5,22.0,29.5,4,65,general
918,1,6,26.0,29.5,6,69,fast
919,1,7,30.0,29.5,4,59,fragile
920,2,8,2.0,29.5,6,54,fast
921,2,9,6.0,29.5,6,61,fast
922,2,10,10.0,29.5,5,69,general
923,2,11,14.0,29.5,5,53,fast
924,3,12,18.0,29.5,6,56,general
925,3,13,22.0,29.5,6,65,fragile
926,3,14,26.0,29.5,4,56,fragile
927,3,15,30.0,29.5,5,69,bulk
928,4,16,2.0,29.5,5,62,bulk
929,4,17,6.0,29.5,4,64,general
930,4,18,10.0,29.5,6,68,fast
931,4,19,14.0,29.5,4,67,general
932,5,20,18.0,29.5,5,68,general
933,5,21,22.0,29.5,5,57,fragile
934,5,22,26.0,29.5,4,58,general
935,5,23,30.0,29.5,6,68,fast
936,6,24,2.0,29.5,5,59,fast
937,6,25,6.0,29.5,4,53,general
938,6,26,10.0,29.5,4,59,general
939,6,27,14.0,29.5,5,69,general
940,7,28,18.0,29.5,6,55,general
941,7,29,22.0,29.5,5,68,fast
942,7,30,26.0,29.5,5,59,general
943,7,31,30.0,29.5,6,69,bulk
944,8,32,2.0,29.5,6,53,general
945,8,33,6.0,29.5,4,58,fast
946,8,34,10.0,29.5,6,53,fragile
947,8,35,14.0,29.5,6,52,general
948,9,36,18.0,29.5,6,63,general
949,9,37,22.0,29.5,4,65,general
950,9,38,26.0,29.5,6,62,fast
951,9,39,30.0,29.5,6,54,general
952,10,40,2.0,29.5,4,58,fragile
953,10,41,6.0,29.5,6,65,general
954,10,42,10.0,29.5,6,55,general
955,10,43,14.0,29.5,6,58,fragile
956,11,44,18.0,29.5,6,68,fast
957,11,45,22.0,29.5,4,54,fragile
958,11,46,26.0,29.5,5,52,general
959,11,47,30.0,29.5,6,57,general
960,0,0,2.0,31.0,4,65,fast
961,0,1,6.0,31.0,4,53,general
962,0,2,10.0,31.0,4,57,bulk
963,0,3,14.0,31.0,5,60,general
964,1,4,18.0,31.0,4,60,bulk
965,1,5,22.0,31.0,4,57,general
966,1,6,26.0,31.0,6,66,general
967,1,7,30.0,31.0,5,56,general
968,2,8,2.0,31.0,6,69,general
969,2,9,6.0,31.0,4,52,bulk
970,2,10,10.0,31.0,4,66,fast
971,2,11,14.0,31.0,6,65,general
972,3,12,18.0,31.0,6,53,bulk
973,3,13,22.0,31.0,4,66,fragile
974,3,14,26.0,31.0,4,62,fast
975,3,15,30.0,31.0,5,61,general
976,4,16,2.0,31.0,5,65,general
977,4,17,6.0,31.0,6,62,bulk
978,4,18,10.0,31.0,4,64,general
979,4,19,14.0,31.0,4,65,general
980,5,20,18.0,31.0,4,55,general
981,5,21,22.0,31.0,5,69,bulk
982,5,22,26.0,31.0,5,55,general
983,5,23,30.0,31.0,5,66,general
984,6,24,2.0,31.0,4,66,fast
985,6,25,6.0,31.0,6,61,general
986,6,26,10.0,31.0,6,58,general
987,6,27,14.0,31.0,6,69,bulk
988,7,28,18.0,31.0,6,58,fragile
989,7,29,22.0,31.0,6,63,general
990,7,30,26.0,31.0,4,65,fragile
991,7,31,30.0,31.0,6,58,general
992,8,32,2.0,31.0,5,62,general
993,8,33,6.0,31.0,5,64,fast
994,8,34,10.0,31.0,4,62,general
995,8,35,14.0,31.0,5,64,bulk
996,9,36,18.0,31.0,5,64,fast
997,9,37,22.0,31.0,4,69,general
998,9,38,26.0,31.0,5,52,general
999,9,39,30.0,31.0,4,61,fast
1000,10,40,2.0,31.0,5,63,fast
1001,10,41,6.0,31.0,6,60,fragile
1002,10,42,10.0,31.0,6,55,fragile
1003,10,43,14.0,31.0,4,52,fast
1004,11,44,18.0,31.0,5,61,general
1005,11,45,22.0,31.0,6,61,general
1006,11,46,26.0,31.0,6,59,general
1007,11,47,30.0,31.0,4,56,bulk
1008,0,0,2.0,32.5,4,68,general
1009,0,1,6.0,32.5,4,66,fast
1010,0,2,10.0,32.5,6,58,general
1011,0,3,14.0,32.5,4,68,fast
1012,1,4,18.0,32.5,5,55,general
1013,1,5,22.0,32.5,5,67,bulk
1014,1,6,26.0,32.5,4,56,bulk
1015,1,7,30.0,32.5,4,53,general
1016,2,8,2.0,32.5,5,55,general
1017,2,9,6.0,32.5,5,63,general
1018,2,10,10.0,32.5,4,52,fragile
1019,2,11,14.0,32.5,6,63,general
1020,3,12,18.0,32.5,4,59,general
1021,3,13,22.0,32.5,5,56,fast
1022,3,14,26.0,32.5,4,59,fragile
1023,3,15,30.0,32.5,5,61,fragile
1024,4,16,2.0,32.5,4,65,fragile
1025,4,17,6.0,32.5,6,62,fast
1026,4,18,10.0,32.5,4,61,general
1027,4,19,14.0,32.5,4,56,fast
1028,5,20,18.0,32.5,6,65,fast
1029,5,21,22.0,32.5,5,59,general
1030,5,22,26.0,32.5,6,60,fragile
1031,5,23,30.0,32.5,6,67,fast
1032,6,24,2.0,32.5,6,56,general
1033,6,25,6.0,32.5,5,55,fragile
1034,6,26,10.0,32.5,4,54,fast
1035,6,27,14.0,32.5,5,69,fast
1036,7,28,18.0,32.5,6,63,general
1037,7,29,22.0,32.5,5,63,general
1038,7,30,26.0,32.5,5,54,general
1039,7,31,30.0,32.5,4,69,general
1040,8,32,2.0,32.5,5,65,general
1041,8,33,6.0,32.5,6,61,bulk
1042,8,34,10.0,32.5,6,59,general
1043,8,35,14.0,32.5,6,65,general
1044,9,36,18.0,32.5,5,59,fast
1045,9,37,22.0,32.5,6,66,fragile
1046,9,38,26.0,32.5,4,59,general
1047,9,39,30.0,32.5,5,57,bulk
1048,10,40,2.0,32.5,4,54,general
1049,10,41,6.0,32.5,5,68,general
1050,10,42,10.0,32.5,6,67,bulk
1051,10,43,14.0,32.5,6,54,fast
1052,11,44,18.0,32.5,5,55,fragile
1053,11,45,22.0,32.5,6,65,general
1054,11,46,26.0,32.5,5,58,bulk
1055,11,47,30.0,32.5,6,61,general
1056,0,0,2.0,34.0,4,57,fragile
1057,0,1,6.0,34.0,4,68,general
1058,0,2,10.0,34.0,5,67,general
1059,0,3,14.0,34.0,6,61,general
1060,1,4,18.0,34.0,4,65,general
1061,1,5,22.0,34.0,6,65,fragile
1062,1,6,26.0,34.0,5,59,general
1063,1,7,30.0,34.0,6,58,fast
1064,2,8,2.0,34.0,6,55,bulk
1065,2,9,6.0,34.0,4,58,fast
1066,2,10,10.0,34.0,6,54,general
1067,2,11,14.0,34.0,6,64,general
1068,3,12,18.0,34.0,4,62,general
1069,3,13,22.0,34.0,6,56,fast
1070,3,14,26.0,34.0,4,67,fast
1071,3,15,30.0,34.0,4,57,general
1072,4,16,2.0,34.0,4,52,general
1073,4,17,6.0,34.0,5,61,general
1074,4,18,10.0,34.0,6,66,fragile
1075,4,19,14.0,34.0,4,65,general
1076,5,20,18.0,34.0,4,60,general
1077,5,21,22.0,34.0,6,63,general
1078,5,22,26.0,34.0,4,55,fast
1079,5,23,30.0,34.0,5,55,general
1080,6,24,2.0,34.0,5,56,bulk
1081,6,25,6.0,34.0,5,68,general
1082,6,26,10.0,34.0,4,53,fast
1083,6,27,14.0,34.0,6,59,fragile
1084,7,28,18.0,34.0,4,55,fast
1085,7,29,22.0,34.0,6,54,bulk
1086,7,30,26.0,34.0,5,65,fragile
1087,7,31,30.0,34.0,4,65,fast
1088,8,32,2.0,34.0,6,59,general
1089,8,33,6.0,34.0,6,65,general
1090,8,34,10.0,34.0,4,60,general
1091,8,35,14.0,34.0,5,52,bulk
1092,9,36,18.0,34.0,4,60,fragile
1093,9,37,22.0,34.0,4,66,general
1094,9,38,26.0,34.0,4,56,fast
1095,9,39,30.0,34.0,5,60,general
1096,10,40,2.0,34.0,6,69,general
1097,10,41,6.0,34.0,5,57,fragile
1098,10,42,10.0,34.0,5,61,fragile
1099,10,43,14.0,34.0,6,63,general
1100,11,44,18.0,34.0,4,54,general
1101,11,45,22.0,34.0,6,61,general
1102,11,46,26.0,34.0,4,60,general
1103,11,47,30.0,34.0,4,64,general
1104,0,0,2.0,35.5,4,64,general
1105,0,1,6.0,35.5,5,69,fast
1106,0,2,10.0,35.5,6,69,fragile
1107,0,3,14.0,35.5,6,55,general
1108,1,4,18.0,35.5,4,66,general
1109,1,5,22.0,35.5,5,56,fragile
1110,1,6,26.0,35.5,6,66,bulk
1111,1,7,30.0,35.5,6,65,bulk
1112,2,8,2.0,35.5,4,68,general
1113,2,9,6.0,35.5,5,65,fast
1114,2,10,10.0,35.5,5,54,general
1115,2,11,14.0,35.5,4,54,bulk
1116,3,12,18.0,35.5,6,66,fast
1117,3,13,22.0,35.5,5,57,bulk
1118,3,14,26.0,35.5,5,65,fast
1119,3,15,30.0,35.5,5,62,fast
1120,4,16,2.0,35.5,4,69,fragile
1121,4,17,6.0,35.5,6,68,general
1122,4,18,10.0,35.5,5,61,general
1123,4,19,14.0,35.5,5,66,fast
1124,5,20,18.0,35.5,5,53,fast
1125,5,21,22.0,35.5,4,69,fast
1126,5,22,26.0,35.5,5,57,general
1127,5,23,30.0,35.5,6,60,bulk
1128,6,24,2.0,35.5,6,67,fast
1129,6,25,6.0,35.5,5,66,general
1130,6,26,10.0,35.5,6,52,fragile
1131,6,27,14.0,35.5,5,68,general
1132,7,28,18.0,35.5,4,63,general
1133,7,29,22.0,35.5,6,59,fast
1134,7,30,26.0,35.5,6,54,general
1135,7,31,30.0,35.5,6,68,fragile
1136,8,32,2.0,35.5,4,68,general
1137,8,33,6.0,35.5,6,58,fast
1138,8,34,10.0,35.5,4,60,bulk
1139,8,35,14.0,35.5,6,60,fast
1140,9,36,18.0,35.5,4,60,fast
1141,9,37,22.0,35.5,6,56,general
1142,9,38,26.0,35.5,5,53,general
1143,9,39,30.0,35.5,6,53,bulk
1144,10,40,2.0,35.5,6,69,fast
1145,10,41,6.0,35.5,5,62,general
1146,10,42,10.0,35.5,5,63,general
1147,10,43,14.0,35.5,5,66,fast
1148,11,44,18.0,35.5,5,63,general
1149,11,45,22.0,35.5,4,67,bulk
1150,11,46,26.0,35.5,5,65,fragile
1151,11,47,30.0,35.5,4,67,fragile
1152,0,0,2.0,37.0,4,52,fragile
1153,0,1,6.0,37.0,5,53,fast
1154,0,2,10.0,37.0,5,63,fast
1155,0,3,14.0,37.0,4,66,fragile
1156,1,4,18.0,37.0,6,53,general
1157,1,5,22.0,37.0,4,65,bulk
1158,1,6,26.0,37.0,5,58,general
1159,1,7,30.0,37.0,6,68,fast
1160,2,8,2.0,37.0,4,63,general
1161,2,9,6.0,37.0,6,54,general
1162,2,10,10.0,37.0,5,63,general
1163,2,11,14.0,37.0,4,59,fragile
1164,3,12,18.0,37.0,6,69,general
1165,3,13,22.0,37.0,4,56,general
1166,3,14,26.0,37.0,4,63,general
1167,3,15,30.0,37.0,5,53,fast
1168,4,16,2.0,37.0,4,64,fast
1169,4,17,6.0,37.0,5,63,fragile
1170,4,18,10.0,37.0,4,63,bulk
1171,4,19,14.0,37.0,5,63,general
1172,5,20,18.0,37.0,6,63,fast
1173,5,21,22.0,37.0,4,67,general
1174,5,22,26.0,37.0,5,57,general
1175,5,23,30.0,37.0,6,69,general
1176,6,24,2.0,37.0,4,56,fragile
1177,6,25,6.0,37.0,4,57,fragile
1178,6,26,10.0,37.0,5,54,general
1179,6,27,14.0,37.0,5,54,general
1180,7,28,18.0,37.0,4,66,bulk
1181,7,29,22.0,37.0,5,61,general
1182,7,30,26.0,37.0,6,60,general
1183,7,31,30.0,37.0,5,69,general
1184,8,32,2.0,37.0,4,66,general
1185,8,33,6.0,37.0,6,69,fast
1186,8,34,10.0,37.0,4,54,general
1187,8,35,14.0,37.0,4,57,fragile
1188,9,36,18.0,37.0,6,53,general
1189,9,37,22.0,37.0,4,56,general
1190,9,38,26.0,37.0,6,59,fast
1191,9,39,30.0,37.0,4,61,general
1192,10,40,2.0,37.0,4,55,general
1193,10,41,6.0,37.0,6,67,general
1194,10,42,10.0,37.0,5,63,general
1195,10,43,14.0,37.0,5,66,general
1196,11,44,18.0,37.0,4,66,fast
1197,11,45,22.0,37.0,6,57,general
1198,11,46,26.0,37.0,5,64,general
1199,11,47,30.0,37.0,4,59,fast
1200,0,0,2.0,38.5,6,65,fragile
1201,0,1,6.0,38.5,5,57,fragile
1202,0,2,10.0,38.5,4,58,bulk
1203,0,3,14.0,38.5,6,69,bulk
1204,1,4,18.0,38.5,5,62,general
1205,1,5,22.0,38.5,5,52,bulk
1206,1,6,26.0,38.5,6,66,fragile
1207,1,7,30.0,38.5,5,58,general
1208,2,8,2.0,38.5,4,53,fast
1209,2,9,6.0,38.5,6,69,fragile
1210,2,10,10.0,38.5,4,65,general
1211,2,11,14.0,38.5,5,63,general
1212,3,12,18.0,38.5,5,52,bulk
1213,3,13,22.0,38.5,6,54,general
1214,3,14,26.0,38.5,4,57,fast
1215,3,15,30.0,38.5,4,52,fast
1216,4,16,2.0,38.5,5,53,bulk
1217,4,17,6.0,38.5,5,68,general
1218,4,18,10.0,38.5,4,63,bulk
1219,4,19,14.0,38.5,5,63,general
1220,5,20,18.0,38.5,4,68,general
1221,5,21,22.0,38.5,6,69,bulk
1222,5,22,26.0,38.5,6,64,fragile
1223,5,23,30.0,38.5,4,67,fast
1224,6,24,2.0,38.5,5,58,fast
1225,6,25,6.0,38.5,6,54,general
1226,6,26,10.0,38.5,5,59,fast
1227,6,27,14.0,38.5,6,58,general
1228,7,28,18.0,38.5,6,61,bulk
1229,7,29,22.0,38.5,6,62,fragile
1230,7,30,26.0,38.5,5,57,fast
1231,7,31,30.0,38.5,5,57,general
1232,8,32,2.0,38.5,4,67,general
1233,8,33,6.0,38.5,5,58,general
1234,8,34,10.0,38.5,6,60,general
1235,8,35,14.0,38.5,6,69,general
1236,9,36,18.0,38.5,5,54,general
1237,9,37,22.0,38.5,4,64,general
1238,9,38,26.0,38.5,6,64,fast
1239,9,39,30.0,38.5,4,68,general
1240,10,40,2.0,38.5,4,61,general
1241,10,41,6.0,38.5,6,57,fast
1242,10,42,10.0,38.5,6,66,fragile
1243,10,43,14.0,38.5,6,68,general
1244,11,44,18.0,38.5,6,52,fragile
1245,11,45,22.0,38.5,6,57,fragile
1246,11,46,26.0,38.5,4,69,fragile
1247,11,47,30.0,38.5,5,63,fragile
1248,0,0,2.0,40.0,5,65,general
1249,0,1,6.0,40.0,6,64,bulk
1250,0,2,10.0,40.0,5,52,general
1251,0,3,14.0,40.0,6,55,fragile
1252,1,4,18.0,40.0,4,61,bulk
1253,1,5,22.0,40.0,4,61,fast
1254,1,6,26.0,40.0,6,61,general
1255,1,7,30.0,40.0,6,69,fragile
1256,2,8,2.0,40.0,4,60,general
1257,2,9,6.0,40.0,6,65,fragile
1258,2,10,10.0,40.0,6,64,general
1259,2,11,14.0,40.0,5,56,general
1260,3,12,18.0,40.0,5,64,general
1261,3,13,22.0,40.0,4,55,bulk
1262,3,14,26.0,40.0,4,59,general
1263,3,15,30.0,40.0,5,52,bulk
1264,4,16,2.0,40.0,6,53,general
1265,4,17,6.0,40.0,6,67,bulk
1266,4,18,10.0,40.0,4,53,general
1267,4,19,14.0,40.0,5,54,fast
1268,5,20,18.0,40.0,4,53,fast
1269,5,21,22.0,40.0,6,53,fast
1270,5,22,26.0,40.0,5,61,fast
1271,5,23,30.0,40.0,6,56,bulk
1272,6,24,2.0,40.0,5,67,fragile
1273,6,25,6.0,40.0,6,52,bulk
1274,6,26,10.0,40.0,4,65,general
1275,6,27,14.0,40.0,6,56,fast
1276,7,28,18.0,40.0,5,60,fragile
1277,7,29,22.0,40.0,4,52,fast
1278,7,30,26.0,40.0,5,65,fast
1279,7,31,30.0,40.0,5,58,general
1280,8,32,2.0,40.0,4,67,general
1281,8,33,6.0,40.0,6,66,general
1282,8,34,10.0,40.0,6,68,general
1283,8,35,14.0,40.0,5,66,general
1284,9,36,18.0,40.0,4,54,bulk
1285,9,37,22.0,40.0,4,63,fragile
1286,9,38,26.0,40.0,6,63,fast
1287,9,39,30.0,40.0,4,55,fragile
1288,10,40,2.0,40.0,5,59,general
1289,10,41,6.0,40.0,4,69,fast
1290,10,42,10.0,40.0,4,54,fragile
1291,10,43,14.0,40.0,5,62,general
1292,11,44,18.0,40.0,4,69,fast
1293,11,45,22.0,40.0,6,53,fast
1294,11,46,26.0,40.0,6,65,bulk
1295,11,47,30.0,40.0,5,64,fast
1296,0,0,2.0,41.5,6,68,general
1297,0,1,6.0,41.5,6,69,general
1298,0,2,10.0,41.5,5,61,general
1299,0,3,14.0,41.5,4,68,fragile
1300,1,4,18.0,41.5,4,61,general
1301,1,5,22.0,41.5,6,57,fragile
1302,1,6,26.0,41.5,5,65,general
1303,1,7,30.0,41.5,6,54,fast
1304,2,8,2.0,41.5,5,55,fast
1305,2,9,6.0,41.5,5,68,general
1306,2,10,10.0,41.5,6,58,general
1307,2,11,14.0,41.5,5,61,general
1308,3,12,18.0,41.5,5,55,fragile
1309,3,13,22.0,41.5,6,67,fast
1310,3,14,26.0,41.5,4,53,general
1311,3,15,30.0,41.5,4,65,fast
1312,4,16,2.0,41.5,6,65,fast
1313,4,17,6.0,41.5,6,64,general
1314,4,18,10.0,41.5,6,64,bulk
1315,4,19,14.0,41.5,6,68,general
1316,5,20,18.0,41.5,4,59,general
1317,5,21,22.0,41.5,6,68,fast
1318,5,22,26.0,41.5,4,57,general
1319,5,23,30.0,41.5,6,69,general
1320,6,24,2.0,41.5,6,52,general
1321,6,25,6.0,41.5,5,56,general
1322,6,26,10.0,41.5,5,61,fast
1323,6,27,14.0,41.5,6,66,general
1324,7,28,18.0,41.5,5,66,general
1325,7,29,22.0,41.5,5,52,bulk
1326,7,30,26.0,41.5,4,55,bulk
1327,7,31,30.0,41.5,4,68,fast
1328,8,32,2.0,41.5,4,54,fast
1329,8,33,6.0,41.5,6,63,fast
1330,8,34,10.0,41.5,6,62,fast
1331,8,35,14.0,41.5,4,63,general
1332,9,36,18.0,41.5,5,57,general
1333,9,37,22.0,41.5,4,53,general
1334,9,38,26.0,41.5,5,64,fast
1335,9,39,30.0,41.5,6,58,general
1336,10,40,2.0,41.5,5,68,general
1337,10,41,6.0,41.5,6,54,general
1338,10,42,10.0,41.5,4,55,general
1339,10,43,14.0,41.5,4,68,general
1340,11,44,18.0,41.5,6,54,fast
1341,11,45,22.0,41.5,6,63,bulk
1342,11,46,26.0,41.5,5,66,bulk
1343,11,47,30.0,41.5,6,53,general
1344,0,0,2.0,43.0,5,65,fast
1345,0,1,6.0,43.0,6,59,general
1346,0,2,10.0,43.0,4,59,general
1347,0,3,14.0,43.0,5,53,bulk
1348,1,4,18.0,43.0,6,52,fast
1349,1,5,22.0,43.0,5,64,fast
1350,1,6,26.0,43.0,4,69,fast
1351,1,7,30.0,43.0,4,64,fragile
1352,2,8,2.0,43.0,5,69,general
1353,2,9,6.0,43.0,5,52,general
1354,2,10,10.0,43.0,5,57,general
1355,2,11,14.0,43.0,5,59,general
1356,3,12,18.0,43.0,6,63,fast
1357,3,13,22.0,43.0,4,53,fragile
1358,3,14,26.0,43.0,6,68,general
1359,3,15,30.0,43.0,4,64,fast
1360,4,16,2.0,43.0,5,65,general
1361,4,17,6.0,43.0,4,58,general
1362,4,18,10.0,43.0,6,59,general
1363,4,19,14.0,43.0,5,56,general
1364,5,20,18.0,43.0,6,53,fast
1365,5,21,22.0,43.0,6,54,general
1366,5,22,26.0,43.0,5,67,fast
1367,5,23,30.0,43.0,5,66,general
1368,6,24,2.0,43.0,5,58,fast
1369,6,25,6.0,43.0,5,69,general
1370,6,26,10.0,43.0,6,55,general
1371,6,27,14.0,43.0,6,56,fragile
1372,7,28,18.0,43.0,5,52,fast
1373,7,29,22.0,43.0,6,67,bulk
1374,7,30,26.0,43.0,4,61,general
1375,7,31,30.0,43.0,5,61,fast
1376,8,32,2.0,43.0,6,59,fast
1377,8,33,6.0,43.0,5,63,general
1378,8,34,10.0,43.0,5,61,fragile
1379,8,35,14.0,43.0,6,66,fragile
1380,9,36,18.0,43.0,4,61,fragile
1381,9,37,22.0,43.0,4,54,general
1382,9,38,26.0,43.0,5,57,fragile
1383,9,39,30.0,43.0,5,53,general
1384,10,40,2.0,43.0,5,56,fast
1385,10,41,6.0,43.0,6,56,general
1386,10,42,10.0,43.0,5,62,fragile
1387,10,43,14.0,43.0,5,66,fast
1388,11,44,18.0,43.0,4,58,general
1389,11,45,22.0,43.0,6,55,fragile
1390,11,46,26.0,43.0,5,55,fragile
1391,11,47,30.0,43.0,6,66,general
1392,0,0,2.0,44.5,4,61,general
1393,0,1,6.0,44.5,6,63,general
1394,0,2,10.0,44.5,6,62,general
1395,0,3,14.0,44.5,5,62,fast
1396,1,4,18.0,44.5,6,59,general
1397,1,5,22.0,44.5,6,53,fast
1398,1,6,26.0,44.5,6,65,fragile
1399,1,7,30.0,44.5,6,64,fast
1400,2,8,2.0,44.5,4,66,general
1401,2,9,6.0,44.5,5,62,fragile
1402,2,10,10.0,44.5,6,59,fast
1403,2,11,14.0,44.5,4,65,fast
1404,3,12,18.0,44.5,6,66,general
1405,3,13,22.0,44.5,6,58,fast
1406,3,14,26.0,44.5,6,52,fragile
1407,3,15,30.0,44.5,5,63,fast
1408,4,16,2.0,44.5,6,67,fast
1409,4,17,6.0,44.5,4,52,general
1410,4,18,10.0,44.5,4,55,general
1411,4,19,14.0,44.5,4,60,fast
1412,5,20,18.0,44.5,6,65,fast
1413,5,21,22.0,44.5,5,57,fragile
1414,5,22,26.0,44.5,6,68,general
1415,5,23,30.0,44.5,5,69,general
1416,6,24,2.0,44.5,6,55,general
1417,6,25,6.0,44.5,5,66,bulk
1418,6,26,10.0,44.5,5,63,general
1419,6,27,14.0,44.5,5,69,general
1420,7,28,18.0,44.5,6,55,general
1421,7,29,22.0,44.5,4,59,bulk
1422,7,30,26.0,44.5,6,59,bulk
1423,7,31,30.0,44.5,6,57,fast
1424,8,32,2.0,44.5,4,67,general
1425,8,33,6.0,44.5,4,63,fast
1426,8,34,10.0,44.5,6,66,general
1427,8,35,14.0,44.5,6,63,fragile
1428,9,36,18.0,44.5,5,64,general
1429,9,37,22.0,44.5,4,57,bulk
1430,9,38,26.0,44.5,4,62,general
1431,9,39,30.0,44.5,5,62,general
1432,10,40,2.0,44.5,6,67,fast
1433,10,41,6.0,44.5,6,53,fast
1434,10,42,10.0,44.5,4,67,general
1435,10,43,14.0,44.5,5,68,bulk
1436,11,44,18.0,44.5,6,59,general
1437,11,45,22.0,44.5,6,53,general
1438,11,46,26.0,44.5,5,57,general
1439,11,47,30.0,44.5,4,68,general
1440,0,0,2.0,46.0,6,59,general
1441,0,1,6.0,46.0,6,61,general
1442,0,2,10.0,46.0,5,54,fragile
1443,0,3,14.0,46.0,5,64,fast
1444,1,4,18.0,46.0,4,61,general
1445,1,5,22.0,46.0,6,62,fast
1446,1,6,26.0,46.0,5,64,general
1447,1,7,30.0,46.0,6,54,general
1448,2,8,2.0,46.0,4,64,bulk
1449,2,9,6.0,46.0,6,64,general
1450,2,10,10.0,46.0,6,53,general
1451,2,11,14.0,46.0,6,63,general
1452,3,12,18.0,46.0,4,68,general
1453,3,13,22.0,46.0,6,56,fast
1454,3,14,26.0,46.0,5,56,fast
1455,3,15,30.0,46.0,6,65,fragile
1456,4,16,2.0,46.0,4,59,fast
1457,4,17,6.0,46.0,5,69,general
1458,4,18,10.0,46.0,4,68,fragile
1459,4,19,14.0,46.0,5,59,fast
1460,5,20,18.0,46.0,6,52,general
1461,5,21,22.0,46.0,5,66,general
1462,5,22,26.0,46.0,4,67,general
1463,5,23,30.0,46.0,5,55,fast
1464,6,24,2.0,46.0,5,56,fast
1465,6,25,6.0,46.0,5,58,fragile
1466,6,26,10.0,46.0,6,66,bulk
1467,6,27,14.0,46.0,4,68,general
1468,7,28,18.0,46.0,4,64,fragile
1469,7,29,22.0,46.0,4,58,general
1470,7,30,26.0,46.0,6,68,fast
1471,7,31,30.0,46.0,5,62,general
1472,8,32,2.0,46.0,4,62,fast
1473,8,33,6.0,46.0,4,53,fast
1474,8,34,10.0,46.0,6,58,general
1475,8,35,14.0,46.0,6,68,fragile
1476,9,36,18.0,46.0,5,57,general
1477,9,37,22.0,46.0,6,62,fragile
1478,9,38,26.0,46.0,6,65,fast
1479,9,39,30.0,46.0,4,55,fragile
1480,10,40,2.0,46.0,4,58,fast
1481,10,41,6.0,46.0,6,63,fast
1482,10,42,10.0,46.0,4,61,general
1483,10,43,14.0,46.0,5,69,general
1484,11,44,18.0,46.0,4,69,general
1485,11,45,22.0,46.0,6,56,general
1486,11,46,26.0,46.0,4,59,fragile
1487,11,47,30.0,46.0,4,56,fast
1488,0,0,2.0,47.5,5,58,general
1489,0,1,6.0,47.5,5,53,general
1490,0,2,10.0,47.5,5,56,fast
1491,0,3,14.0,47.5,5,57,fragile
1492,1,4,18.0,47.5,4,57,general
1493,1,5,22.0,47.5,6,65,general
1494,1,6,26.0,47.5,6,56,general
1495,1,7,30.0,47.5,4,65,fast
1496,2,8,2.0,47.5,4,56,bulk
1497,2,9,6.0,47.5,5,55,bulk
1498,2,10,10.0,47.5,5,67,fragile
1499,2,11,14.0,47.5,6,68,fast
1500,3,12,18.0,47.5,6,65,general
1501,3,13,22.0,47.5,6,60,general
1502,3,14,26.0,47.5,5,64,bulk
1503,3,15,30.0,47.5,4,69,fast
1504,4,16,2.0,47.5,6,52,fragile
1505,4,17,6.0,47.5,6,69,fragile
1506,4,18,10.0,47.5,6,58,general
1507,4,19,14.0,47.5,4,58,general
1508,5,20,18.0,47.5,5,62,fragile
1509,5,21,22.0,47.5,4,62,general
1510,5,22,26.0,47.5,6,57,general
1511,5,23,30.0,47.5,4,54,general
1512,6,24,2.0,47.5,6,68,fragile
1513,6,25,6.0,47.5,6,69,general
1514,6,26,10.0,47.5,5,64,general
1515,6,27,14.0,47.5,6,67,fast
1516,7,28,18.0,47.5,4,53,bulk
1517,7,29,22.0,47.5,6,56,general
1518,7,30,26.0,47.5,5,69,general
1519,7,31,30.0,47.5,6,67,fast
1520,8,32,2.0,47.5,4,69,general
1521,8,33,6.0,47.5,6,57,general
1522,8,34,10.0,47.5,4,57,general
1523,8,35,14.0,47.5,6,65,fast
1524,9,36,18.0,47.5,4,57,bulk
1525,9,37,22.0,47.5,5,63,general
1526,9,38,26.0,47.5,6,56,fragile
1527,9,39,30.0,47.5,5,56,general
1528,10,40,2.0,47.5,5,63,fragile
1529,10,41,6.0,47.5,6,62,fast
1530,10,42,10.0,47.5,5,56,general
1531,10,43,14.0,47.5,5,66,general
1532,11,44,18.0,47.5,4,61,fast
1533,11,45,22.0,47.5,4,69,fast
1534,11,46,26.0,47.5,5,58,general
1535,11,47,30.0,47.5,6,66,general
1536,0,0,2.0,49.0,5,68,fast
1537,0,1,6.0,49.0,4,68,general
1538,0,2,10.0,49.0,4,62,fragile
1539,0,3,14.0,49.0,5,55,fast
1540,1,4,18.0,49.0,4,63,fragile
1541,1,5,22.0,49.0,6,59,fragile
1542,1,6,26.0,49.0,4,61,bulk
1543,1,7,30.0,49.0,6,65,fast
1544,2,8,2.0,49.0,6,69,fragile
1545,2,9,6.0,49.0,5,66,bulk
1546,2,10,10.0,49.0,5,66,fast
1547,2,11,14.0,49.0,5,59,general
1548,3,12,18.0,49.0,4,54,fragile
1549,3,13,22.0,49.0,4,59,fragile
1550,3,14,26.0,49.0,5,56,fast
1551,3,15,30.0,49.0,5,54,fragile
1552,4,16,2.0,49.0,6,53,general
1553,4,17,6.0,49.0,6,64,general
1554,4,18,10.0,49.0,6,66,bulk
1555,4,19,14.0,49.0,5,54,general
1556,5,20,18.0,49.0,5,53,general
1557,5,21,22.0,49.0,6,62,general
1558,5,22,26.0,49.0,5,67,general
1559,5,23,30.0,49.0,6,64,fast
1560,6,24,2.0,49.0,5,53,fast
1561,6,25,6.0,49.0,5,61,general
1562,6,26,10.0,49.0,6,63,bulk
1563,6,27,14.0,49.0,6,59,fast
1564,7,28,18.0,49.0,5,66,general
1565,7,29,22.0,49.0,6,56,general
1566,7,30,26.0,49.0,6,54,bulk
1567,7,31,30.0,49.0,5,66,general
1568,8,32,2.0,49.0,6,64,bulk
1569,8,33,6.0,49.0,4,65,fragile
1570,8,34,10.0,49.0,5,62,fragile
1571,8,35,14.0,49.0,6,59,fast
1572,9,36,18.0,49.0,4,58,bulk
1573,9,37,22.0,49.0,6,60,fast
1574,9,38,26.0,49.0,6,58,bulk
1575,9,39,30.0,49.0,6,64,fast
1576,10,40,2.0,49.0,4,64,fragile
1577,10,41,6.0,49.0,4,56,general
1578,10,42,10.0,49.0,5,66,bulk
1579,10,43,14.0,49.0,5,53,general
1580,11,44,18.0,49.0,5,63,general
1581,11,45,22.0,49.0,4,54,general
1582,11,46,26.0,49.0,5,61,general
1583,11,47,30.0,49.0,5,66,general
1584,0,0,2.0,50.5,5,67,general
1585,0,1,6.0,50.5,5,67,fragile
1586,0,2,10.0,50.5,5,68,fragile
1587,0,3,14.0,50.5,4,60,fast
1588,1,4,18.0,50.5,6,61,general
1589,1,5,22.0,50.5,6,53,fast
1590,1,6,26.0,50.5,5,58,fast
1591,1,7,30.0,50.5,6,66,general
1592,2,8,2.0,50.5,4,69,fragile
1593,2,9,6.0,50.5,5,64,general
1594,2,10,10.0,50.5,5,59,general
1595,2,11,14.0,50.5,6,64,general
1596,3,12,18.0,50.5,4,65,general
1597,3,13,22.0,50.5,4,65,general
1598,3,14,26.0,50.5,6,63,fast
1599,3,15,30.0,50.5,4,64,general
1600,4,16,2.0,50.5,4,65,general
1601,4,17,6.0,50.5,6,53,fast
1602,4,18,10.0,50.5,4,68,general
1603,4,19,14.0,50.5,6,58,fragile
1604,5,20,18.0,50.5,5,69,fragile
1605,5,21,22.0,50.5,6,59,general
1606,5,22,26.0,50.5,6,58,fragile
1607,5,23,30.0,50.5,5,68,bulk
1608,6,24,2.0,50.5,4,59,general
1609,6,25,6.0,50.5,4,56,fragile
1610,6,26,10.0,50.5,6,52,general
1611,6,27,14.0,50.5,5,63,general
1612,7,28,18.0,50.5,6,63,fast
1613,7,29,22.0,50.5,6,52,fragile
1614,7,30,26.0,50.5,6,54,general
1615,7,31,30.0,50.5,6,57,bulk
1616,8,32,2.0,50.5,6,53,fast
1617,8,33,6.0,50.5,6,59,general
1618,8,34,10.0,50.5,6,61,bulk
1619,8,35,14.0,50.5,6,61,bulk
1620,9,36,18.0,50.5,5,64,fast
1621,9,37,22.0,50.5,4,69,fast
1622,9,38,26.0,50.5,5,60,general
1623,9,39,30.0,50.5,6,52,general
1624,10,40,2.0,50.5,4,67,general
1625,10,41,6.0,50.5,6,63,general
1626,10,42,10.0,50.5,4,62,general
1627,10,43,14.0,50.5,4,68,general
1628,11,44,18.0,50.5,5,68,general
1629,11,45,22.0,50.5,4,65,general
1630,11,46,26.0,50.5,5,54,general
1631,11,47,30.0,50.5,4,58,general
1632,0,0,2.0,52.0,6,53,fragile
1633,0,1,6.0,52.0,6,65,fast
1634,0,2,10.0,52.0,5,66,fast
1635,0,3,14.0,52.0,6,64,general
1636,1,4,18.0,52.0,4,54,bulk
1637,1,5,22.0,52.0,4,58,bulk
1638,1,6,26.0,52.0,6,53,fragile
1639,1,7,30.0,52.0,6,56,general
1640,2,8,2.0,52.0,4,56,general
1641,2,9,6.0,52.0,4,63,fragile
1642,2,10,10.0,52.0,4,58,fast
1643,2,11,14.0,52.0,6,65,bulk
1644,3,12,18.0,52.0,5,52,general
1645,3,13,22.0,52.0,4,58,bulk
1646,3,14,26.0,52.0,5,52,bulk
1647,3,15,30.0,52.0,6,67,general
1648,4,16,2.0,52.0,4,68,fast
1649,4,17,6.0,52.0,4,62,fragile
1650,4,18,10.0,52.0,4,66,general
1651,4,19,14.0,52.0,5,59,general
1652,5,20,18.0,52.0,5,60,fast
1653,5,21,22.0,52.0,5,63,general
1654,5,22,26.0,52.0,5,59,bulk
1655,5,23,30.0,52.0,5,60,general
1656,6,24,2.0,52.0,6,54,general
1657,6,25,6.0,52.0,6,56,fragile
1658,6,26,10.0,52.0,6,64,bulk
1659,6,27,14.0,52.0,4,67,fragile
1660,7,28,18.0,52.0,5,56,general
1661,7,29,22.0,52.0,6,55,fragile
1662,7,30,26.0,52.0,4,60,general
1663,7,31,30.0,52.0,5,63,fragile
1664,8,32,2.0,52.0,6,57,general
1665,8,33,6.0,52.0,5,69,fast
1666,8,34,10.0,52.0,6,62,general
1667,8,35,14.0,52.0,4,52,general
1668,9,36,18.0,52.0,5,62,general
1669,9,37,22.0,52.0,4,56,general
1670,9,38,26.0,52.0,6,62,bulk
1671,9,39,30.0,52.0,4,69,fast
1672,10,40,2.0,52.0,6,67,general
1673,10,41,6.0,52.0,6,54,bulk
1674,10,42,10.0,52.0,4,69,bulk
1675,10,43,14.0,52.0,4,61,general
1676,11,44,18.0,52.0,6,62,fragile
1677,11,45,22.0,52.0,5,69,general
1678,11,46,26.0,52.0,5,63,fragile
1679,11,47,30.0,52.0,5,54,general
1680,0,0,2.0,53.5,6,68,general
1681,0,1,6.0,53.5,5,53,fast
1682,0,2,10.0,53.5,6,56,fast
1683,0,3,14.0,53.5,5,57,fast
1684,1,4,18.0,53.5,4,69,general
1685,1,5,22.0,53.5,4,54,general
1686,1,6,26.0,53.5,6,56,bulk
1687,1,7,30.0,53.5,4,52,fast
1688,2,8,2.0,53.5,4,52,fragile
1689,2,9,6.0,53.5,6,60,bulk
1690,2,10,10.0,53.5,4,69,general
1691,2,11,14.0,53.5,6,60,general
1692,3,12,18.0,53.5,4,59,fast
1693,3,13,22.0,53.5,5,69,general
1694,3,14,26.0,53.5,5,56,fast
1695,3,15,30.0,53.5,5,68,general
1696,4,16,2.0,53.5,5,66,general
1697,4,17,6.0,53.5,6,52,general
1698,4,18,10.0,53.5,4,56,bulk
1699,4,19,14.0,53.5,4,60,fragile
1700,5,20,18.0,53.5,6,67,general
1701,5,21,22.0,53.5,5,55,general
1702,5,22,26.0,53.5,5,52,general
1703,5,23,30.0,53.5,6,58,general
1704,6,24,2.0,53.5,5,56,bulk
1705,6,25,6.0,53.5,5,58,general
1706,6,26,10.0,53.5,6,62,general
1707,6,27,14.0,53.5,4,61,general
1708,7,28,18.0,53.5,6,63,fragile
1709,7,29,22.0,53.5,5,53,fast
1710,7,30,26.0,53.5,6,60,fast
1711,7,31,30.0,53.5,5,68,fast
1712,8,32,2.0,53.5,6,56,general
1713,8,33,6.0,53.5,6,61,fragile
1714,8,34,10.0,53.5,4,67,general
1715,8,35,14.0,53.5,6,55,fragile
1716,9,36,18.0,53.5,5,68,fast
1717,9,37,22.0,53.5,5,59,general
1718,9,38,26.0,53.5,6,53,fast
1719,9,39,30.0,53.5,5,67,fast
1720,10,40,2.0,53.5,4,56,general
1721,10,41,6.0,53.5,5,59,fast
1722,10,42,10.0,53.5,6,64,general
1723,10,43,14.0,53.5,5,61,fragile
1724,11,44,18.0,53.5,4,66,general
1725,11,45,22.0,53.5,4,67,fast
1726,11,46,26.0,53.5,4,65,fast
1727,11,47,30.0,53.5,5,54,bulk
1728,0,0,2.0,55.0,4,56,fragile
1729,0,1,6.0,55.0,6,69,fragile
1730,0,2,10.0,55.0,5,55,general
1731,0,3,14.0,55.0,4,69,general
1732,1,4,18.0,55.0,5,59,bulk
1733,1,5,22.0,55.0,6,56,general
1734,1,6,26.0,55.0,6,58,fragile
1735,1,7,30.0,55.0,4,57,fast
1736,2,8,2.0,55.0,6,59,fast
1737,2,9,6.0,55.0,4,63,fast
1738,2,10,10.0,55.0,6,62,general
1739,2,11,14.0,55.0,5,68,bulk
1740,3,12,18.0,55.0,4,60,fast
1741,3,13,22.0,55.0,6,56,fast
1742,3,14,26.0,55.0,6,55,bulk
1743,3,15,30.0,55.0,5,59,bulk
1744,4,16,2.0,55.0,5,53,fast
1745,4,17,6.0,55.0,5,69,general
1746,4,18,10.0,55.0,6,69,fast
1747,4,19,14.0,55.0,4,69,general
1748,5,20,18.0,55.0,4,54,bulk
1749,5,21,22.0,55.0,5,64,bulk
1750,5,22,26.0,55.0,6,59,fast
1751,5,23,30.0,55.0,5,60,fast
1752,6,24,2.0,55.0,4,53,fragile
1753,6,25,6.0,55.0,4,57,fast
1754,6,26,10.0,55.0,5,58,fragile
1755,6,27,14.0,55.0,6,69,fragile
1756,7,28,18.0,55.0,5,67,general
1757,7,29,22.0,55.0,4,61,general
1758,7,30,26.0,55.0,4,59,fragile
1759,7,31,30.0,55.0,5,67,general
1760,8,32,2.0,55.0,4,54,general
1761,8,33,6.0,55.0,5,66,general
1762,8,34,10.0,55.0,4,64,fast
1763,8,35,14.0,55.0,6,60,general
1764,9,36,18.0,55.0,6,59,fragile
1765,9,37,22.0,55.0,6,54,general
1766,9,38,26.0,55.0,4,66,fast
1767,9,39,30.0,55.0,6,59,general
1768,10,40,2.0,55.0,6,66,fragile
1769,10,41,6.0,55.0,4,66,general
1770,10,42,10.0,55.0,6,69,fast
1771,10,43,14.0,55.0,4,69,bulk
1772,11,44,18.0,55.0,4,56,fragile
1773,11,45,22.0,55.0,5,60,fast
1774,11,46,26.0,55.0,6,52,general
1775,11,47,30.0,55.0,5,67,fragile
1776,0,0,2.0,56.5,6,65,fragile
1777,0,1,6.0,56.5,6,56,fast
1778,0,2,10.0,56.5,5,65,fragile
1779,0,3,14.0,56.5,5,68,fast
1780,1,4,18.0,56.5,5,60,general
1781,1,5,22.0,56.5,5,57,fast
1782,1,6,26.0,56.5,4,60,fast
1783,1,7,30.0,56.5,5,59,bulk
1784,2,8,2.0,56.5,4,64,general
1785,2,9,6.0,56.5,5,65,bulk
1786,2,10,10.0,56.5,5,53,fragile
1787,2,11,14.0,56.5,6,67,fast
1788,3,12,18.0,56.5,6,69,general
1789,3,13,22.0,56.5,6,55,general
1790,3,14,26.0,56.5,4,53,fragile
1791,3,15,30.0,56.5,6,61,general
1792,4,16,2.0,56.5,6,54,fragile
1793,4,17,6.0,56.5,6,61,general
1794,4,18,10.0,56.5,5,55,fast
1795,4,19,14.0,56.5,6,67,fast
1796,5,20,18.0,56.5,4,60,fragile
1797,5,21,22.0,56.5,5,62,fragile
1798,5,22,26.0,56.5,5,65,fast
1799,5,23,30.0,56.5,6,57,general
1800,6,24,2.0,56.5,4,69,general
1801,6,25,6.0,56.5,5,54,general
1802,6,26,10.0,56.5,5,57,bulk
1803,6,27,14.0,56.5,6,60,fragile
1804,7,28,18.0,56.5,6,53,fragile
1805,7,29,22.0,56.5,5,53,fast
1806,7,30,26.0,56.5,5,61,bulk
1807,7,31,30.0,56.5,5,67,general
1808,8,32,2.0,56.5,4,58,general
1809,8,33,6.0,56.5,4,60,bulk
1810,8,34,10.0,56.5,4,58,fast
1811,8,35,14.0,56.5,6,61,general
1812,9,36,18.0,56.5,5,65,general
1813,9,37,22.0,56.5,4,56,fragile
1814,9,38,26.0,56.5,4,68,fast
1815,9,39,30.0,56.5,6,66,bulk
1816,10,40,2.0,56.5,6,56,general
1817,10,41,6.0,56.5,5,65,general
1818,10,42,10.0,56.5,5,54,fragile
1819,10,43,14.0,56.5,6,54,general
1820,11,44,18.0,56.5,5,65,general
1821,11,45,22.0,56.5,4,68,general
1822,11,46,26.0,56.5,6,62,bulk
1823,11,47,30.0,56.5,4,58,general
1824,0,0,2.0,58.0,5,52,fast
1825,0,1,6.0,58.0,6,54,general
1826,0,2,10.0,58.0,5,52,general
1827,0,3,14.0,58.0,5,53,fast
1828,1,4,18.0,58.0,5,57,general
1829,1,5,22.0,58.0,5,64,fast
1830,1,6,26.0,58.0,5,54,general
1831,1,7,30.0,58.0,4,56,general
1832,2,8,2.0,58.0,6,63,bulk
1833,2,9,6.0,58.0,4,64,fragile
1834,2,10,10.0,58.0,4,60,fragile
1835,2,11,14.0,58.0,6,65,general
1836,3,12,18.0,58.0,5,69,fast
1837,3,13,22.0,58.0,5,52,general
1838,3,14,26.0,58.0,6,62,fragile
1839,3,15,30.0,58.0,6,67,fast
1840,4,16,2.0,58.0,4,59,general
1841,4,17,6.0,58.0,5,66,general
1842,4,18,10.0,58.0,6,52,fast
1843,4,19,14.0,58.0,5,59,general
1844,5,20,18.0,58.0,5,62,general
1845,5,21,22.0,58.0,6,65,bulk
1846,5,22,26.0,58.0,6,69,fast
1847,5,23,30.0,58.0,6,61,fast
1848,6,24,2.0,58.0,4,54,general
1849,6,25,6.0,58.0,5,62,fragile
1850,6,26,10.0,58.0,4,56,general
1851,6,27,14.0,58.0,6,55,general
1852,7,28,18.0,58.0,4,68,general
1853,7,29,22.0,58.0,4,61,fragile
1854,7,30,26.0,58.0,5,65,general
1855,7,31,30.0,58.0,5,55,general
1856,8,32,2.0,58.0,6,63,bulk
1857,8,33,6.0,58.0,5,66,fast
1858,8,34,10.0,58.0,4,53,fragile
1859,8,35,14.0,58.0,5,54,fast
1860,9,36,18.0,58.0,6,65,general
1861,9,37,22.0,58.0,4,61,general
1862,9,38,26.0,58.0,6,59,general
1863,9,39,30.0,58.0,6,66,general
1864,10,40,2.0,58.0,4,57,general
1865,10,41,6.0,58.0,4,68,general
1866,10,42,10.0,58.0,6,66,general
1867,10,43,14.0,58.0,6,63,bulk
1868,11,44,18.0,58.0,5,68,fragile
1869,11,45,22.0,58.0,4,59,fast
1870,11,46,26.0,58.0,5,53,general
1871,11,47,30.0,58.0,6,60,bulk
1872,0,0,2.0,59.5,5,69,fast
1873,0,1,6.0,59.5,5,68,fast
1874,0,2,10.0,59.5,4,64,fragile
1875,0,3,14.0,59.5,6,67,fast
1876,1,4,18.0,59.5,5,59,general
1877,1,5,22.0,59.5,5,61,fast
1878,1,6,26.0,59.5,5,67,general
1879,1,7,30.0,59.5,5,68,general
1880,2,8,2.0,59.5,4,67,fragile
1881,2,9,6.0,59.5,5,57,fast
1882,2,10,10.0,59.5,4,60,fragile
1883,2,11,14.0,59.5,6,53,general
1884,3,12,18.0,59.5,4,65,general
1885,3,13,22.0,59.5,6,69,general
1886,3,14,26.0,59.5,4,65,general
1887,3,15,30.0,59.5,4,67,fragile
1888,4,16,2.0,59.5,6,57,general
1889,4,17,6.0,59.5,4,62,fast
1890,4,18,10.0,59.5,4,61,bulk
1891,4,19,14.0,59.5,4,52,fragile
1892,5,20,18.0,59.5,4,68,general
1893,5,21,22.0,59.5,5,64,bulk
1894,5,22,26.0,59.5,6,53,general
1895,5,23,30.0,59.5,4,63,general
1896,6,24,2.0,59.5,6,57,general
1897,6,25,6.0,59.5,6,54,general
1898,6,26,10.0,59.5,5,67,general
1899,6,27,14.0,59.5,4,56,general
1900,7,28,18.0,59.5,4,61,fragile
1901,7,29,22.0,59.5,5,57,fast
1902,7,30,26.0,59.5,5,64,general
1903,7,31,30.0,59.5,4,68,general
1904,8,32,2.0,59.5,6,64,fast
1905,8,33,6.0,59.5,4,53,general
1906,8,34,10.0,59.5,5,53,general
1907,8,35,14.0,59.5,5,53,general
1908,9,36,18.0,59.5,6,56,fast
1909,9,37,22.0,59.5,5,56,general
1910,9,38,26.0,59.5,6,64,general
1911,9,39,30.0,59.5,4,60,general
1912,10,40,2.0,59.5,5,58,fragile
1913,10,41,6.0,59.5,6,58,general
1914,10,42,10.0,59.5,6,69,bulk
1915,10,43,14.0,59.5,6,58,general
1916,11,44,18.0,59.5,6,55,general
1917,11,45,22.0,59.5,4,63,fragile
1918,11,46,26.0,59.5,5,61,fast
1919,11,47,30.0,59.5,4,58,general
1920,0,0,2.0,61.0,4,53,general
1921,0,1,6.0,61.0,6,62,general
1922,0,2,10.0,61.0,6,64,fragile
1923,0,3,14.0,61.0,5,61,general
1924,1,4,18.0,61.0,6,61,fragile
1925,1,5,22.0,61.0,4,59,fast
1926,1,6,26.0,61.0,6,57,general
1927,1,7,30.0,61.0,4,55,general
1928,2,8,2.0,61.0,5,63,bulk
1929,2,9,6.0,61.0,6,54,general
1930,2,10,10.0,61.0,5,68,general
1931,2,11,14.0,61.0,6,57,general
1932,3,12,18.0,61.0,6,69,bulk
1933,3,13,22.0,61.0,5,68,general
1934,3,14,26.0,61.0,5,57,general
1935,3,15,30.0,61.0,4,69,general
1936,4,16,2.0,61.0,6,53,fast
1937,4,17,6.0,61.0,6,53,fragile
1938,4,18,10.0,61.0,5,56,general
1939,4,19,14.0,61.0,5,68,general
1940,5,20,18.0,61.0,4,69,fast
1941,5,21,22.0,61.0,4,57,general
1942,5,22,26.0,61.0,5,65,fast
1943,5,23,30.0,61.0,6,56,general
1944,6,24,2.0,61.0,6,56,fragile
1945,6,25,6.0,61.0,6,53,general
1946,6,26,10.0,61.0,5,59,fast
1947,6,27,14.0,61.0,4,55,fast
1948,7,28,18.0,61.0,4,59,bulk
1949,7,29,22.0,61.0,5,54,general
1950,7,30,26.0,61.0,5,68,fast
1951,7,31,30.0,61.0,5,57,fragile
1952,8,32,2.0,61.0,5,55,general
1953,8,33,6.0,61.0,6,69,fast
1954,8,34,10.0,61.0,6,58,fragile
1955,8,35,14.0,61.0,4,68,bulk
1956,9,36,18.0,61.0,6,66,fast
1957,9,37,22.0,61.0,4,66,fast
1958,9,38,26.0,61.0,4,59,fast
1959,9,39,30.0,61.0,5,65,general
1960,10,40,2.0,61.0,6,57,general
1961,10,41,6.0,61.0,6,60,fragile
1962,10,42,10.0,61.0,4,55,fast
1963,10,43,14.0,61.0,5,57,bulk
1964,11,44,18.0,61.0,6,64,fast
1965,11,45,22.0,61.0,5,59,general
1966,11,46,26.0,61.0,6,68,general
1967,11,47,30.0,61.0,4,63,fragile
1968,0,0,2.0,62.5,4,61,bulk
1969,0,1,6.0,62.5,4,61,fragile
1970,0,2,10.0,62.5,6,58,general
1971,0,3,14.0,62.5,6,61,bulk
1972,1,4,18.0,62.5,6,57,general
1973,1,5,22.0,62.5,4,57,fast
1974,1,6,26.0,62.5,6,54,fragile
1975,1,7,30.0,62.5,6,54,fragile
1976,2,8,2.0,62.5,5,64,fast
1977,2,9,6.0,62.5,6,63,bulk
1978,2,10,10.0,62.5,4,55,fast
1979,2,11,14.0,62.5,5,64,bulk
1980,3,12,18.0,62.5,5,59,general
1981,3,13,22.0,62.5,4,69,bulk
1982,3,14,26.0,62.5,4,64,fast
1983,3,15,30.0,62.5,6,67,general
1984,4,16,2.0,62.5,6,65,bulk
1985,4,17,6.0,62.5,6,63,fast
1986,4,18,10.0,62.5,5,59,general
1987,4,19,14.0,62.5,6,61,fragile
1988,5,20,18.0,62.5,6,59,general
1989,5,21,22.0,62.5,4,55,bulk
1990,5,22,26.0,62.5,6,63,bulk
1991,5,23,30.0,62.5,5,62,fast
1992,6,24,2.0,62.5,5,55,bulk
1993,6,25,6.0,62.5,6,52,bulk
1994,6,26,10.0,62.5,5,54,general
1995,6,27,14.0,62.5,4,58,general
1996,7,28,18.0,62.5,6,54,bulk
1997,7,29,22.0,62.5,4,53,general
1998,7,30,26.0,62.5,5,54,bulk
1999,7,31,30.0,62.5,5,69,fast
2000,8,32,2.0,62.5,5,64,general
2001,8,33,6.0,62.5,6,65,fast
2002,8,34,10.0,62.5,4,58,fast
2003,8,35,14.0,62.5,4,56,general
2004,9,36,18.0,62.5,6,54,general
2005,9,37,22.0,62.5,6,66,general
2006,9,38,26.0,62.5,4,57,fragile
2007,9,39,30.0,62.5,5,59,fast
2008,10,40,2.0,62.5,5,57,fragile
2009,10,41,6.0,62.5,6,58,fragile
2010,10,42,10.0,62.5,4,67,fast
2011,10,43,14.0,62.5,4,63,general
2012,11,44,18.0,62.5,4,67,bulk
2013,11,45,22.0,62.5,6,56,general
2014,11,46,26.0,62.5,6,60,general
2015,11,47,30.0,62.5,4,53,fragile
2016,0,0,2.0,64.0,4,65,fast
2017,0,1,6.0,64.0,6,61,general
2018,0,2,10.0,64.0,5,62,fast
2019,0,3,14.0,64.0,4,67,general
2020,1,4,18.0,64.0,5,52,general
2021,1,5,22.0,64.0,6,56,general
2022,1,6,26.0,64.0,5,66,general
2023,1,7,30.0,64.0,4,60,fast
2024,2,8,2.0,64.0,4,53,fast
2025,2,9,6.0,64.0,5,53,fast
2026,2,10,10.0,64.0,6,66,general
2027,2,11,14.0,64.0,6,69,fast
2028,3,12,18.0,64.0,4,56,fast
2029,3,13,22.0,64.0,5,54,fast
2030,3,14,26.0,64.0,5,64,fast
2031,3,15,30.0,64.0,5,65,bulk
2032,4,16,2.0,64.0,5,55,fast
2033,4,17,6.0,64.0,5,58,fast
2034,4,18,10.0,64.0,5,65,fast
2035,4,19,14.0,64.0,4,53,fragile
2036,5,20,18.0,64.0,4,57,fast
2037,5,21,22.0,64.0,6,68,fast
2038,5,22,26.0,64.0,6,54,fragile
2039,5,23,30.0,64.0,6,53,fast
2040,6,24,2.0,64.0,5,65,fast
2041,6,25,6.0,64.0,5,53,fast
2042,6,26,10.0,64.0,4,56,general
2043,6,27,14.0,64.0,6,58,general
2044,7,28,18.0,64.0,4,69,fast
2045,7,29,22.0,64.0,4,54,general
2046,7,30,26.0,64.0,5,60,fragile
2047,7,31,30.0,64.0,5,64,general
2048,8,32,2.0,64.0,5,54,bulk
2049,8,33,6.0,64.0,4,68,bulk
2050,8,34,10.0,64.0,4,67,fragile
2051,8,35,14.0,64.0,4,55,fast
2052,9,36,18.0,64.0,4,66,general
2053,9,37,22.0,64.0,5,65,general
2054,9,38,26.0,64.0,4,66,fast
2055,9,39,30.0,64.0,4,61,fast
2056,10,40,2.0,64.0,5,63,bulk
2057,10,41,6.0,64.0,6,53,fast
2058,10,42,10.0,64.0,6,63,fast
2059,10,43,14.0,64.0,6,59,bulk
2060,11,44,18.0,64.0,5,61,general
2061,11,45,22.0,64.0,4,62,bulk
2062,11,46,26.0,64.0,5,55,fast
2063,11,47,30.0,64.0,5,57,general
2064,0,0,2.0,65.5,6,56,general
2065,0,1,6.0,65.5,4,54,general
2066,0,2,10.0,65.5,4,55,fast
2067,0,3,14.0,65.5,5,62,general
2068,1,4,18.0,65.5,6,56,general
2069,1,5,22.0,65.5,6,67,fast
2070,1,6,26.0,65.5,6,53,fragile
2071,1,7,30.0,65.5,6,58,general
2072,2,8,2.0,65.5,6,67,fragile
2073,2,9,6.0,65.5,4,53,general
2074,2,10,10.0,65.5,6,63,general
2075,2,11,14.0,65.5,4,63,bulk
2076,3,12,18.0,65.5,5,67,fragile
2077,3,13,22.0,65.5,5,68,fragile
2078,3,14,26.0,65.5,5,56,fast
2079,3,15,30.0,65.5,4,69,fragile
2080,4,16,2.0,65.5,4,52,general
2081,4,17,6.0,65.5,6,67,fast
2082,4,18,10.0,65.5,4,58,general
2083,4,19,14.0,65.5,5,53,bulk
2084,5,20,18.0,65.5,4,61,bulk
2085,5,21,22.0,65.5,5,60,fast
2086,5,22,26.0,65.5,6,55,fragile
2087,5,23,30.0,65.5,6,61,general
2088,6,24,2.0,65.5,4,69,fast
2089,6,25,6.0,65.5,6,54,general
2090,6,26,10.0,65.5,4,60,fragile
2091,6,27,14.0,65.5,5,53,fragile
2092,7,28,18.0,65.5,6,57,general
2093,7,29,22.0,65.5,5,63,fragile
2094,7,30,26.0,65.5,6,53,fragile
2095,7,31,30.0,65.5,4,53,general
2096,8,32,2.0,65.5,6,65,general
2097,8,33,6.0,65.5,6,68,fragile
2098,8,34,10.0,65.5,4,58,general
2099,8,35,14.0,65.5,6,60,fragile
2100,9,36,18.0,65.5,5,67,fragile
2101,9,37,22.0,65.5,4,54,fast
2102,9,38,26.0,65.5,6,64,general
2103,9,39,30.0,65.5,5,58,fragile
2104,10,40,2.0,65.5,4,66,general
2105,10,41,6.0,65.5,6,63,bulk
2106,10,42,10.0,65.5,4,52,general
2107,10,43,14.0,65.5,5,56,fragile
2108,11,44,18.0,65.5,4,68,general
2109,11,45,22.0,65.5,4,56,fast
2110,11,46,26.0,65.5,5,67,bulk
2111,11,47,30.0,65.5,5,58,bulk
2112,0,0,2.0,67.0,5,60,fast
2113,0,1,6.0,67.0,5,55,fast
2114,0,2,10.0,67.0,5,55,bulk
2115,0,3,14.0,67.0,6,52,general
2116,1,4,18.0,67.0,6,67,general
2117,1,5,22.0,67.0,4,69,general
2118,1,6,26.0,67.0,4,59,bulk
2119,1,7,30.0,67.0,5,64,fragile
2120,2,8,2.0,67.0,6,68,general
2121,2,9,6.0,67.0,6,67,general
2122,2,10,10.0,67.0,5,61,general
2123,2,11,14.0,67.0,6,63,fast
2124,3,12,18.0,67.0,4,65,fast
2125,3,13,22.0,67.0,6,56,fragile
2126,3,14,26.0,67.0,6,63,bulk
2127,3,15,30.0,67.0,6,63,general
2128,4,16,2.0,67.0,4,58,general
2129,4,17,6.0,67.0,6,60,general
2130,4,18,10.0,67.0,5,65,fragile
2131,4,19,14.0,67.0,6,56,general
2132,5,20,18.0,67.0,6,65,bulk
2133,5,21,22.0,67.0,5,59,general
2134,5,22,26.0,67.0,5,65,general
2135,5,23,30.0,67.0,4,58,fast
2136,6,24,2.0,67.0,4,54,bulk
2137,6,25,6.0,67.0,4,69,general
2138,6,26,10.0,67.0,5,55,fragile
2139,6,27,14.0,67.0,5,67,fragile
2140,7,28,18.0,67.0,6,57,general
2141,7,29,22.0,67.0,4,56,fast
2142,7,30,26.0,67.0,6,57,fast
2143,7,31,30.0,67.0,6,52,general
2144,8,32,2.0,67.0,4,63,general
2145,8,33,6.0,67.0,4,62,bulk
2146,8,34,10.0,67.0,6,56,fast
2147,8,35,14.0,67.0,6,52,bulk
2148,9,36,18.0,67.0,6,53,bulk
2149,9,37,22.0,67.0,5,68,fragile
2150,9,38,26.0,67.0,6,53,general
2151,9,39,30.0,67.0,4,69,fast
2152,10,40,2.0,67.0,6,66,bulk
2153,10,41,6.0,67.0,5,60,bulk
2154,10,42,10.0,67.0,4,66,fast
2155,10,43,14.0,67.0,4,54,fast
2156,11,44,18.0,67.0,6,69,fragile
2157,11,45,22.0,67.0,4,63,general
2158,11,46,26.0,67.0,4,58,fast
2159,11,47,30.0,67.0,4,67,bulk
2160,0,0,2.0,68.5,5,53,fast
2161,0,1,6.0,68.5,6,62,general
2162,0,2,10.0,68.5,5,61,bulk
2163,0,3,14.0,68.5,5,66,general
2164,1,4,18.0,68.5,5,53,general
2165,1,5,22.0,68.5,5,65,fast
2166,1,6,26.0,68.5,4,52,general
2167,1,7,30.0,68.5,4,54,general
2168,2,8,2.0,68.5,4,64,bulk
2169,2,9,6.0,68.5,4,62,general
2170,2,10,10.0,68.5,6,54,general
2171,2,11,14.0,68.5,5,58,general
2172,3,12,18.0,68.5,6,55,general
2173,3,13,22.0,68.5,5,69,fast
2174,3,14,26.0,68.5,5,62,fast
2175,3,15,30.0,68.5,4,65,general
2176,4,16,2.0,68.5,5,53,fast
2177,4,17,6.0,68.5,4,53,fragile
2178,4,18,10.0,68.5,4,68,fragile
2179,4,19,14.0,68.5,6,57,general
2180,5,20,18.0,68.5,4,56,fragile
2181,5,21,22.0,68.5,6,59,fast
2182,5,22,26.0,68.5,4,56,general
2183,5,23,30.0,68.5,5,69,fragile
2184,6,24,2.0,68.5,6,58,general
2185,6,25,6.0,68.5,5,65,fragile
2186,6,26,10.0,68.5,4,68,fast
2187,6,27,14.0,68.5,4,66,general
2188,7,28,18.0,68.5,6,60,fragile
2189,7,29,22.0,68.5,4,55,fast
2190,7,30,26.0,68.5,5,53,bulk
2191,7,31,30.0,68.5,4,62,bulk
2192,8,32,2.0,68.5,5,55,fast
2193,8,33,6.0,68.5,6,65,fast
2194,8,34,10.0,68.5,5,64,fast
2195,8,35,14.0,68.5,4,57,general
2196,9,36,18.0,68.5,6,58,fragile
2197,9,37,22.0,68.5,6,69,general
2198,9,38,26.0,68.5,5,54,general
2199,9,39,30.0,68.5,4,56,general
2200,10,40,2.0,68.5,5,65,general
2201,10,41,6.0,68.5,5,67,general
2202,10,42,10.0,68.5,4,68,fast
2203,10,43,14.0,68.5,6,66,general
2204,11,44,18.0,68.5,4,62,general
2205,11,45,22.0,68.5,5,68,fast
2206,11,46,26.0,68.5,4,52,general
2207,11,47,30.0,68.5,6,66,fragile
2208,0,0,2.0,70.0,6,56,fast
2209,0,1,6.0,70.0,6,63,general
2210,0,2,10.0,70.0,5,64,bulk
2211,0,3,14.0,70.0,5,63,fast
2212,1,4,18.0,70.0,5,61,general
2213,1,5,22.0,70.0,5,55,general
2214,1,6,26.0,70.0,4,68,general
2215,1,7,30.0,70.0,4,53,general
2216,2,8,2.0,70.0,5,52,general
2217,2,9,6.0,70.0,5,59,bulk
2218,2,10,10.0,70.0,6,65,general
2219,2,11,14.0,70.0,4,59,general
2220,3,12,18.0,70.0,5,69,fast
2221,3,13,22.0,70.0,6,57,general
2222,3,14,26.0,70.0,6,62,fast
2223,3,15,30.0,70.0,6,59,general
2224,4,16,2.0,70.0,6,54,bulk
2225,4,17,6.0,70.0,5,58,general
2226,4,18,10.0,70.0,6,69,bulk
2227,4,19,14.0,70.0,6,55,general
2228,5,20,18.0,70.0,5,54,general
2229,5,21,22.0,70.0,6,64,general
2230,5,22,26.0,70.0,6,61,bulk
2231,5,23,30.0,70.0,5,56,fast
2232,6,24,2.0,70.0,4,65,general
2233,6,25,6.0,70.0,4,60,bulk
2234,6,26,10.0,70.0,6,59,bulk
2235,6,27,14.0,70.0,5,66,fast
2236,7,28,18.0,70.0,4,69,fast
2237,7,29,22.0,70.0,5,53,bulk
2238,7,30,26.0,70.0,6,53,general
2239,7,31,30.0,70.0,6,67,bulk
2240,8,32,2.0,70.0,6,56,general
2241,8,33,6.0,70.0,6,69,general
2242,8,34,10.0,70.0,4,53,bulk
2243,8,35,14.0,70.0,4,62,fragile
2244,9,36,18.0,70.0,6,64,bulk
2245,9,37,22.0,70.0,6,61,fast
2246,9,38,26.0,70.0,5,56,general
2247,9,39,30.0,70.0,4,57,general
2248,10,40,2.0,70.0,6,66,fragile
2249,10,41,6.0,70.0,4,52,bulk
2250,10,42,10.0,70.0,6,53,general
2251,10,43,14.0,70.0,4,63,bulk
2252,11,44,18.0,70.0,5,58,fast
2253,11,45,22.0,70.0,5,52,general
2254,11,46,26.0,70.0,5,64,general
2255,11,47,30.0,70.0,6,69,bulk
2256,0,0,2.0,71.5,5,54,general
2257,0,1,6.0,71.5,5,54,general
2258,0,2,10.0,71.5,6,69,general
2259,0,3,14.0,71.5,5,65,fast
2260,1,4,18.0,71.5,6,53,fast
2261,1,5,22.0,71.5,6,52,general
2262,1,6,26.0,71.5,4,53,fast
2263,1,7,30.0,71.5,6,68,fragile
2264,2,8,2.0,71.5,6,55,bulk
2265,2,9,6.0,71.5,5,52,general
2266,2,10,10.0,71.5,5,59,bulk
2267,2,11,14.0,71.5,6,59,general
2268,3,12,18.0,71.5,5,54,general
2269,3,13,22.0,71.5,6,53,general
2270,3,14,26.0,71.5,5,62,fast
2271,3,15,30.0,71.5,4,60,fast
2272,4,16,2.0,71.5,4,68,general
2273,4,17,6.0,71.5,5,66,general
2274,4,18,10.0,71.5,5,63,fast
2275,4,19,14.0,71.5,6,57,fast
2276,5,20,18.0,71.5,6,62,bulk
2277,5,21,22.0,71.5,5,56,fast
2278,5,22,26.0,71.5,4,60,general
2279,5,23,30.0,71.5,4,61,bulk
2280,6,24,2.0,71.5,5,64,bulk
2281,6,25,6.0,71.5,4,66,bulk
2282,6,26,10.0,71.5,5,63,general
2283,6,27,14.0,71.5,6,64,fast
2284,7,28,18.0,71.5,4,68,bulk
2285,7,29,22.0,71.5,6,65,fragile
2286,7,30,26.0,71.5,6,58,general
2287,7,31,30.0,71.5,4,65,general
2288,8,32,2.0,71.5,6,66,fast
2289,8,33,6.0,71.5,6,66,general
2290,8,34,10.0,71.5,5,59,bulk
2291,8,35,14.0,71.5,6,61,general
2292,9,36,18.0,71.5,4,53,fragile
2293,9,37,22.0,71.5,5,62,general
2294,9,38,26.0,71.5,5,63,fragile
2295,9,39,30.0,71.5,5,64,general
2296,10,40,2.0,71.5,6,61,general
2297,10,41,6.0,71.5,4,62,general
2298,10,42,10.0,71.5,5,57,fragile
2299,10,43,14.0,71.5,6,58,general
2300,11,44,18.0,71.5,6,53,general
2301,11,45,22.0,71.5,5,57,general
2302,11,46,26.0,71.5,6,61,fast
2303,11,47,30.0,71.5,6,52,general
2304,0,0,2.0,73.0,4,69,general
2305,0,1,6.0,73.0,6,68,fast
2306,0,2,10.0,73.0,5,56,fragile
2307,0,3,14.0,73.0,6,61,general
2308,1,4,18.0,73.0,6,57,general
2309,1,5,22.0,73.0,6,53,fragile
2310,1,6,26.0,73.0,6,62,fast
2311,1,7,30.0,73.0,4,68,fragile
2312,2,8,2.0,73.0,6,58,fragile
2313,2,9,6.0,73.0,4,64,general
2314,2,10,10.0,73.0,6,55,general
2315,2,11,14.0,73.0,5,69,fragile
2316,3,12,18.0,73.0,6,64,fast
2317,3,13,22.0,73.0,4,54,fast
2318,3,14,26.0,73.0,5,63,fast
2319,3,15,30.0,73.0,5,59,bulk
2320,4,16,2.0,73.0,5,67,fragile
2321,4,17,6.0,73.0,4,56,general
2322,4,18,10.0,73.0,6,66,general
2323,4,19,14.0,73.0,4,58,fast
2324,5,20,18.0,73.0,4,65,general
2325,5,21,22.0,73.0,4,55,fast
2326,5,22,26.0,73.0,4,52,general
2327,5,23,30.0,73.0,4,54,fragile
2328,6,24,2.0,73.0,5,55,fragile
2329,6,25,6.0,73.0,4,63,general
2330,6,26,10.0,73.0,6,59,fragile
2331,6,27,14.0,73.0,6,53,bulk
2332,7,28,18.0,73.0,6,65,bulk
2333,7,29,22.0,73.0,4,58,general
2334,7,30,26.0,73.0,6,69,general
2335,7,31,30.0,73.0,6,59,fast
2336,8,32,2.0,73.0,5,69,fast
2337,8,33,6.0,73.0,4,69,general
2338,8,34,10.0,73.0,4,62,bulk
2339,8,35,14.0,73.0,5,62,fragile
2340,9,36,18.0,73.0,5,60,fast
2341,9,37,22.0,73.0,5,57,bulk
2342,9,38,26.0,73.0,5,57,bulk
2343,9,39,30.0,73.0,5,57,general
2344,10,40,2.0,73.0,5,69,bulk
2345,10,41,6.0,73.0,6,66,general
2346,10,42,10.0,73.0,6,54,general
2347,10,43,14.0,73.0,5,65,fragile
2348,11,44,18.0,73.0,6,63,general
2349,11,45,22.0,73.0,5,62,bulk
2350,11,46,26.0,73.0,4,57,fragile
2351,11,47,30.0,73.0,4,63,bulk
2352,0,0,2.0,74.5,4,62,bulk
2353,0,1,6.0,74.5,6,61,general
2354,0,2,10.0,74.5,4,59,general
2355,0,3,14.0,74.5,5,69,fast
2356,1,4,18.0,74.5,6,65,general
2357,1,5,22.0,74.5,4,69,fast
2358,1,6,26.0,74.5,5,54,general
2359,1,7,30.0,74.5,4,67,general
2360,2,8,2.0,74.5,6,52,fast
2361,2,9,6.0,74.5,4,63,general
2362,2,10,10.0,74.5,5,65,fragile
2363,2,11,14.0,74.5,6,53,fast
2364,3,12,18.0,74.5,4,62,fast
2365,3,13,22.0,74.5,5,63,fast
2366,3,14,26.0,74.5,4,59,fast
2367,3,15,30.0,74.5,5,64,fast
2368,4,16,2.0,74.5,4,54,fast
2369,4,17,6.0,74.5,5,59,general
2370,4,18,10.0,74.5,4,56,general
2371,4,19,14.0,74.5,5,64,general
2372,5,20,18.0,74.5,6,68,bulk
2373,5,21,22.0,74.5,6,52,bulk
2374,5,22,26.0,74.5,5,59,bulk
2375,5,23,30.0,74.5,6,58,bulk
2376,6,24,2.0,74.5,5,61,general
2377,6,25,6.0,74.5,5,52,general
2378,6,26,10.0,74.5,5,54,general
2379,6,27,14.0,74.5,4,61,fragile
2380,7,28,18.0,74.5,6,52,general
2381,7,29,22.0,74.5,5,55,fragile
2382,7,30,26.0,74.5,5,69,general
2383,7,31,30.0,74.5,5,54,general
2384,8,32,2.0,74.5,6,52,bulk
2385,8,33,6.0,74.5,6,66,fast
2386,8,34,10.0,74.5,4,64,fragile
2387,8,35,14.0,74.5,4,66,general
2388,9,36,18.0,74.5,5,62,general
2389,9,37,22.0,74.5,4,66,fragile
2390,9,38,26.0,74.5,4,59,general
2391,9,39,30.0,74.5,6,62,bulk
2392,10,40,2.0,74.5,6,65,fragile
2393,10,41,6.0,74.5,5,57,fast
2394,10,42,10.0,74.5,6,62,fragile
2395,10,43,14.0,74.5,4,52,bulk
2396,11,44,18.0,74.5,5,58,general
2397,11,45,22.0,74.5,4,56,general
2398,11,46,26.0,74.5,6,69,fragile
2399,11,47,30.0,74.5,4,69,general
2400,0,0,2.0,76.0,6,68,fragile
2401,0,1,6.0,76.0,5,59,bulk
2402,0,2,10.0,76.0,4,62,fast
2403,0,3,14.0,76.0,5,64,fast
2404,1,4,18.0,76.0,5,56,general
2405,1,5,22.0,76.0,6,62,bulk
2406,1,6,26.0,76.0,6,68,fast
2407,1,7,30.0,76.0,5,66,fragile
2408,2,8,2.0,76.0,6,60,general
2409,2,9,6.0,76.0,4,63,fragile
2410,2,10,10.0,76.0,4,64,fast
2411,2,11,14.0,76.0,6,64,fast
2412,3,12,18.0,76.0,6,65,general
2413,3,13,22.0,76.0,4,60,general
2414,3,14,26.0,76.0,6,57,fast
2415,3,15,30.0,76.0,6,52,bulk
2416,4,16,2.0,76.0,6,60,general
2417,4,17,6.0,76.0,4,62,fragile
2418,4,18,10.0,76.0,6,58,general
2419,4,19,14.0,76.0,6,63,fast
2420,5,20,18.0,76.0,6,52,bulk
2421,5,21,22.0,76.0,6,67,fragile
2422,5,22,26.0,76.0,5,67,bulk
2423,5,23,30.0,76.0,6,64,fast
2424,6,24,2.0,76.0,5,57,bulk
2425,6,25,6.0,76.0,5,61,fast
2426,6,26,10.0,76.0,6,60,fast
2427,6,27,14.0,76.0,4,62,fast
2428,7,28,18.0,76.0,4,69,bulk
2429,7,29,22.0,76.0,4,61,general
2430,7,30,26.0,76.0,6,65,general
2431,7,31,30.0,76.0,4,65,general
2432,8,32,2.0,76.0,4,53,fast
2433,8,33,6.0,76.0,4,64,fragile
2434,8,34,10.0,76.0,6,52,fast
2435,8,35,14.0,76.0,4,62,general
2436,9,36,18.0,76.0,6,60,bulk
2437,9,37,22.0,76.0,6,59,fast
2438,9,38,26.0,76.0,5,54,fast
2439,9,39,30.0,76.0,4,65,fast
2440,10,40,2.0,76.0,6,52,fragile
2441,10,41,6.0,76.0,4,61,fast
2442,10,42,10.0,76.0,5,68,general
2443,10,43,14.0,76.0,6,56,bulk
2444,11,44,18.0,76.0,6,64,general
2445,11,45,22.0,76.0,6,58,fast
2446,11,46,26.0,76.0,5,52,general
2447,11,47,30.0,76.0,4,53,fast
2448,0,0,2.0,77.5,4,63,general
2449,0,1,6.0,77.5,5,54,fragile
2450,0,2,10.0,77.5,6,67,fragile
2451,0,3,14.0,77.5,5,68,general
2452,1,4,18.0,77.5,5,61,general
2453,1,5,22.0,77.5,6,66,general
2454,1,6,26.0,77.5,4,55,fast
2455,1,7,30.0,77.5,4,56,fragile
2456,2,8,2.0,77.5,5,69,fast
2457,2,9,6.0,77.5,6,52,bulk
2458,2,10,10.0,77.5,6,55,fragile
2459,2,11,14.0,77.5,4,53,general
2460,3,12,18.0,77.5,4,67,fast
2461,3,13,22.0,77.5,5,55,fragile
2462,3,14,26.0,77.5,6,58,fragile
2463,3,15,30.0,77.5,6,66,fragile
2464,4,16,2.0,77.5,5,59,fast
2465,4,17,6.0,77.5,4,54,fast
2466,4,18,10.0,77.5,4,66,general
2467,4,19,14.0,77.5,6,55,general
2468,5,20,18.0,77.5,5,55,general
2469,5,21,22.0,77.5,5,65,general
2470,5,22,26.0,77.5,5,64,fast
2471,5,23,30.0,77.5,4,67,fast
2472,6,24,2.0,77.5,5,66,fast
2473,6,25,6.0,77.5,5,67,general
2474,6,26,10.0,77.5,4,54,general
2475,6,27,14.0,77.5,4,69,general
2476,7,28,18.0,77.5,6,59,bulk
2477,7,29,22.0,77.5,5,63,fast
2478,7,30,26.0,77.5,4,53,fast
2479,7,31,30.0,77.5,5,64,general
2480,8,32,2.0,77.5,5,66,fast
2481,8,33,6.0,77.5,6,68,fast
2482,8,34,10.0,77.5,4,58,general
2483,8,35,14.0,77.5,6,68,bulk
2484,9,36,18.0,77.5,6,56,general
2485,9,37,22.0,77.5,6,52,fragile
2486,9,38,26.0,77.5,4,64,fast
2487,9,39,30.0,77.5,5,65,bulk
2488,10,40,2.0,77.5,5,65,fragile
2489,10,41,6.0,77.5,6,63,fragile
2490,10,42,10.0,77.5,6,55,general
2491,10,43,14.0,77.5,6,67,fragile
2492,11,44,18.0,77.5,6,61,bulk
2493,11,45,22.0,77.5,5,55,bulk
2494,11,46,26.0,77.5,4,58,fragile
2495,11,47,30.0,77.5,4,65,general
2496,0,0,2.0,79.0,4,62,fast
2497,0,1,6.0,79.0,5,68,general
2498,0,2,10.0,79.0,5,59,fast
2499,0,3,14.0,79.0,6,53,general
2500,1,4,18.0,79.0,4,69,general
2501,1,5,22.0,79.0,5,56,fast
2502,1,6,26.0,79.0,5,58,fragile
2503,1,7,30.0,79.0,4,60,general
2504,2,8,2.0,79.0,4,62,general
2505,2,9,6.0,79.0,6,67,general
2506,2,10,10.0,79.0,5,59,general
2507,2,11,14.0,79.0,5,68,general
2508,3,12,18.0,79.0,5,57,general
2509,3,13,22.0,79.0,4,58,general
2510,3,14,26.0,79.0,4,63,general
2511,3,15,30.0,79.0,6,69,fragile
2512,4,16,2.0,79.0,6,53,fragile
2513,4,17,6.0,79.0,5,67,fast
2514,4,18,10.0,79.0,5,66,general
2515,4,19,14.0,79.0,5,57,bulk
2516,5,20,18.0,79.0,6,64,general
2517,5,21,22.0,79.0,5,68,fast
2518,5,22,26.0,79.0,5,67,fast
2519,5,23,30.0,79.0,5,54,general
2520,6,24,2.0,79.0,5,54,general
2521,6,25,6.0,79.0,6,57,fast
2522,6,26,10.0,79.0,5,57,general
2523,6,27,14.0,79.0,6,62,fast
2524,7,28,18.0,79.0,5,64,general
2525,7,29,22.0,79.0,4,54,general
2526,7,30,26.0,79.0,4,53,general
2527,7,31,30.0,79.0,5,60,general
2528,8,32,2.0,79.0,5,65,fast
2529,8,33,6.0,79.0,4,66,fast
2530,8,34,10.0,79.0,6,56,general
2531,8,35,14.0,79.0,5,54,general
2532,9,36,18.0,79.0,6,67,fragile
2533,9,37,22.0,79.0,6,64,general
2534,9,38,26.0,79.0,4,67,fragile
2535,9,39,30.0,79.0,5,67,general
2536,10,40,2.0,79.0,4,55,general
2537,10,41,6.0,79.0,6,68,bulk
2538,10,42,10.0,79.0,5,65,bulk
2539,10,43,14.0,79.0,4,66,general
2540,11,44,18.0,79.0,6,60,fragile
2541,11,45,22.0,79.0,5,64,general
2542,11,46,26.0,79.0,4,60,bulk
2543,11,47,30.0,79.0,4,66,fragile
2544,0,0,2.0,80.5,4,65,fast
2545,0,1,6.0,80.5,4,54,fast
2546,0,2,10.0,80.5,5,65,fast
2547,0,3,14.0,80.5,5,62,general
2548,1,4,18.0,80.5,5,52,general
2549,1,5,22.0,80.5,6,69,fragile
2550,1,6,26.0,80.5,5,64,fragile
2551,1,7,30.0,80.5,6,69,fragile
2552,2,8,2.0,80.5,4,59,fragile
2553,2,9,6.0,80.5,4,62,bulk
2554,2,10,10.0,80.5,4,63,fragile
2555,2,11,14.0,80.5,4,63,general
2556,3,12,18.0,80.5,6,59,fast
2557,3,13,22.0,80.5,4,62,bulk
2558,3,14,26.0,80.5,4,57,fast
2559,3,15,30.0,80.5,5,59,fragile
2560,4,16,2.0,80.5,4,68,fast
2561,4,17,6.0,80.5,6,57,general
2562,4,18,10.0,80.5,4,68,fast
2563,4,19,14.0,80.5,5,56,fast
2564,5,20,18.0,80.5,5,57,fast
2565,5,21,22.0,80.5,6,60,fast
2566,5,22,26.0,80.5,6,66,general
2567,5,23,30.0,80.5,5,55,general
2568,6,24,2.0,80.5,5,54,fast
2569,6,25,6.0,80.5,6,56,general
2570,6,26,10.0,80.5,5,60,general
2571,6,27,14.0,80.5,5,53,bulk
2572,7,28,18.0,80.5,5,60,general
2573,7,29,22.0,80.5,6,60,fast
2574,7,30,26.0,80.5,6,55,fast
2575,7,31,30.0,80.5,4,62,bulk
2576,8,32,2.0,80.5,4,66,general
2577,8,33,6.0,80.5,6,61,fast
2578,8,34,10.0,80.5,5,53,bulk
2579,8,35,14.0,80.5,4,54,general
2580,9,36,18.0,80.5,4,68,fast
2581,9,37,22.0,80.5,5,67,general
2582,9,38,26.0,80.5,5,67,general
2583,9,39,30.0,80.5,4,64,general
2584,10,40,2.0,80.5,6,69,general
2585,10,41,6.0,80.5,5,63,general
2586,10,42,10.0,80.5,4,58,fragile
2587,10,43,14.0,80.5,4,55,general
2588,11,44,18.0,80.5,5,67,fast
2589,11,45,22.0,80.5,5,65,fragile
2590,11,46,26.0,80.5,5,61,general
2591,11,47,30.0,80.5,5,64,general
2592,0,0,2.0,82.0,5,65,fast
2593,0,1,6.0,82.0,4,59,general
2594,0,2,10.0,82.0,6,64,general
2595,0,3,14.0,82.0,6,64,general
2596,1,4,18.0,82.0,6,54,general
2597,1,5,22.0,82.0,5,56,general
2598,1,6,26.0,82.0,6,61,general
2599,1,7,30.0,82.0,6,62,bulk
2600,2,8,2.0,82.0,4,62,general
2601,2,9,6.0,82.0,6,59,fast
2602,2,10,10.0,82.0,5,65,fast
2603,2,11,14.0,82.0,6,60,fragile
2604,3,12,18.0,82.0,6,63,general
2605,3,13,22.0,82.0,6,60,general
2606,3,14,26.0,82.0,6,63,fragile
2607,3,15,30.0,82.0,6,59,fragile
2608,4,16,2.0,82.0,6,52,fast
2609,4,17,6.0,82.0,6,56,fast
2610,4,18,10.0,82.0,6,54,fragile
2611,4,19,14.0,82.0,6,59,fragile
2612,5,20,18.0,82.0,5,59,fragile
2613,5,21,22.0,82.0,5,65,bulk
2614,5,22,26.0,82.0,4,63,bulk
2615,5,23,30.0,82.0,4,63,general
2616,6,24,2.0,82.0,6,66,fragile
2617,6,25,6.0,82.0,6,62,general
2618,6,26,10.0,82.0,5,56,general
2619,6,27,14.0,82.0,4,59,fast
2620,7,28,18.0,82.0,4,61,bulk
2621,7,29,22.0,82.0,6,68,fragile
2622,7,30,26.0,82.0,4,59,fragile
2623,7,31,30.0,82.0,6,55,fast
2624,8,32,2.0,82.0,4,53,fast
2625,8,33,6.0,82.0,5,65,general
2626,8,34,10.0,82.0,6,64,bulk
2627,8,35,14.0,82.0,4,59,bulk
2628,9,36,18.0,82.0,4,52,bulk
2629,9,37,22.0,82.0,5,52,general
2630,9,38,26.0,82.0,6,65,fast
2631,9,39,30.0,82.0,6,59,general
2632,10,40,2.0,82.0,5,57,general
2633,10,41,6.0,82.0,4,63,fast
2634,10,42,10.0,82.0,4,52,fast
2635,10,43,14.0,82.0,6,69,general
2636,11,44,18.0,82.0,5,69,fast
2637,11,45,22.0,82.0,6,67,fast
2638,11,46,26.0,82.0,6,53,fragile
2639,11,47,30.0,82.0,6,66,general
2640,0,0,2.0,83.5,4,69,general
2641,0,1,6.0,83.5,5,69,fast
2642,0,2,10.0,83.5,5,64,fast
2643,0,3,14.0,83.5,6,62,fast
2644,1,4,18.0,83.5,6,64,general
2645,1,5,22.0,83.5,4,52,general
2646,1,6,26.0,83.5,6,66,general
2647,1,7,30.0,83.5,6,56,general
2648,2,8,2.0,83.5,6,60,fragile
2649,2,9,6.0,83.5,6,66,bulk
2650,2,10,10.0,83.5,4,52,bulk
2651,2,11,14.0,83.5,5,58,fragile
2652,3,12,18.0,83.5,4,58,fragile
2653,3,13,22.0,83.5,4,66,general
2654,3,14,26.0,83.5,4,67,general
2655,3,15,30.0,83.5,6,58,fast
2656,4,16,2.0,83.5,5,53,fast
2657,4,17,6.0,83.5,5,56,general
2658,4,18,10.0,83.5,4,54,fragile
2659,4,19,14.0,83.5,4,58,fragile
2660,5,20,18.0,83.5,4,61,general
2661,5,21,22.0,83.5,6,55,general
2662,5,22,26.0,83.5,5,53,general
2663,5,23,30.0,83.5,6,54,general
2664,6,24,2.0,83.5,4,62,general
2665,6,25,6.0,83.5,6,60,fast
2666,6,26,10.0,83.5,5,67,general
2667,6,27,14.0,83.5,5,69,fast
2668,7,28,18.0,83.5,6,55,general
2669,7,29,22.0,83.5,4,68,general
2670,7,30,26.0,83.5,5,61,general
2671,7,31,30.0,83.5,5,65,general
2672,8,32,2.0,83.5,6,53,general
2673,8,33,6.0,83.5,5,65,fast
2674,8,34,10.0,83.5,5,64,fast
2675,8,35,14.0,83.5,5,63,fast
2676,9,36,18.0,83.5,4,59,fast
2677,9,37,22.0,83.5,4,65,fast
2678,9,38,26.0,83.5,6,60,bulk
2679,9,39,30.0,83.5,4,58,fast
2680,10,40,2.0,83.5,5,57,general
2681,10,41,6.0,83.5,4,67,fragile
2682,10,42,10.0,83.5,6,61,fragile
2683,10,43,14.0,83.5,4,66,general
2684,11,44,18.0,83.5,5,67,general
2685,11,45,22.0,83.5,5,66,general
2686,11,46,26.0,83.5,5,64,fragile
2687,11,47,30.0,83.5,5,59,general
2688,0,0,2.0,85.0,4,61,general
2689,0,1,6.0,85.0,6,59,general
2690,0,2,10.0,85.0,6,57,general
2691,0,3,14.0,85.0,5,67,fast
2692,1,4,18.0,85.0,6,58,general
2693,1,5,22.0,85.0,5,68,fast
2694,1,6,26.0,85.0,5,68,bulk
2695,1,7,30.0,85.0,4,67,general
2696,2,8,2.0,85.0,5,65,general
2697,2,9,6.0,85.0,4,61,general
2698,2,10,10.0,85.0,6,56,fragile
2699,2,11,14.0,85.0,4,54,fast
2700,3,12,18.0,85.0,4,65,general
2701,3,13,22.0,85.0,4,62,general
2702,3,14,26.0,85.0,4,65,general
2703,3,15,30.0,85.0,4,56,general
2704,4,16,2.0,85.0,4,67,general
2705,4,17,6.0,85.0,5,67,general
2706,4,18,10.0,85.0,4,64,fragile
2707,4,19,14.0,85.0,4,68,general
2708,5,20,18.0,85.0,6,54,fragile
2709,5,21,22.0,85.0,4,62,fragile
2710,5,22,26.0,85.0,6,62,general
2711,5,23,30.0,85.0,6,63,fast
2712,6,24,2.0,85.0,4,52,fragile
2713,6,25,6.0,85.0,5,54,general
2714,6,26,10.0,85.0,4,61,bulk
2715,6,27,14.0,85.0,5,56,general
2716,7,28,18.0,85.0,5,52,fast
2717,7,29,22.0,85.0,6,68,fast
2718,7,30,26.0,85.0,5,66,fast
2719,7,31,30.0,85.0,6,66,general
2720,8,32,2.0,85.0,5,57,bulk
2721,8,33,6.0,85.0,6,66,general
2722,8,34,10.0,85.0,4,68,fragile
2723,8,35,14.0,85.0,5,53,general
2724,9,36,18.0,85.0,4,64,bulk
2725,9,37,22.0,85.0,4,55,general
2726,9,38,26.0,85.0,6,67,fast
2727,9,39,30.0,85.0,6,64,fragile
2728,10,40,2.0,85.0,4,64,bulk
2729,10,41,6.0,85.0,5,64,general
2730,10,42,10.0,85.0,4,59,fast
2731,10,43,14.0,85.0,6,58,general
2732,11,44,18.0,85.0,4,52,general
2733,11,45,22.0,85.0,4,57,general
2734,11,46,26.0,85.0,6,63,fragile
2735,11,47,30.0,85.0,4,62,fast
2736,0,0,2.0,86.5,4,68,fast
2737,0,1,6.0,86.5,6,53,general
2738,0,2,10.0,86.5,4,67,general
2739,0,3,14.0,86.5,4,58,fast
2740,1,4,18.0,86.5,6,69,general
2741,1,5,22.0,86.5,6,61,fast
2742,1,6,26.0,86.5,4,63,fragile
2743,1,7,30.0,86.5,6,56,general
2744,2,8,2.0,86.5,6,58,fast
2745,2,9,6.0,86.5,4,52,fragile
2746,2,10,10.0,86.5,5,65,fast
2747,2,11,14.0,86.5,5,61,general
2748,3,12,18.0,86.5,5,69,general
2749,3,13,22.0,86.5,5,55,fast
2750,3,14,26.0,86.5,5,52,general
2751,3,15,30.0,86.5,6,59,fragile
2752,4,16,2.0,86.5,4,55,fragile
2753,4,17,6.0,86.5,5,54,general
2754,4,18,10.0,86.5,5,67,general
2755,4,19,14.0,86.5,6,62,general
2756,5,20,18.0,86.5,6,66,general
2757,5,21,22.0,86.5,4,56,bulk
2758,5,22,26.0,86.5,5,67,fragile
2759,5,23,30.0,86.5,4,55,fast
2760,6,24,2.0,86.5,5,59,general
2761,6,25,6.0,86.5,5,69,fragile
2762,6,26,10.0,86.5,6,53,fast
2763,6,27,14.0,86.5,6,54,fast
2764,7,28,18.0,86.5,5,65,fast
2765,7,29,22.0,86.5,6,68,general
2766,7,30,26.0,86.5,5,58,fast
2767,7,31,30.0,86.5,4,60,general
2768,8,32,2.0,86.5,5,62,bulk
2769,8,33,6.0,86.5,5,63,bulk
2770,8,34,10.0,86.5,6,61,fast
2771,8,35,14.0,86.5,6,67,general
2772,9,36,18.0,86.5,4,52,general
2773,9,37,22.0,86.5,4,59,fragile
2774,9,38,26.0,86.5,5,61,fast
2775,9,39,30.0,86.5,6,62,bulk
2776,10,40,2.0,86.5,5,55,fragile
2777,10,41,6.0,86.5,6,53,fragile
2778,10,42,10.0,86.5,4,56,general
2779,10,43,14.0,86.5,5,69,general
2780,11,44,18.0,86.5,6,53,fragile
2781,11,45,22.0,86.5,4,52,bulk
2782,11,46,26.0,86.5,6,58,bulk
2783,11,47,30.0,86.5,5,68,general
2784,0,0,2.0,88.0,4,57,bulk
2785,0,1,6.0,88.0,4,60,fast
2786,0,2,10.0,88.0,4,63,fast
2787,0,3,14.0,88.0,4,66,fragile
2788,1,4,18.0,88.0,6,52,general
2789,1,5,22.0,88.0,6,64,general
2790,1,6,26.0,88.0,6,66,fragile
2791,1,7,30.0,88.0,6,64,bulk
2792,2,8,2.0,88.0,5,59,bulk
2793,2,9,6.0,88.0,4,65,fragile
2794,2,10,10.0,88.0,5,67,fast
2795,2,11,14.0,88.0,6,56,general
2796,3,12,18.0,88.0,6,64,general
2797,3,13,22.0,88.0,5,62,general
2798,3,14,26.0,88.0,6,61,fast
2799,3,15,30.0,88.0,6,56,general
2800,4,16,2.0,88.0,6,66,bulk
2801,4,17,6.0,88.0,6,52,fragile
2802,4,18,10.0,88.0,4,67,general
2803,4,19,14.0,88.0,6,57,general
2804,5,20,18.0,88.0,5,55,general
2805,5,21,22.0,88.0,6,57,general
2806,5,22,26.0,88.0,4,65,bulk
2807,5,23,30.0,88.0,4,69,general
2808,6,24,2.0,88.0,6,65,fragile
2809,6,25,6.0,88.0,5,55,fragile
2810,6,26,10.0,88.0,5,54,fragile
2811,6,27,14.0,88.0,4,52,general
2812,7,28,18.0,88.0,6,67,fast
2813,7,29,22.0,88.0,4,67,fragile
2814,7,30,26.0,88.0,4,65,fragile
2815,7,31,30.0,88.0,4,60,fast
2816,8,32,2.0,88.0,4,69,general
2817,8,33,6.0,88.0,5,53,fragile
2818,8,34,10.0,88.0,5,61,bulk
2819,8,35,14.0,88.0,4,55,general
2820,9,36,18.0,88.0,4,63,general
2821,9,37,22.0,88.0,4,69,fast
2822,9,38,26.0,88.0,4,54,fragile
2823,9,39,30.0,88.0,6,55,fragile
2824,10,40,2.0,88.0,5,59,bulk
2825,10,41,6.0,88.0,4,58,general
2826,10,42,10.0,88.0,5,66,bulk
2827,10,43,14.0,88.0,5,68,fragile
2828,11,44,18.0,88.0,6,65,fragile
2829,11,45,22.0,88.0,5,69,fast
2830,11,46,26.0,88.0,6,58,general
2831,11,47,30.0,88.0,4,69,fast
2832,0,0,2.0,89.5,4,53,general
2833,0,1,6.0,89.5,5,53,fast
2834,0,2,10.0,89.5,4,56,general
2835,0,3,14.0,89.5,5,52,general
2836,1,4,18.0,89.5,6,68,general
2837,1,5,22.0,89.5,6,67,fast
2838,1,6,26.0,89.5,6,57,fragile
2839,1,7,30.0,89.5,4,66,fast
2840,2,8,2.0,89.5,4,67,fragile
2841,2,9,6.0,89.5,4,56,fast
2842,2,10,10.0,89.5,4,58,general
2843,2,11,14.0,89.5,5,55,fast
2844,3,12,18.0,89.5,4,60,general
2845,3,13,22.0,89.5,6,52,general
2846,3,14,26.0,89.5,4,66,fragile
2847,3,15,30.0,89.5,6,63,fast
2848,4,16,2.0,89.5,4,69,general
2849,4,17,6.0,89.5,5,60,fragile
2850,4,18,10.0,89.5,5,62,fast
2851,4,19,14.0,89.5,6,68,bulk
2852,5,20,18.0,89.5,4,56,general
2853,5,21,22.0,89.5,6,59,general
2854,5,22,26.0,89.5,6,57,fast
2855,5,23,30.0,89.5,6,61,general
2856,6,24,2.0,89.5,6,64,fast
2857,6,25,6.0,89.5,6,60,bulk
2858,6,26,10.0,89.5,4,69,fast
2859,6,27,14.0,89.5,6,58,general
2860,7,28,18.0,89.5,4,58,fragile
2861,7,29,22.0,89.5,4,59,fast
2862,7,30,26.0,89.5,4,58,general
2863,7,31,30.0,89.5,6,61,fast
2864,8,32,2.0,89.5,5,60,fragile
2865,8,33,6.0,89.5,5,69,fast
2866,8,34,10.0,89.5,5,61,general
2867,8,35,14.0,89.5,4,69,fast
2868,9,36,18.0,89.5,6,58,general
2869,9,37,22.0,89.5,4,59,general
2870,9,38,26.0,89.5,4,53,fast
2871,9,39,30.0,89.5,4,63,general
2872,10,40,2.0,89.5,5,64,fast
2873,10,41,6.0,89.5,5,66,fast
2874,10,42,10.0,89.5,6,56,fast
2875,10,43,14.0,89.5,4,53,general
2876,11,44,18.0,89.5,6,55,general
2877,11,45,22.0,89.5,5,62,fast
2878,11,46,26.0,89.5,6,68,bulk
2879,11,47,30.0,89.5,4,68,general
2880,0,0,2.0,91.0,5,53,bulk
2881,0,1,6.0,91.0,4,62,general
2882,0,2,10.0,91.0,5,66,fast
2883,0,3,14.0,91.0,4,63,general
2884,1,4,18.0,91.0,5,55,general
2885,1,5,22.0,91.0,4,62,general
2886,1,6,26.0,91.0,5,63,general
2887,1,7,30.0,91.0,6,58,bulk
2888,2,8,2.0,91.0,4,56,general
2889,2,9,6.0,91.0,5,56,general
2890,2,10,10.0,91.0,5,64,fragile
2891,2,11,14.0,91.0,5,63,fast
2892,3,12,18.0,91.0,4,64,general
2893,3,13,22.0,91.0,6,61,fast
2894,3,14,26.0,91.0,6,67,fast
2895,3,15,30.0,91.0,5,65,fast
2896,4,16,2.0,91.0,4,54,general
2897,4,17,6.0,91.0,6,54,bulk
2898,4,18,10.0,91.0,4,56,fragile
2899,4,19,14.0,91.0,5,66,general
2900,5,20,18.0,91.0,4,68,fragile
2901,5,21,22.0,91.0,5,55,general
2902,5,22,26.0,91.0,4,69,fast
2903,5,23,30.0,91.0,6,53,general
2904,6,24,2.0,91.0,6,65,general
2905,6,25,6.0,91.0,5,62,fragile
2906,6,26,10.0,91.0,6,55,fast
2907,6,27,14.0,91.0,4,63,general
2908,7,28,18.0,91.0,4,52,bulk
2909,7,29,22.0,91.0,4,60,fast
2910,7,30,26.0,91.0,4,56,fast
2911,7,31,30.0,91.0,6,54,general
2912,8,32,2.0,91.0,5,57,fragile
2913,8,33,6.0,91.0,5,59,fragile
2914,8,34,10.0,91.0,4,65,fragile
2915,8,35,14.0,91.0,6,67,fast
2916,9,36,18.0,91.0,5,59,fast
2917,9,37,22.0,91.0,5,52,general
2918,9,38,26.0,91.0,4,57,fast
2919,9,39,30.0,91.0,4,56,bulk
2920,10,40,2.0,91.0,5,54,bulk
2921,10,41,6.0,91.0,5,57,general
2922,10,42,10.0,91.0,6,57,fragile
2923,10,43,14.0,91.0,4,53,bulk
2924,11,44,18.0,91.0,6,61,fragile
2925,11,45,22.0,91.0,6,64,general
2926,11,46,26.0,91.0,6,54,bulk
2927,11,47,30.0,91.0,5,61,general
2928,0,0,2.0,92.5,5,61,fast
2929,0,1,6.0,92.5,6,61,fast
2930,0,2,10.0,92.5,5,54,general
2931,0,3,14.0,92.5,4,60,fragile
2932,1,4,18.0,92.5,4,54,general
2933,1,5,22.0,92.5,4,62,general
2934,1,6,26.0,92.5,4,53,fast
2935,1,7,30.0,92.5,4,63,general
2936,2,8,2.0,92.5,6,60,fast
2937,2,9,6.0,92.5,6,52,general
2938,2,10,10.0,92.5,5,54,bulk
2939,2,11,14.0,92.5,4,63,fragile
2940,3,12,18.0,92.5,6,62,fast
2941,3,13,22.0,92.5,5,67,general
2942,3,14,26.0,92.5,5,65,general
2943,3,15,30.0,92.5,5,55,general
2944,4,16,2.0,92.5,6,57,bulk
2945,4,17,6.0,92.5,4,55,bulk
2946,4,18,10.0,92.5,5,69,general
2947,4,19,14.0,92.5,4,53,fast
2948,5,20,18.0,92.5,5,67,bulk
2949,5,21,22.0,92.5,5,54,general
2950,5,22,26.0,92.5,4,68,bulk
2951,5,23,30.0,92.5,5,56,general
2952,6,24,2.0,92.5,4,66,general
2953,6,25,6.0,92.5,6,58,fast
2954,6,26,10.0,92.5,6,58,general
2955,6,27,14.0,92.5,6,58,general
2956,7,28,18.0,92.5,4,56,bulk
2957,7,29,22.0,92.5,6,53,fast
2958,7,30,26.0,92.5,4,56,general
2959,7,31,30.0,92.5,4,66,general
2960,8,32,2.0,92.5,4,69,general
2961,8,33,6.0,92.5,5,59,general
2962,8,34,10.0,92.5,5,66,general
2963,8,35,14.0,92.5,4,62,general
2964,9,36,18.0,92.5,6,58,fast
2965,9,37,22.0,92.5,6,59,general
2966,9,38,26.0,92.5,5,59,fast
2967,9,39,30.0,92.5,4,59,general
2968,10,40,2.0,92.5,5,62,general
2969,10,41,6.0,92.5,5,54,fragile
2970,10,42,10.0,92.5,5,56,fast
2971,10,43,14.0,92.5,4,60,bulk
2972,11,44,18.0,92.5,4,64,general
2973,11,45,22.0,92.5,4,60,fast
2974,11,46,26.0,92.5,5,57,fast
2975,11,47,30.0,92.5,6,57,fragile
2976,0,0,2.0,94.0,6,56,general
2977,0,1,6.0,94.0,5,62,general
2978,0,2,10.0,94.0,4,69,fragile
2979,0,3,14.0,94.0,5,53,general
2980,1,4,18.0,94.0,5,52,general
2981,1,5,22.0,94.0,6,64,general
2982,1,6,26.0,94.0,4,53,fast
2983,1,7,30.0,94.0,5,54,fragile
2984,2,8,2.0,94.0,5,55,fast
2985,2,9,6.0,94.0,6,60,general
2986,2,10,10.0,94.0,6,62,fragile
2987,2,11,14.0,94.0,6,57,fragile
2988,3,12,18.0,94.0,4,66,fast
2989,3,13,22.0,94.0,4,60,fragile
2990,3,14,26.0,94.0,5,59,fast
2991,3,15,30.0,94.0,5,54,fast
2992,4,16,2.0,94.0,6,55,fast
2993,4,17,6.0,94.0,4,65,bulk
2994,4,18,10.0,94.0,5,55,general
2995,4,19,14.0,94.0,5,54,general
2996,5,20,18.0,94.0,5,52,fragile
2997,5,21,22.0,94.0,5,64,general
2998,5,22,26.0,94.0,4,57,general
2999,5,23,30.0,94.0,6,58,general
3000,6,24,2.0,94.0,4,58,general
3001,6,25,6.0,94.0,4,54,general
3002,6,26,10.0,94.0,6,59,general
3003,6,27,14.0,94.0,5,52,fragile
3004,7,28,18.0,94.0,5,60,general
3005,7,29,22.0,94.0,5,58,fast
3006,7,30,26.0,94.0,5,69,general
3007,7,31,30.0,94.0,6,64,fast
3008,8,32,2.0,94.0,5,61,general
3009,8,33,6.0,94.0,6,60,general
3010,8,34,10.0,94.0,5,69,general
3011,8,35,14.0,94.0,4,57,general
3012,9,36,18.0,94.0,5,59,fragile
3013,9,37,22.0,94.0,6,65,fragile
3014,9,38,26.0,94.0,6,54,general
3015,9,39,30.0,94.0,4,55,general
3016,10,40,2.0,94.0,6,58,fast
3017,10,41,6.0,94.0,5,68,bulk
3018,10,42,10.0,94.0,4,65,general
3019,10,43,14.0,94.0,4,53,general
3020,11,44,18.0,94.0,5,52,general
3021,11,45,22.0,94.0,4,64,fragile
3022,11,46,26.0,94.0,6,60,general
3023,11,47,30.0,94.0,6,63,general
3024,0,0,2.0,95.5,4,64,bulk
3025,0,1,6.0,95.5,6,57,general
3026,0,2,10.0,95.5,4,63,fragile
3027,0,3,14.0,95.5,5,64,general
3028,1,4,18.0,95.5,4,62,fragile
3029,1,5,22.0,95.5,4,61,general
3030,1,6,26.0,95.5,6,52,fragile
3031,1,7,30.0,95.5,4,66,general
3032,2,8,2.0,95.5,4,63,general
3033,2,9,6.0,95.5,4,60,fast
3034,2,10,10.0,95.5,4,63,general
3035,2,11,14.0,95.5,5,61,fast
3036,3,12,18.0,95.5,5,52,general
3037,3,13,22.0,95.5,4,63,bulk
3038,3,14,26.0,95.5,6,56,fragile
3039,3,15,30.0,95.5,4,53,general
3040,4,16,2.0,95.5,5,57,general
3041,4,17,6.0,95.5,4,54,fast
3042,4,18,10.0,95.5,5,67,fast
3043,4,19,14.0,95.5,4,54,general
3044,5,20,18.0,95.5,4,52,general
3045,5,21,22.0,95.5,6,64,fast
3046,5,22,26.0,95.5,4,55,bulk
3047,5,23,30.0,95.5,6,67,general
3048,6,24,2.0,95.5,6,65,general
3049,6,25,6.0,95.5,6,57,general
3050,6,26,10.0,95.5,4,68,fast
3051,6,27,14.0,95.5,6,64,general
3052,7,28,18.0,95.5,6,59,fast
3053,7,29,22.0,95.5,4,56,bulk
3054,7,30,26.0,95.5,6,52,fragile
3055,7,31,30.0,95.5,5,62,general
3056,8,32,2.0,95.5,6,68,general
3057,8,33,6.0,95.5,6,66,general
3058,8,34,10.0,95.5,4,55,fragile
3059,8,35,14.0,95.5,6,63,general
3060,9,36,18.0,95.5,5,61,general
3061,9,37,22.0,95.5,5,66,general
3062,9,38,26.0,95.5,4,63,general
3063,9,39,30.0,95.5,6,53,general
3064,10,40,2.0,95.5,4,53,fast
3065,10,41,6.0,95.5,6,59,general
3066,10,42,10.0,95.5,6,68,general
3067,10,43,14.0,95.5,4,67,fast
3068,11,44,18.0,95.5,4,55,general
3069,11,45,22.0,95.5,5,57,fast
3070,11,46,26.0,95.5,6,69,general
3071,11,47,30.0,95.5,4,67,fast
3072,0,0,2.0,97.0,6,61,fragile
3073,0,1,6.0,97.0,4,56,general
3074,0,2,10.0,97.0,5,57,general
3075,0,3,14.0,97.0,5,61,fast
3076,1,4,18.0,97.0,5,59,fast
3077,1,5,22.0,97.0,5,62,general
3078,1,6,26.0,97.0,4,63,general
3079,1,7,30.0,97.0,4,59,fast
3080,2,8,2.0,97.0,4,53,fragile
3081,2,9,6.0,97.0,4,63,general
3082,2,10,10.0,97.0,6,52,general
3083,2,11,14.0,97.0,5,52,bulk
3084,3,12,18.0,97.0,6,53,fragile
3085,3,13,22.0,97.0,4,55,bulk
3086,3,14,26.0,97.0,4,55,general
3087,3,15,30.0,97.0,6,64,fast
3088,4,16,2.0,97.0,5,62,general
3089,4,17,6.0,97.0,4,55,general
3090,4,18,10.0,97.0,5,60,bulk
3091,4,19,14.0,97.0,5,60,fast
3092,5,20,18.0,97.0,5,62,general
3093,5,21,22.0,97.0,6,63,bulk
3094,5,22,26.0,97.0,6,64,fast
3095,5,23,30.0,97.0,6,68,general
3096,6,24,2.0,97.0,4,67,bulk
3097,6,25,6.0,97.0,4,63,general
3098,6,26,10.0,97.0,5,69,general
3099,6,27,14.0,97.0,4,59,general
3100,7,28,18.0,97.0,5,52,general
3101,7,29,22.0,97.0,4,68,general
3102,7,30,26.0,97.0,6,52,general
3103,7,31,30.0,97.0,5,57,general
3104,8,32,2.0,97.0,5,54,general
3105,8,33,6.0,97.0,4,68,fast
3106,8,34,10.0,97.0,4,57,fast
3107,8,35,14.0,97.0,6,56,general
3108,9,36,18.0,97.0,5,65,general
3109,9,37,22.0,97.0,5,60,general
3110,9,38,26.0,97.0,6,58,general
3111,9,39,30.0,97.0,4,62,general
3112,10,40,2.0,97.0,4,65,general
3113,10,41,6.0,97.0,4,65,fragile
3114,10,42,10.0,97.0,4,63,general
3115,10,43,14.0,97.0,4,64,general
3116,11,44,18.0,97.0,4,57,general
3117,11,45,22.0,97.0,6,54,bulk
3118,11,46,26.0,97.0,5,60,bulk
3119,11,47,30.0,97.0,4,53,fragile
3120,0,0,2.0,98.5,6,67,bulk
3121,0,1,6.0,98.5,4,63,fragile
3122,0,2,10.0,98.5,4,68,fragile
3123,0,3,14.0,98.5,5,52,bulk
3124,1,4,18.0,98.5,6,53,fragile
3125,1,5,22.0,98.5,4,54,general
3126,1,6,26.0,98.5,4,61,general
3127,1,7,30.0,98.5,6,58,general
3128,2,8,2.0,98.5,6,60,general
3129,2,9,6.0,98.5,4,66,fast
3130,2,10,10.0,98.5,5,52,fast
3131,2,11,14.0,98.5,5,56,bulk
3132,3,12,18.0,98.5,4,63,general
3133,3,13,22.0,98.5,5,59,general
3134,3,14,26.0,98.5,4,62,fast
3135,3,15,30.0,98.5,4,63,fast
3136,4,16,2.0,98.5,4,63,general
3137,4,17,6.0,98.5,6,67,general
3138,4,18,10.0,98.5,5,65,general
3139,4,19,14.0,98.5,4,67,general
3140,5,20,18.0,98.5,6,68,fast
3141,5,21,22.0,98.5,6,63,fast
3142,5,22,26.0,98.5,4,61,general
3143,5,23,30.0,98.5,6,66,fragile
3144,6,24,2.0,98.5,6,60,bulk
3145,6,25,6.0,98.5,4,55,general
3146,6,26,10.0,98.5,5,68,bulk
3147,6,27,14.0,98.5,5,57,general
3148,7,28,18.0,98.5,5,67,general
3149,7,29,22.0,98.5,6,61,general
3150,7,30,26.0,98.5,6,68,fast
3151,7,31,30.0,98.5,4,54,general
3152,8,32,2.0,98.5,4,56,general
3153,8,33,6.0,98.5,5,60,fast
3154,8,34,10.0,98.5,4,56,general
3155,8,35,14.0,98.5,4,69,general
3156,9,36,18.0,98.5,5,53,general
3157,9,37,22.0,98.5,4,60,general
3158,9,38,26.0,98.5,6,56,general
3159,9,39,30.0,98.5,4,53,general
3160,10,40,2.0,98.5,6,57,fragile
3161,10,41,6.0,98.5,6,65,fast
3162,10,42,10.0,98.5,6,56,fast
3163,10,43,14.0,98.5,5,60,fragile
3164,11,44,18.0,98.5,6,57,bulk
3165,11,45,22.0,98.5,6,61,fast
3166,11,46,26.0,98.5,6,69,general
3167,11,47,30.0,98.5,6,65,fast
3168,0,0,2.0,100.0,6,60,fast
3169,0,1,6.0,100.0,6,55,general
3170,0,2,10.0,100.0,4,57,bulk
3171,0,3,14.0,100.0,4,54,fragile
3172,1,4,18.0,100.0,6,55,fast
3173,1,5,22.0,100.0,5,64,general
3174,1,6,26.0,100.0,4,64,fragile
3175,1,7,30.0,100.0,5,58,fragile
3176,2,8,2.0,100.0,5,53,general
3177,2,9,6.0,100.0,4,62,fragile
3178,2,10,10.0,100.0,6,67,fragile
3179,2,11,14.0,100.0,6,68,bulk
3180,3,12,18.0,100.0,4,60,general
3181,3,13,22.0,100.0,5,54,general
3182,3,14,26.0,100.0,5,68,general
3183,3,15,30.0,100.0,5,66,fragile
3184,4,16,2.0,100.0,5,64,fast
3185,4,17,6.0,100.0,4,64,fast
3186,4,18,10.0,100.0,5,53,general
3187,4,19,14.0,100.0,6,66,fast
3188,5,20,18.0,100.0,4,64,general
3189,5,21,22.0,100.0,6,55,general
3190,5,22,26.0,100.0,4,56,general
3191,5,23,30.0,100.0,6,55,fragile
3192,6,24,2.0,100.0,6,55,general
3193,6,25,6.0,100.0,6,59,bulk
3194,6,26,10.0,100.0,5,58,bulk
3195,6,27,14.0,100.0,4,69,general
3196,7,28,18.0,100.0,4,69,fragile
3197,7,29,22.0,100.0,4,53,fragile
3198,7,30,26.0,100.0,4,62,fragile
3199,7,31,30.0,100.0,5,55,general
3200,8,32,2.0,100.0,5,60,fast
3201,8,33,6.0,100.0,6,52,general
3202,8,34,10.0,100.0,4,53,bulk
3203,8,35,14.0,100.0,4,57,general
3204,9,36,18.0,100.0,5,65,fast
3205,9,37,22.0,100.0,4,55,fast
3206,9,38,26.0,100.0,6,65,general
3207,9,39,30.0,100.0,6,63,fast
3208,10,40,2.0,100.0,5,67,general
3209,10,41,6.0,100.0,4,60,fragile
3210,10,42,10.0,100.0,6,57,general
3211,10,43,14.0,100.0,6,59,general
3212,11,44,18.0,100.0,5,54,fast
3213,11,45,22.0,100.0,5,55,fragile
3214,11,46,26.0,100.0,6,66,general
3215,11,47,30.0,100.0,6,55,general
3216,0,0,2.0,101.5,4,57,fast
3217,0,1,6.0,101.5,4,60,general
3218,0,2,10.0,101.5,5,56,general
3219,0,3,14.0,101.5,6,55,bulk
3220,1,4,18.0,101.5,5,58,general
3221,1,5,22.0,101.5,6,56,bulk
3222,1,6,26.0,101.5,5,58,fast
3223,1,7,30.0,101.5,6,62,general
3224,2,8,2.0,101.5,6,52,general
3225,2,9,6.0,101.5,5,62,fast
3226,2,10,10.0,101.5,6,57,general
3227,2,11,14.0,101.5,6,65,general
3228,3,12,18.0,101.5,6,61,bulk
3229,3,13,22.0,101.5,6,62,general
3230,3,14,26.0,101.5,5,52,fragile
3231,3,15,30.0,101.5,6,63,general
3232,4,16,2.0,101.5,6,59,general
3233,4,17,6.0,101.5,4,65,fragile
3234,4,18,10.0,101.5,6,52,general
3235,4,19,14.0,101.5,6,53,fast
3236,5,20,18.0,101.5,5,65,fragile
3237,5,21,22.0,101.5,6,53,bulk
3238,5,22,26.0,101.5,5,67,fast
3239,5,23,30.0,101.5,5,62,fragile
3240,6,24,2.0,101.5,4,58,fast
3241,6,25,6.0,101.5,5,52,fragile
3242,6,26,10.0,101.5,6,61,fragile
3243,6,27,14.0,101.5,6,52,fragile
3244,7,28,18.0,101.5,5,59,general
3245,7,29,22.0,101.5,4,55,fast
3246,7,30,26.0,101.5,4,58,fragile
3247,7,31,30.0,101.5,4,65,general
3248,8,32,2.0,101.5,5,66,fragile
3249,8,33,6.0,101.5,6,57,general
3250,8,34,10.0,101.5,4,66,fast
3251,8,35,14.0,101.5,5,52,fragile
3252,9,36,18.0,101.5,5,52,fragile
3253,9,37,22.0,101.5,4,61,fast
3254,9,38,26.0,101.5,6,54,general
3255,9,39,30.0,101.5,5,56,general
3256,10,40,2.0,101.5,4,67,general
3257,10,41,6.0,101.5,6,56,general
3258,10,42,10.0,101.5,4,55,general
3259,10,43,14.0,101.5,6,64,fragile
3260,11,44,18.0,101.5,4,69,fast
3261,11,45,22.0,101.5,4,60,general
3262,11,46,26.0,101.5,5,69,general
3263,11,47,30.0,101.5,4,52,general
3264,0,0,2.0,103.0,4,62,fast
3265,0,1,6.0,103.0,4,58,fast
3266,0,2,10.0,103.0,4,67,bulk
3267,0,3,14.0,103.0,4,58,fast
3268,1,4,18.0,103.0,4,53,general
3269,1,5,22.0,103.0,4,66,general
3270,1,6,26.0,103.0,4,58,general
3271,1,7,30.0,103.0,4,54,bulk
3272,2,8,2.0,103.0,6,59,fragile
3273,2,9,6.0,103.0,6,62,fragile
3274,2,10,10.0,103.0,6,56,fragile
3275,2,11,14.0,103.0,5,52,fragile
3276,3,12,18.0,103.0,5,69,fragile
3277,3,13,22.0,103.0,4,68,general
3278,3,14,26.0,103.0,6,66,fragile
3279,3,15,30.0,103.0,6,55,bulk
3280,4,16,2.0,103.0,5,65,fragile
3281,4,17,6.0,103.0,5,66,fast
3282,4,18,10.0,103.0,6,66,general
3283,4,19,14.0,103.0,4,64,general
3284,5,20,18.0,103.0,5,63,general
3285,5,21,22.0,103.0,5,67,fast
3286,5,22,26.0,103.0,5,55,bulk
3287,5,23,30.0,103.0,4,58,general
3288,6,24,2.0,103.0,4,56,fragile
3289,6,25,6.0,103.0,4,59,fragile
3290,6,26,10.0,103.0,5,68,bulk
3291,6,27,14.0,103.0,6,67,general
3292,7,28,18.0,103.0,5,59,fast
3293,7,29,22.0,103.0,4,57,fast
3294,7,30,26.0,103.0,5,61,general
3295,7,31,30.0,103.0,5,54,fragile
3296,8,32,2.0,103.0,5,54,general
3297,8,33,6.0,103.0,5,63,fast
3298,8,34,10.0,103.0,6,67,general
3299,8,35,14.0,103.0,6,57,general
3300,9,36,18.0,103.0,4,62,bulk
3301,9,37,22.0,103.0,4,58,fragile
3302,9,38,26.0,103.0,6,52,general
3303,9,39,30.0,103.0,6,61,fast
3304,10,40,2.0,103.0,6,57,general
3305,10,41,6.0,103.0,6,60,general
3306,10,42,10.0,103.0,5,66,fragile
3307,10,43,14.0,103.0,6,65,general
3308,11,44,18.0,103.0,5,69,fast
3309,11,45,22.0,103.0,4,68,bulk
3310,11,46,26.0,103.0,5,69,fast
3311,11,47,30.0,103.0,4,67,general
3312,0,0,2.0,104.5,4,62,general
3313,0,1,6.0,104.5,4,58,general
3314,0,2,10.0,104.5,4,56,fast
3315,0,3,14.0,104.5,6,64,fast
3316,1,4,18.0,104.5,6,68,general
3317,1,5,22.0,104.5,4,56,fast
3318,1,6,26.0,104.5,4,60,general
3319,1,7,30.0,104.5,4,61,fragile
3320,2,8,2.0,104.5,4,69,general
3321,2,9,6.0,104.5,5,55,fragile
3322,2,10,10.0,104.5,5,53,bulk
3323,2,11,14.0,104.5,6,68,general
3324,3,12,18.0,104.5,6,61,general
3325,3,13,22.0,104.5,5,57,fragile
3326,3,14,26.0,104.5,4,52,general
3327,3,15,30.0,104.5,4,58,fast
3328,4,16,2.0,104.5,4,66,general
3329,4,17,6.0,104.5,4,68,general
3330,4,18,10.0,104.5,4,61,fragile
3331,4,19,14.0,104.5,5,62,general
3332,5,20,18.0,104.5,5,58,general
3333,5,21,22.0,104.5,5,65,fragile
3334,5,22,26.0,104.5,5,57,fast
3335,5,23,30.0,104.5,4,67,fast
3336,6,24,2.0,104.5,4,67,fast
3337,6,25,6.0,104.5,5,53,general
3338,6,26,10.0,104.5,5,57,fast
3339,6,27,14.0,104.5,5,62,bulk
3340,7,28,18.0,104.5,6,66,bulk
3341,7,29,22.0,104.5,4,68,general
3342,7,30,26.0,104.5,5,56,fast
3343,7,31,30.0,104.5,5,52,fast
3344,8,32,2.0,104.5,4,58,general
3345,8,33,6.0,104.5,6,61,fast
3346,8,34,10.0,104.5,5,52,general
3347,8,35,14.0,104.5,4,55,general
3348,9,36,18.0,104.5,6,68,bulk
3349,9,37,22.0,104.5,6,60,fragile
3350,9,38,26.0,104.5,5,66,bulk
3351,9,39,30.0,104.5,5,58,fragile
3352,10,40,2.0,104.5,4,61,fast
3353,10,41,6.0,104.5,4,55,general
3354,10,42,10.0,104.5,4,64,fast
3355,10,43,14.0,104.5,5,57,fragile
3356,11,44,18.0,104.5,4,54,bulk
3357,11,45,22.0,104.5,4,61,general
3358,11,46,26.0,104.5,5,53,general
3359,11,47,30.0,104.5,4,57,fast
3360,0,0,2.0,106.0,6,52,fast
3361,0,1,6.0,106.0,6,56,general
3362,0,2,10.0,106.0,6,57,general
3363,0,3,14.0,106.0,5,54,fragile
3364,1,4,18.0,106.0,6,56,bulk
3365,1,5,22.0,106.0,6,55,fast
3366,1,6,26.0,106.0,5,62,fast
3367,1,7,30.0,106.0,4,64,fast
3368,2,8,2.0,106.0,4,56,general
3369,2,9,6.0,106.0,4,68,general
3370,2,10,10.0,106.0,4,53,bulk
3371,2,11,14.0,106.0,5,64,general
3372,3,12,18.0,106.0,4,52,fragile
3373,3,13,22.0,106.0,6,66,fast
3374,3,14,26.0,106.0,6,58,fast
3375,3,15,30.0,106.0,6,54,fast
3376,4,16,2.0,106.0,4,61,fast
3377,4,17,6.0,106.0,4,64,general
3378,4,18,10.0,106.0,5,65,bulk
3379,4,19,14.0,106.0,4,69,fast
3380,5,20,18.0,106.0,4,68,general
3381,5,21,22.0,106.0,4,69,general
3382,5,22,26.0,106.0,5,58,fast
3383,5,23,30.0,106.0,5,52,general
3384,6,24,2.0,106.0,6,62,general
3385,6,25,6.0,106.0,4,54,fragile
3386,6,26,10.0,106.0,6,58,general
3387,6,27,14.0,106.0,4,58,general
3388,7,28,18.0,106.0,6,67,general
3389,7,29,22.0,106.0,6,53,general
3390,7,30,26.0,106.0,6,57,general
3391,7,31,30.0,106.0,4,69,general
3392,8,32,2.0,106.0,5,63,bulk
3393,8,33,6.0,106.0,6,53,general
3394,8,34,10.0,106.0,5,67,fast
3395,8,35,14.0,106.0,5,60,general
3396,9,36,18.0,106.0,6,55,general
3397,9,37,22.0,106.0,4,69,general
3398,9,38,26.0,106.0,5,56,fragile
3399,9,39,30.0,106.0,6,69,fragile
3400,10,40,2.0,106.0,4,53,fast
3401,10,41,6.0,106.0,4,61,fragile
3402,10,42,10.0,106.0,6,69,fragile
3403,10,43,14.0,106.0,5,57,fragile
3404,11,44,18.0,106.0,5,64,fast
3405,11,45,22.0,106.0,5,62,general
3406,11,46,26.0,106.0,4,59,fragile
3407,11,47,30.0,106.0,4,56,general
3408,0,0,2.0,107.5,5,64,general
3409,0,1,6.0,107.5,6,53,general
3410,0,2,10.0,107.5,6,69,fast
3411,0,3,14.0,107.5,4,64,general
3412,1,4,18.0,107.5,4,67,fast
3413,1,5,22.0,107.5,5,54,fast
3414,1,6,26.0,107.5,6,52,fast
3415,1,7,30.0,107.5,4,55,fragile
3416,2,8,2.0,107.5,5,52,bulk
3417,2,9,6.0,107.5,5,68,general
3418,2,10,10.0,107.5,5,67,fragile
3419,2,11,14.0,107.5,6,52,fragile
3420,3,12,18.0,107.5,6,63,general
3421,3,13,22.0,107.5,4,65,general
3422,3,14,26.0,107.5,4,63,general
3423,3,15,30.0,107.5,5,56,bulk
3424,4,16,2.0,107.5,5,68,fragile
3425,4,17,6.0,107.5,5,62,general
3426,4,18,10.0,107.5,5,66,general
3427,4,19,14.0,107.5,4,56,fast
3428,5,20,18.0,107.5,5,68,bulk
3429,5,21,22.0,107.5,5,60,fast
3430,5,22,26.0,107.5,6,59,general
3431,5,23,30.0,107.5,6,61,fast
3432,6,24,2.0,107.5,4,62,fast
3433,6,25,6.0,107.5,6,67,fragile
3434,6,26,10.0,107.5,4,58,general
3435,6,27,14.0,107.5,5,53,general
3436,7,28,18.0,107.5,5,59,fragile
3437,7,29,22.0,107.5,4,64,fragile
3438,7,30,26.0,107.5,5,60,general
3439,7,31,30.0,107.5,4,63,fragile
3440,8,32,2.0,107.5,5,61,general
3441,8,33,6.0,107.5,6,64,fast
3442,8,34,10.0,107.5,4,65,fast
3443,8,35,14.0,107.5,6,68,general
3444,9,36,18.0,107.5,5,65,general
3445,9,37,22.0,107.5,6,65,fragile
3446,9,38,26.0,107.5,5,67,fast
3447,9,39,30.0,107.5,5,61,general
3448,10,40,2.0,107.5,4,54,general
3449,10,41,6.0,107.5,4,52,fast
3450,10,42,10.0,107.5,5,58,fast
3451,10,43,14.0,107.5,5,60,general
3452,11,44,18.0,107.5,5,68,fast
3453,11,45,22.0,107.5,5,69,general
3454,11,46,26.0,107.5,4,62,fragile
3455,11,47,30.0,107.5,4,66,general
3456,0,0,2.0,109.0,6,66,fast
3457,0,1,6.0,109.0,5,59,general
3458,0,2,10.0,109.0,5,66,general
3459,0,3,14.0,109.0,5,63,general
3460,1,4,18.0,109.0,5,56,general
3461,1,5,22.0,109.0,4,66,bulk
3462,1,6,26.0,109.0,5,69,bulk
3463,1,7,30.0,109.0,4,66,fast
3464,2,8,2.0,109.0,5,59,general
3465,2,9,6.0,109.0,4,55,fast
3466,2,10,10.0,109.0,6,63,general
3467,2,11,14.0,109.0,6,54,bulk
3468,3,12,18.0,109.0,5,62,general
3469,3,13,22.0,109.0,5,63,general
3470,3,14,26.0,109.0,5,69,general
3471,3,15,30.0,109.0,5,68,general
3472,4,16,2.0,109.0,4,56,bulk
3473,4,17,6.0,109.0,5,53,general
3474,4,18,10.0,109.0,6,62,fast
3475,4,19,14.0,109.0,5,61,fast
3476,5,20,18.0,109.0,5,68,fragile
3477,5,21,22.0,109.0,4,69,general
3478,5,22,26.0,109.0,6,53,fragile
3479,5,23,30.0,109.0,5,60,general
3480,6,24,2.0,109.0,4,69,fragile
3481,6,25,6.0,109.0,6,54,general
3482,6,26,10.0,109.0,5,53,general
3483,6,27,14.0,109.0,6,59,fast
3484,7,28,18.0,109.0,5,52,bulk
3485,7,29,22.0,109.0,6,53,general
3486,7,30,26.0,109.0,5,63,bulk
3487,7,31,30.0,109.0,6,67,fast
3488,8,32,2.0,109.0,6,56,fast
3489,8,33,6.0,109.0,4,60,bulk
3490,8,34,10.0,109.0,6,62,fragile
3491,8,35,14.0,109.0,6,64,general
3492,9,36,18.0,109.0,4,67,fragile
3493,9,37,22.0,109.0,6,56,fast
3494,9,38,26.0,109.0,4,57,fast
3495,9,39,30.0,109.0,5,65,bulk
3496,10,40,2.0,109.0,4,65,general
3497,10,41,6.0,109.0,6,58,fragile
3498,10,42,10.0,109.0,5,59,general
3499,10,43,14.0,109.0,4,64,general
3500,11,44,18.0,109.0,6,54,general
3501,11,45,22.0,109.0,4,59,general
3502,11,46,26.0,109.0,6,69,general
3503,11,47,30.0,109.0,6,67,fragile
3504,0,0,2.0,110.5,4,62,fragile
3505,0,1,6.0,110.5,5,64,general
3506,0,2,10.0,110.5,4,55,fast
3507,0,3,14.0,110.5,6,53,general
3508,1,4,18.0,110.5,4,69,fast
3509,1,5,22.0,110.5,5,65,general
3510,1,6,26.0,110.5,6,55,bulk
3511,1,7,30.0,110.5,5,57,general
3512,2,8,2.0,110.5,6,60,fast
3513,2,9,6.0,110.5,6,55,general
3514,2,10,10.0,110.5,5,59,general
3515,2,11,14.0,110.5,5,62,general
3516,3,12,18.0,110.5,5,67,fragile
3517,3,13,22.0,110.5,4,59,bulk
3518,3,14,26.0,110.5,5,56,bulk
3519,3,15,30.0,110.5,5,58,general
3520,4,16,2.0,110.5,6,69,fragile
3521,4,17,6.0,110.5,4,52,general
3522,4,18,10.0,110.5,5,56,general
3523,4,19,14.0,110.5,6,66,fast
3524,5,20,18.0,110.5,6,67,fragile
3525,5,21,22.0,110.5,6,54,fragile
3526,5,22,26.0,110.5,5,62,fragile
3527,5,23,30.0,110.5,4,53,fast
3528,6,24,2.0,110.5,5,53,bulk
3529,6,25,6.0,110.5,5,60,general
3530,6,26,10.0,110.5,4,64,general
3531,6,27,14.0,110.5,6,53,general
3532,7,28,18.0,110.5,5,64,fast
3533,7,29,22.0,110.5,4,64,general
3534,7,30,26.0,110.5,4,66,general
3535,7,31,30.0,110.5,4,59,fragile
3536,8,32,2.0,110.5,5,57,general
3537,8,33,6.0,110.5,4,57,general
3538,8,34,10.0,110.5,4,52,fast
3539,8,35,14.0,110.5,6,54,general
3540,9,36,18.0,110.5,4,66,general
3541,9,37,22.0,110.5,5,67,fast
3542,9,38,26.0,110.5,4,58,bulk
3543,9,39,30.0,110.5,4,66,general
3544,10,40,2.0,110.5,6,57,general
3545,10,41,6.0,110.5,4,54,general
3546,10,42,10.0,110.5,6,58,fragile
3547,10,43,14.0,110.5,4,68,bulk
3548,11,44,18.0,110.5,5,66,general
3549,11,45,22.0,110.5,5,67,general
3550,11,46,26.0,110.5,6,68,general
3551,11,47,30.0,110.5,4,54,general
3552,0,0,2.0,112.0,6,56,general
3553,0,1,6.0,112.0,5,67,fast
3554,0,2,10.0,112.0,6,58,general
3555,0,3,14.0,112.0,6,63,fragile
3556,1,4,18.0,112.0,6,67,general
3557,1,5,22.0,112.0,5,57,fast
3558,1,6,26.0,112.0,5,58,general
3559,1,7,30.0,112.0,4,60,general
3560,2,8,2.0,112.0,4,63,general
3561,2,9,6.0,112.0,4,64,general
3562,2,10,10.0,112.0,6,60,general
3563,2,11,14.0,112.0,4,52,fragile
3564,3,12,18.0,112.0,4,57,general
3565,3,13,22.0,112.0,5,56,bulk
3566,3,14,26.0,112.0,4,69,fast
3567,3,15,30.0,112.0,4,61,fast
3568,4,16,2.0,112.0,4,52,general
3569,4,17,6.0,112.0,4,54,fast
3570,4,18,10.0,112.0,4,54,general
3571,4,19,14.0,112.0,6,66,fast
3572,5,20,18.0,112.0,5,53,fast
3573,5,21,22.0,112.0,5,55,bulk
3574,5,22,26.0,112.0,6,59,general
3575,5,23,30.0,112.0,6,53,fragile
3576,6,24,2.0,112.0,6,58,general
3577,6,25,6.0,112.0,5,67,general
3578,6,26,10.0,112.0,6,64,general
3579,6,27,14.0,112.0,4,54,general
3580,7,28,18.0,112.0,5,65,general
3581,7,29,22.0,112.0,5,66,bulk
3582,7,30,26.0,112.0,5,59,bulk
3583,7,31,30.0,112.0,5,62,fragile
3584,8,32,2.0,112.0,5,59,general
3585,8,33,6.0,112.0,4,60,general
3586,8,34,10.0,112.0,6,61,bulk
3587,8,35,14.0,112.0,6,60,general
3588,9,36,18.0,112.0,5,67,bulk
3589,9,37,22.0,112.0,6,66,bulk
3590,9,38,26.0,112.0,5,63,fast
3591,9,39,30.0,112.0,6,68,bulk
3592,10,40,2.0,112.0,5,52,fast
3593,10,41,6.0,112.0,6,62,general
3594,10,42,10.0,112.0,6,67,general
3595,10,43,14.0,112.0,5,66,fast
3596,11,44,18.0,112.0,6,67,fast
3597,11,45,22.0,112.0,4,68,fast
3598,11,46,26.0,112.0,5,52,general
3599,11,47,30.0,112.0,6,66,fragile
3600,0,0,2.0,113.5,5,68,general
3601,0,1,6.0,113.5,6,62,general
3602,0,2,10.0,113.5,6,61,bulk
3603,0,3,14.0,113.5,4,53,bulk
3604,1,4,18.0,113.5,4,53,fast
3605,1,5,22.0,113.5,6,56,general
3606,1,6,26.0,113.5,5,62,general
3607,1,7,30.0,113.5,6,58,general
3608,2,8,2.0,113.5,4,54,fragile
3609,2,9,6.0,113.5,5,52,fast
3610,2,10,10.0,113.5,5,66,bulk
3611,2,11,14.0,113.5,5,61,fast
3612,3,12,18.0,113.5,6,65,general
3613,3,13,22.0,113.5,5,56,general
3614,3,14,26.0,113.5,6,68,bulk
3615,3,15,30.0,113.5,5,59,fragile
3616,4,16,2.0,113.5,6,53,general
3617,4,17,6.0,113.5,4,55,fast
3618,4,18,10.0,113.5,6,53,general
3619,4,19,14.0,113.5,4,60,bulk
3620,5,20,18.0,113.5,5,53,general
3621,5,21,22.0,113.5,6,57,general
3622,5,22,26.0,113.5,4,65,general
3623,5,23,30.0,113.5,6,61,fragile
3624,6,24,2.0,113.5,4,57,bulk
3625,6,25,6.0,113.5,6,55,general
3626,6,26,10.0,113.5,5,52,general
3627,6,27,14.0,113.5,6,69,fast
3628,7,28,18.0,113.5,6,59,fast
3629,7,29,22.0,113.5,4,59,fragile
3630,7,30,26.0,113.5,5,59,bulk
3631,7,31,30.0,113.5,6,53,general
3632,8,32,2.0,113.5,6,65,general
3633,8,33,6.0,113.5,4,59,general
3634,8,34,10.0,113.5,5,61,general
3635,8,35,14.0,113.5,6,54,general
3636,9,36,18.0,113.5,4,57,general
3637,9,37,22.0,113.5,5,62,fast
3638,9,38,26.0,113.5,4,53,general
3639,9,39,30.0,113.5,5,55,fragile
3640,10,40,2.0,113.5,4,57,bulk
3641,10,41,6.0,113.5,6,68,general
3642,10,42,10.0,113.5,4,58,fast
3643,10,43,14.0,113.5,4,52,general
3644,11,44,18.0,113.5,5,57,bulk
3645,11,45,22.0,113.5,5,61,general
3646,11,46,26.0,113.5,4,68,fast
3647,11,47,30.0,113.5,5,58,fast
3648,0,0,2.0,115.0,6,64,fast
3649,0,1,6.0,115.0,4,56,general
3650,0,2,10.0,115.0,6,55,general
3651,0,3,14.0,115.0,5,68,fragile
3652,1,4,18.0,115.0,6,66,fragile
3653,1,5,22.0,115.0,5,54,fragile
3654,1,6,26.0,115.0,6,65,fragile
3655,1,7,30.0,115.0,5,68,bulk
3656,2,8,2.0,115.0,4,68,general
3657,2,9,6.0,115.0,5,60,fragile
3658,2,10,10.0,115.0,6,68,general
3659,2,11,14.0,115.0,4,64,bulk
3660,3,12,18.0,115.0,5,61,fragile
3661,3,13,22.0,115.0,4,55,fragile
3662,3,14,26.0,115.0,6,55,general
3663,3,15,30.0,115.0,6,64,fragile
3664,4,16,2.0,115.0,4,60,general
3665,4,17,6.0,115.0,5,62,general
3666,4,18,10.0,115.0,5,68,general
3667,4,19,14.0,115.0,4,56,general
3668,5,20,18.0,115.0,4,64,general
3669,5,21,22.0,115.0,4,69,fragile
3670,5,22,26.0,115.0,4,53,general
3671,5,23,30.0,115.0,5,65,fragile
3672,6,24,2.0,115.0,5,66,general
3673,6,25,6.0,115.0,5,66,fast
3674,6,26,10.0,115.0,6,56,general
3675,6,27,14.0,115.0,5,52,bulk
3676,7,28,18.0,115.0,4,53,general
3677,7,29,22.0,115.0,5,63,general
3678,7,30,26.0,115.0,6,53,fragile
3679,7,31,30.0,115.0,5,62,fast
3680,8,32,2.0,115.0,4,64,bulk
3681,8,33,6.0,115.0,5,58,fast
3682,8,34,10.0,115.0,5,62,general
3683,8,35,14.0,115.0,4,54,general
3684,9,36,18.0,115.0,5,56,fast
3685,9,37,22.0,115.0,5,56,fragile
3686,9,38,26.0,115.0,4,65,fragile
3687,9,39,30.0,115.0,4,68,fragile
3688,10,40,2.0,115.0,6,52,fast
3689,10,41,6.0,115.0,6,55,fast
3690,10,42,10.0,115.0,4,52,general
3691,10,43,14.0,115.0,6,53,general
3692,11,44,18.0,115.0,6,59,fast
3693,11,45,22.0,115.0,5,53,fragile
3694,11,46,26.0,115.0,4,63,general
3695,11,47,30.0,115.0,4,58,fast
3696,0,0,2.0,116.5,4,53,fast
3697,0,1,6.0,116.5,6,53,bulk
3698,0,2,10.0,116.5,5,64,general
3699,0,3,14.0,116.5,5,52,fast
3700,1,4,18.0,116.5,4,67,bulk
3701,1,5,22.0,116.5,6,53,general
3702,1,6,26.0,116.5,4,68,general
3703,1,7,30.0,116.5,4,61,general
3704,2,8,2.0,116.5,5,65,fast
3705,2,9,6.0,116.5,5,67,fragile
3706,2,10,10.0,116.5,6,58,fragile
3707,2,11,14.0,116.5,5,69,general
3708,3,12,18.0,116.5,4,57,bulk
3709,3,13,22.0,116.5,4,53,general
3710,3,14,26.0,116.5,6,53,bulk
3711,3,15,30.0,116.5,5,61,fragile
3712,4,16,2.0,116.5,4,57,fragile
3713,4,17,6.0,116.5,5,65,fast
3714,4,18,10.0,116.5,6,67,fragile
3715,4,19,14.0,116.5,6,52,general
3716,5,20,18.0,116.5,5,58,bulk
3717,5,21,22.0,116.5,5,67,bulk
3718,5,22,26.0,116.5,4,61,general
3719,5,23,30.0,116.5,5,68,fast
3720,6,24,2.0,116.5,4,52,general
3721,6,25,6.0,116.5,4,57,fragile
3722,6,26,10.0,116.5,5,56,general
3723,6,27,14.0,116.5,5,69,bulk
3724,7,28,18.0,116.5,5,53,general
3725,7,29,22.0,116.5,5,61,fast
3726,7,30,26.0,116.5,4,62,fast
3727,7,31,30.0,116.5,4,57,fast
3728,8,32,2.0,116.5,5,61,fragile
3729,8,33,6.0,116.5,6,54,general
3730,8,34,10.0,116.5,6,57,fragile
3731,8,35,14.0,116.5,6,65,general
3732,9,36,18.0,116.5,6,69,general
3733,9,37,22.0,116.5,6,59,fast
3734,9,38,26.0,116.5,6,55,general
3735,9,39,30.0,116.5,5,56,fast
3736,10,40,2.0,116.5,4,67,general
3737,10,41,6.0,116.5,5,65,fragile
3738,10,42,10.0,116.5,4,60,bulk
3739,10,43,14.0,116.5,6,63,general
3740,11,44,18.0,116.5,5,66,general
3741,11,45,22.0,116.5,6,66,general
3742,11,46,26.0,116.5,4,66,general
3743,11,47,30.0,116.5,6,58,fragile
3744,0,0,2.0,118.0,4,57,fragile
3745,0,1,6.0,118.0,4,57,general
3746,0,2,10.0,118.0,6,65,fragile
3747,0,3,14.0,118.0,6,54,fragile
3748,1,4,18.0,118.0,6,65,fast
3749,1,5,22.0,118.0,5,67,bulk
3750,1,6,26.0,118.0,5,60,general
3751,1,7,30.0,118.0,4,65,general
3752,2,8,2.0,118.0,4,61,fragile
3753,2,9,6.0,118.0,4,53,general
3754,2,10,10.0,118.0,6,67,fragile
3755,2,11,14.0,118.0,6,52,bulk
3756,3,12,18.0,118.0,6,58,general
3757,3,13,22.0,118.0,5,58,general
3758,3,14,26.0,118.0,5,54,fragile
3759,3,15,30.0,118.0,6,55,fast
3760,4,16,2.0,118.0,5,60,fast
3761,4,17,6.0,118.0,5,58,general
3762,4,18,10.0,118.0,5,56,general
3763,4,19,14.0,118.0,4,62,general
3764,5,20,18.0,118.0,4,56,general
3765,5,21,22.0,118.0,5,58,general
3766,5,22,26.0,118.0,4,62,general
3767,5,23,30.0,118.0,4,57,general
3768,6,24,2.0,118.0,6,67,general
3769,6,25,6.0,118.0,4,61,fragile
3770,6,26,10.0,118.0,5,52,fragile
3771,6,27,14.0,118.0,6,65,bulk
3772,7,28,18.0,118.0,6,67,fast
3773,7,29,22.0,118.0,5,63,general
3774,7,30,26.0,118.0,6,64,bulk
3775,7,31,30.0,118.0,4,65,fragile
3776,8,32,2.0,118.0,5,64,general
3777,8,33,6.0,118.0,4,69,general
3778,8,34,10.0,118.0,5,62,general
3779,8,35,14.0,118.0,6,65,fragile
3780,9,36,18.0,118.0,6,56,general
3781,9,37,22.0,118.0,6,56,general
3782,9,38,26.0,118.0,6,53,fragile
3783,9,39,30.0,118.0,4,69,general
3784,10,40,2.0,118.0,4,64,fragile
3785,10,41,6.0,118.0,6,63,fragile
3786,10,42,10.0,118.0,6,65,fragile
3787,10,43,14.0,118.0,5,65,general
3788,11,44,18.0,118.0,5,61,general
3789,11,45,22.0,118.0,6,67,fragile
3790,11,46,26.0,118.0,6,59,general
3791,11,47,30.0,118.0,6,68,general
3792,0,0,2.0,119.5,4,52,general
3793,0,1,6.0,119.5,4,59,fragile
3794,0,2,10.0,119.5,5,58,general
3795,0,3,14.0,119.5,5,54,fast
3796,1,4,18.0,119.5,4,62,fast
3797,1,5,22.0,119.5,6,63,fast
3798,1,6,26.0,119.5,5,63,general
3799,1,7,30.0,119.5,6,66,general
3800,2,8,2.0,119.5,6,52,fragile
3801,2,9,6.0,119.5,5,56,general
3802,2,10,10.0,119.5,6,66,fragile
3803,2,11,14.0,119.5,5,57,fast
3804,3,12,18.0,119.5,4,58,fragile
3805,3,13,22.0,119.5,6,53,general
3806,3,14,26.0,119.5,6,56,fast
3807,3,15,30.0,119.5,4,60,fast
3808,4,16,2.0,119.5,5,52,bulk
3809,4,17,6.0,119.5,5,69,general
3810,4,18,10.0,119.5,5,62,general
3811,4,19,14.0,119.5,6,54,fast
3812,5,20,18.0,119.5,6,54,general
3813,5,21,22.0,119.5,5,67,general
3814,5,22,26.0,119.5,5,65,general
3815,5,23,30.0,119.5,5,62,fast
3816,6,24,2.0,119.5,5,60,fragile
3817,6,25,6.0,119.5,5,59,fast
3818,6,26,10.0,119.5,5,57,general
3819,6,27,14.0,119.5,4,66,fast
3820,7,28,18.0,119.5,5,67,bulk
3821,7,29,22.0,119.5,5,69,fast
3822,7,30,26.0,119.5,4,54,fast
3823,7,31,30.0,119.5,4,69,fast
3824,8,32,2.0,119.5,6,55,fragile
3825,8,33,6.0,119.5,6,64,general
3826,8,34,10.0,119.5,6,69,general
3827,8,35,14.0,119.5,6,57,general
3828,9,36,18.0,119.5,6,56,fragile
3829,9,37,22.0,119.5,4,69,fast
3830,9,38,26.0,119.5,6,62,general
3831,9,39,30.0,119.5,6,64,general
3832,10,40,2.0,119.5,5,68,bulk
3833,10,41,6.0,119.5,4,69,fragile
3834,10,42,10.0,119.5,5,53,fast
3835,10,43,14.0,119.5,4,54,general
3836,11,44,18.0,119.5,6,60,general
3837,11,45,22.0,119.5,4,64,general
3838,11,46,26.0,119.5,4,61,general
3839,11,47,30.0,119.5,5,69,general
3840,0,0,2.0,121.0,5,65,fragile
3841,0,1,6.0,121.0,6,52,general
3842,0,2,10.0,121.0,4,52,general
3843,0,3,14.0,121.0,5,60,general
3844,1,4,18.0,121.0,5,67,general
3845,1,5,22.0,121.0,4,52,fragile
3846,1,6,26.0,121.0,6,64,general
3847,1,7,30.0,121.0,4,56,general
3848,2,8,2.0,121.0,4,59,general
3849,2,9,6.0,121.0,6,57,general
3850,2,10,10.0,121.0,6,61,fast
3851,2,11,14.0,121.0,5,63,fragile
3852,3,12,18.0,121.0,5,64,general
3853,3,13,22.0,121.0,5,61,general
3854,3,14,26.0,121.0,6,52,general
3855,3,15,30.0,121.0,4,63,general
3856,4,16,2.0,121.0,4,54,fast
3857,4,17,6.0,121.0,5,59,general
3858,4,18,10.0,121.0,4,54,fragile
3859,4,19,14.0,121.0,4,62,general
3860,5,20,18.0,121.0,6,64,fast
3861,5,21,22.0,121.0,4,56,fragile
3862,5,22,26.0,121.0,5,58,fast
3863,5,23,30.0,121.0,5,60,general
3864,6,24,2.0,121.0,6,56,general
3865,6,25,6.0,121.0,5,68,general
3866,6,26,10.0,121.0,6,55,general
3867,6,27,14.0,121.0,5,59,fast
3868,7,28,18.0,121.0,4,65,general
3869,7,29,22.0,121.0,4,69,general
3870,7,30,26.0,121.0,5,55,general
3871,7,31,30.0,121.0,5,65,general
3872,8,32,2.0,121.0,4,63,fast
3873,8,33,6.0,121.0,4,68,fast
3874,8,34,10.0,121.0,4,59,general
3875,8,35,14.0,121.0,5,63,bulk
3876,9,36,18.0,121.0,5,64,fast
3877,9,37,22.0,121.0,6,67,general
3878,9,38,26.0,121.0,5,59,general
3879,9,39,30.0,121.0,5,61,fragile
3880,10,40,2.0,121.0,6,69,bulk
3881,10,41,6.0,121.0,5,60,fast
3882,10,42,10.0,121.0,5,60,bulk
3883,10,43,14.0,121.0,4,57,fragile
3884,11,44,18.0,121.0,5,63,general
3885,11,45,22.0,121.0,4,67,fast
3886,11,46,26.0,121.0,5,52,general
3887,11,47,30.0,121.0,6,56,fast
3888,0,0,2.0,122.5,6,56,fast
3889,0,1,6.0,122.5,4,68,bulk
3890,0,2,10.0,122.5,5,60,bulk
3891,0,3,14.0,122.5,6,67,general
3892,1,4,18.0,122.5,6,65,general
3893,1,5,22.0,122.5,4,66,fragile
3894,1,6,26.0,122.5,5,60,fast
3895,1,7,30.0,122.5,4,56,general
3896,2,8,2.0,122.5,4,52,general
3897,2,9,6.0,122.5,6,68,fragile
3898,2,10,10.0,122.5,5,69,fast
3899,2,11,14.0,122.5,5,62,bulk
3900,3,12,18.0,122.5,5,67,fast
3901,3,13,22.0,122.5,4,61,general
3902,3,14,26.0,122.5,5,66,fast
3903,3,15,30.0,122.5,6,66,fast
3904,4,16,2.0,122.5,6,56,general
3905,4,17,6.0,122.5,6,52,general
3906,4,18,10.0,122.5,4,61,fast
3907,4,19,14.0,122.5,5,60,general
3908,5,20,18.0,122.5,4,53,general
3909,5,21,22.0,122.5,5,60,fast
3910,5,22,26.0,122.5,5,67,general
3911,5,23,30.0,122.5,4,54,fast
3912,6,24,2.0,122.5,6,62,fast
3913,6,25,6.0,122.5,5,66,general
3914,6,26,10.0,122.5,5,57,fast
3915,6,27,14.0,122.5,6,59,general
3916,7,28,18.0,122.5,4,61,bulk
3917,7,29,22.0,122.5,4,52,fast
3918,7,30,26.0,122.5,4,55,general
3919,7,31,30.0,122.5,6,56,general
3920,8,32,2.0,122.5,4,55,general
3921,8,33,6.0,122.5,6,69,general
3922,8,34,10.0,122.5,5,56,fragile
3923,8,35,14.0,122.5,6,56,general
3924,9,36,18.0,122.5,4,60,fast
3925,9,37,22.0,122.5,4,61,general
3926,9,38,26.0,122.5,6,61,general
3927,9,39,30.0,122.5,4,54,fast
3928,10,40,2.0,122.5,4,60,fast
3929,10,41,6.0,122.5,4,53,fast
3930,10,42,10.0,122.5,6,56,bulk
3931,10,43,14.0,122.5,5,66,fast
3932,11,44,18.0,122.5,5,63,fast
3933,11,45,22.0,122.5,4,64,general
3934,11,46,26.0,122.5,6,55,general
3935,11,47,30.0,122.5,4,63,general
3936,0,0,2.0,124.0,4,60,general
3937,0,1,6.0,124.0,4,69,bulk
3938,0,2,10.0,124.0,6,62,fast
3939,0,3,14.0,124.0,5,64,general
3940,1,4,18.0,124.0,4,60,fragile
3941,1,5,22.0,124.0,6,55,general
3942,1,6,26.0,124.0,6,54,bulk
3943,1,7,30.0,124.0,5,62,fast
3944,2,8,2.0,124.0,5,55,fast
3945,2,9,6.0,124.0,4,64,general
3946,2,10,10.0,124.0,6,61,fast
3947,2,11,14.0,124.0,6,59,general
3948,3,12,18.0,124.0,4,55,general
3949,3,13,22.0,124.0,6,69,fragile
3950,3,14,26.0,124.0,6,61,bulk
3951,3,15,30.0,124.0,6,69,general
3952,4,16,2.0,124.0,5,52,fragile
3953,4,17,6.0,124.0,6,62,fast
3954,4,18,10.0,124.0,5,61,fast
3955,4,19,14.0,124.0,6,57,fast
3956,5,20,18.0,124.0,6,61,fragile
3957,5,21,22.0,124.0,6,64,fast
3958,5,22,26.0,124.0,4,62,general
3959,5,23,30.0,124.0,4,60,general
3960,6,24,2.0,124.0,6,52,general
3961,6,25,6.0,124.0,6,56,general
3962,6,26,10.0,124.0,4,55,fast
3963,6,27,14.0,124.0,4,60,fragile
3964,7,28,18.0,124.0,4,68,general
3965,7,29,22.0,124.0,5,66,fast
3966,7,30,26.0,124.0,6,66,fragile
3967,7,31,30.0,124.0,6,63,general
3968,8,32,2.0,124.0,4,67,bulk
3969,8,33,6.0,124.0,6,62,general
3970,8,34,10.0,124.0,5,67,fast
3971,8,35,14.0,124.0,4,55,general
3972,9,36,18.0,124.0,6,56,fragile
3973,9,37,22.0,124.0,6,67,fast
3974,9,38,26.0,124.0,4,69,bulk
3975,9,39,30.0,124.0,4,56,bulk
3976,10,40,2.0,124.0,5,55,general
3977,10,41,6.0,124.0,4,55,fast
3978,10,42,10.0,124.0,4,57,fast
3979,10,43,14.0,124.0,4,65,fast
3980,11,44,18.0,124.0,4,59,fast
3981,11,45,22.0,124.0,6,65,bulk
3982,11,46,26.0,124.0,6,68,bulk
3983,11,47,30.0,124.0,4,55,fast
3984,0,0,2.0,125.5,4,61,general
3985,0,1,6.0,125.5,5,66,fragile
3986,0,2,10.0,125.5,6,64,general
3987,0,3,14.0,125.5,5,64,fast
3988,1,4,18.0,125.5,6,61,fragile
3989,1,5,22.0,125.5,4,58,fast
3990,1,6,26.0,125.5,4,61,general
3991,1,7,30.0,125.5,6,54,general
3992,2,8,2.0,125.5,6,52,general
3993,2,9,6.0,125.5,5,55,general
3994,2,10,10.0,125.5,6,53,general
3995,2,11,14.0,125.5,5,60,general
3996,3,12,18.0,125.5,5,53,bulk
3997,3,13,22.0,125.5,4,58,general
3998,3,14,26.0,125.5,5,65,bulk
3999,3,15,30.0,125.5,6,54,fast
4000,4,16,2.0,125.5,5,66,fragile
4001,4,17,6.0,125.5,5,61,general
4002,4,18,10.0,125.5,6,60,general
4003,4,19,14.0,125.5,6,57,general
4004,5,20,18.0,125.5,5,60,fast
4005,5,21,22.0,125.5,4,66,fast
4006,5,22,26.0,125.5,4,57,fast
4007,5,23,30.0,125.5,6,67,bulk
4008,6,24,2.0,125.5,6,54,general
4009,6,25,6.0,125.5,6,66,fragile
4010,6,26,10.0,125.5,4,63,fragile
4011,6,27,14.0,125.5,6,52,bulk
4012,7,28,18.0,125.5,5,53,general
4013,7,29,22.0,125.5,5,53,general
4014,7,30,26.0,125.5,5,63,general
4015,7,31,30.0,125.5,6,60,general
4016,8,32,2.0,125.5,6,60,fast
4017,8,33,6.0,125.5,5,58,general
4018,8,34,10.0,125.5,4,61,general
4019,8,35,14.0,125.5,6,63,bulk
4020,9,36,18.0,125.5,4,61,general
4021,9,37,22.0,125.5,4,62,fast
4022,9,38,26.0,125.5,4,62,general
4023,9,39,30.0,125.5,6,62,fast
4024,10,40,2.0,125.5,5,68,fragile
4025,10,41,6.0,125.5,4,57,fast
4026,10,42,10.0,125.5,6,55,fragile
4027,10,43,14.0,125.5,4,55,general
4028,11,44,18.0,125.5,6,61,fast
4029,11,45,22.0,125.5,5,59,fast
4030,11,46,26.0,125.5,5,63,fast
4031,11,47,30.0,125.5,4,54,general
4032,0,0,2.0,127.0,4,59,general
4033,0,1,6.0,127.0,4,65,fast
4034,0,2,10.0,127.0,5,56,general
4035,0,3,14.0,127.0,6,54,fast
4036,1,4,18.0,127.0,5,52,general
4037,1,5,22.0,127.0,6,59,general
4038,1,6,26.0,127.0,5,55,general
4039,1,7,30.0,127.0,6,58,general
4040,2,8,2.0,127.0,4,55,fragile
4041,2,9,6.0,127.0,6,55,general
4042,2,10,10.0,127.0,4,54,general
4043,2,11,14.0,127.0,4,57,fast
4044,3,12,18.0,127.0,6,65,fragile
4045,3,13,22.0,127.0,6,64,general
4046,3,14,26.0,127.0,5,58,fragile
4047,3,15,30.0,127.0,4,60,fragile
4048,4,16,2.0,127.0,4,65,fast
4049,4,17,6.0,127.0,6,58,general
4050,4,18,10.0,127.0,6,57,bulk
4051,4,19,14.0,127.0,4,66,fast
4052,5,20,18.0,127.0,5,65,general
4053,5,21,22.0,127.0,4,60,general
4054,5,22,26.0,127.0,6,63,general
4055,5,23,30.0,127.0,6,52,fragile
4056,6,24,2.0,127.0,4,53,general
4057,6,25,6.0,127.0,6,61,fast
4058,6,26,10.0,127.0,4,59,fast
4059,6,27,14.0,127.0,4,68,bulk
4060,7,28,18.0,127.0,6,69,fast
4061,7,29,22.0,127.0,6,61,general
4062,7,30,26.0,127.0,6,54,general
4063,7,31,30.0,127.0,4,52,general
4064,8,32,2.0,127.0,5,60,fragile
4065,8,33,6.0,127.0,5,65,fragile
4066,8,34,10.0,127.0,5,65,general
4067,8,35,14.0,127.0,6,62,fragile
4068,9,36,18.0,127.0,5,62,fast
4069,9,37,22.0,127.0,4,54,general
4070,9,38,26.0,127.0,5,52,fragile
4071,9,39,30.0,127.0,5,63,fast
4072,10,40,2.0,127.0,6,53,general
4073,10,41,6.0,127.0,5,64,general
4074,10,42,10.0,127.0,6,63,fast
4075,10,43,14.0,127.0,6,66,fragile
4076,11,44,18.0,127.0,5,67,general
4077,11,45,22.0,127.0,4,59,bulk
4078,11,46,26.0,127.0,6,57,fast
4079,11,47,30.0,127.0,5,68,general
4080,0,0,2.0,128.5,6,69,fragile
4081,0,1,6.0,128.5,6,60,fast
4082,0,2,10.0,128.5,5,56,bulk
4083,0,3,14.0,128.5,4,65,fast
4084,1,4,18.0,128.5,5,56,general
4085,1,5,22.0,128.5,5,67,fragile
4086,1,6,26.0,128.5,5,58,fragile
4087,1,7,30.0,128.5,4,69,fast
4088,2,8,2.0,128.5,5,59,fast
4089,2,9,6.0,128.5,5,65,general
4090,2,10,10.0,128.5,4,68,fast
4091,2,11,14.0,128.5,5,68,bulk
4092,3,12,18.0,128.5,5,53,general
4093,3,13,22.0,128.5,6,55,general
4094,3,14,26.0,128.5,6,55,bulk
4095,3,15,30.0,128.5,5,57,fast
4096,4,16,2.0,128.5,6,53,fast
4097,4,17,6.0,128.5,6,61,fast
4098,4,18,10.0,128.5,4,64,bulk
4099,4,19,14.0,128.5,6,65,fast
4100,5,20,18.0,128.5,4,58,fragile
4101,5,21,22.0,128.5,4,58,fragile
4102,5,22,26.0,128.5,4,52,bulk
4103,5,23,30.0,128.5,5,65,fragile
4104,6,24,2.0,128.5,4,68,general
4105,6,25,6.0,128.5,6,53,fast
4106,6,26,10.0,128.5,5,54,general
4107,6,27,14.0,128.5,5,63,fast
4108,7,28,18.0,128.5,4,56,fragile
4109,7,29,22.0,128.5,4,55,general
4110,7,30,26.0,128.5,5,52,general
4111,7,31,30.0,128.5,4,60,bulk
4112,8,32,2.0,128.5,5,60,fragile
4113,8,33,6.0,128.5,6,69,general
4114,8,34,10.0,128.5,6,69,fast
4115,8,35,14.0,128.5,4,56,bulk
4116,9,36,18.0,128.5,5,64,fragile
4117,9,37,22.0,128.5,5,62,general
4118,9,38,26.0,128.5,4,65,fast
4119,9,39,30.0,128.5,6,69,general
4120,10,40,2.0,128.5,5,53,general
4121,10,41,6.0,128.5,6,64,fast
4122,10,42,10.0,128.5,5,65,bulk
4123,10,43,14.0,128.5,4,52,bulk
4124,11,44,18.0,128.5,4,52,fragile
4125,11,45,22.0,128.5,6,58,fast
4126,11,46,26.0,128.5,4,61,general
4127,11,47,30.0,128.5,5,68,general
4128,0,0,2.0,130.0,5,60,bulk
4129,0,1,6.0,130.0,6,52,general
4130,0,2,10.0,130.0,5,58,general
4131,0,3,14.0,130.0,4,54,general
4132,1,4,18.0,130.0,4,59,fast
4133,1,5,22.0,130.0,6,67,general
4134,1,6,26.0,130.0,6,65,fragile
4135,1,7,30.0,130.0,6,68,general
4136,2,8,2.0,130.0,5,56,fragile
4137,2,9,6.0,130.0,4,57,bulk
4138,2,10,10.0,130.0,4,69,fragile
4139,2,11,14.0,130.0,5,52,general
4140,3,12,18.0,130.0,6,69,fragile
4141,3,13,22.0,130.0,4,52,general
4142,3,14,26.0,130.0,5,69,fragile
4143,3,15,30.0,130.0,4,65,fast
4144,4,16,2.0,130.0,4,66,fast
4145,4,17,6.0,130.0,4,59,general
4146,4,18,10.0,130.0,6,57,bulk
4147,4,19,14.0,130.0,4,53,general
4148,5,20,18.0,130.0,4,69,general
4149,5,21,22.0,130.0,6,56,fast
4150,5,22,26.0,130.0,6,66,bulk
4151,5,23,30.0,130.0,5,57,general
4152,6,24,2.0,130.0,6,58,bulk
4153,6,25,6.0,130.0,5,69,fast
4154,6,26,10.0,130.0,5,56,fast
4155,6,27,14.0,130.0,5,66,fragile
4156,7,28,18.0,130.0,6,57,general
4157,7,29,22.0,130.0,6,61,fast
4158,7,30,26.0,130.0,4,69,general
4159,7,31,30.0,130.0,5,64,general
4160,8,32,2.0,130.0,5,60,fast
4161,8,33,6.0,130.0,5,68,bulk
4162,8,34,10.0,130.0,4,66,general
4163,8,35,14.0,130.0,4,61,general
4164,9,36,18.0,130.0,4,61,fragile
4165,9,37,22.0,130.0,4,60,general
4166,9,38,26.0,130.0,6,66,bulk
4167,9,39,30.0,130.0,4,56,general
4168,10,40,2.0,130.0,6,68,general
4169,10,41,6.0,130.0,5,53,general
4170,10,42,10.0,130.0,6,56,fast
4171,10,43,14.0,130.0,5,53,general
4172,11,44,18.0,130.0,6,52,general
4173,11,45,22.0,130.0,5,61,fast
4174,11,46,26.0,130.0,6,54,general
4175,11,47,30.0,130.0,6,65,bulk
4176,0,0,2.0,131.5,5,56,fragile
4177,0,1,6.0,131.5,4,61,fragile
4178,0,2,10.0,131.5,5,56,fragile
4179,0,3,14.0,131.5,5,63,bulk
4180,1,4,18.0,131.5,4,52,fragile
4181,1,5,22.0,131.5,6,66,fragile
4182,1,6,26.0,131.5,4,68,general
4183,1,7,30.0,131.5,5,64,fast
4184,2,8,2.0,131.5,5,65,general
4185,2,9,6.0,131.5,6,68,general
4186,2,10,10.0,131.5,5,60,bulk
4187,2,11,14.0,131.5,5,62,bulk
4188,3,12,18.0,131.5,5,53,fast
4189,3,13,22.0,131.5,4,61,general
4190,3,14,26.0,131.5,6,58,general
4191,3,15,30.0,131.5,6,53,general
4192,4,16,2.0,131.5,6,67,general
4193,4,17,6.0,131.5,5,64,general
4194,4,18,10.0,131.5,5,53,fragile
4195,4,19,14.0,131.5,4,69,general
4196,5,20,18.0,131.5,5,57,fragile
4197,5,21,22.0,131.5,5,55,bulk
4198,5,22,26.0,131.5,4,56,general
4199,5,23,30.0,131.5,4,55,general
4200,6,24,2.0,131.5,6,68,fragile
4201,6,25,6.0,131.5,5,60,general
4202,6,26,10.0,131.5,6,61,fragile
4203,6,27,14.0,131.5,5,67,fast
4204,7,28,18.0,131.5,5,66,fast
4205,7,29,22.0,131.5,4,68,general
4206,7,30,26.0,131.5,4,57,fast
4207,7,31,30.0,131.5,6,67,fast
4208,8,32,2.0,131.5,6,60,general
4209,8,33,6.0,131.5,4,52,fast
4210,8,34,10.0,131.5,5,56,general
4211,8,35,14.0,131.5,5,60,fast
4212,9,36,18.0,131.5,6,68,fast
4213,9,37,22.0,131.5,6,55,fast
4214,9,38,26.0,131.5,5,55,fragile
4215,9,39,30.0,131.5,5,68,fragile
4216,10,40,2.0,131.5,5,67,general
4217,10,41,6.0,131.5,6,61,fast
4218,10,42,10.0,131.5,4,58,bulk
4219,10,43,14.0,131.5,6,54,bulk
4220,11,44,18.0,131.5,5,59,general
4221,11,45,22.0,131.5,5,66,general
4222,11,46,26.0,131.5,5,68,general
4223,11,47,30.0,131.5,5,61,fragile
4224,0,0,2.0,133.0,5,65,fast
4225,0,1,6.0,133.0,6,66,fragile
4226,0,2,10.0,133.0,5,66,fast
4227,0,3,14.0,133.0,4,65,general
4228,1,4,18.0,133.0,4,61,fragile
4229,1,5,22.0,133.0,6,52,general
4230,1,6,26.0,133.0,6,59,fragile
4231,1,7,30.0,133.0,4,62,bulk
4232,2,8,2.0,133.0,6,55,fast
4233,2,9,6.0,133.0,4,57,bulk
4234,2,10,10.0,133.0,6,68,fast
4235,2,11,14.0,133.0,5,55,general
4236,3,12,18.0,133.0,4,63,bulk
4237,3,13,22.0,133.0,5,56,general
4238,3,14,26.0,133.0,6,63,general
4239,3,15,30.0,133.0,6,65,fast
4240,4,16,2.0,133.0,4,68,fast
4241,4,17,6.0,133.0,4,68,fragile
4242,4,18,10.0,133.0,4,68,fast
4243,4,19,14.0,133.0,5,68,fast
4244,5,20,18.0,133.0,4,59,general
4245,5,21,22.0,133.0,6,65,general
4246,5,22,26.0,133.0,6,66,general
4247,5,23,30.0,133.0,6,63,fragile
4248,6,24,2.0,133.0,6,63,general
4249,6,25,6.0,133.0,5,52,fast
4250,6,26,10.0,133.0,6,52,general
4251,6,27,14.0,133.0,6,61,fragile
4252,7,28,18.0,133.0,5,58,general
4253,7,29,22.0,133.0,4,59,fragile
4254,7,30,26.0,133.0,6,65,fragile
4255,7,31,30.0,133.0,6,64,fast
4256,8,32,2.0,133.0,6,66,general
4257,8,33,6.0,133.0,4,60,fast
4258,8,34,10.0,133.0,6,53,general
4259,8,35,14.0,133.0,4,54,general
4260,9,36,18.0,133.0,6,65,fast
4261,9,37,22.0,133.0,6,62,general
4262,9,38,26.0,133.0,6,58,fragile
4263,9,39,30.0,133.0,6,53,fast
4264,10,40,2.0,133.0,6,69,general
4265,10,41,6.0,133.0,5,55,general
4266,10,42,10.0,133.0,6,57,general
4267,10,43,14.0,133.0,5,57,fast
4268,11,44,18.0,133.0,5,56,fragile
4269,11,45,22.0,133.0,6,68,bulk
4270,11,46,26.0,133.0,5,57,general
4271,11,47,30.0,133.0,5,52,general
4272,0,0,2.0,134.5,4,54,general
4273,0,1,6.0,134.5,5,69,fragile
4274,0,2,10.0,134.5,6,60,general
4275,0,3,14.0,134.5,4,67,bulk
4276,1,4,18.0,134.5,5,57,general
4277,1,5,22.0,134.5,5,68,fragile
4278,1,6,26.0,134.5,6,68,bulk
4279,1,7,30.0,134.5,4,65,bulk
4280,2,8,2.0,134.5,4,69,fragile
4281,2,9,6.0,134.5,4,60,general
4282,2,10,10.0,134.5,5,68,general
4283,2,11,14.0,134.5,4,66,general
4284,3,12,18.0,134.5,5,68,general
4285,3,13,22.0,134.5,6,69,bulk
4286,3,14,26.0,134.5,4,63,fragile
4287,3,15,30.0,134.5,5,65,fragile
4288,4,16,2.0,134.5,5,54,general
4289,4,17,6.0,134.5,6,52,fast
4290,4,18,10.0,134.5,6,64,general
4291,4,19,14.0,134.5,6,59,general
4292,5,20,18.0,134.5,4,64,general
4293,5,21,22.0,134.5,4,68,general
4294,5,22,26.0,134.5,6,53,fragile
4295,5,23,30.0,134.5,6,58,general
4296,6,24,2.0,134.5,4,57,general
4297,6,25,6.0,134.5,6,52,general
4298,6,26,10.0,134.5,5,54,fragile
4299,6,27,14.0,134.5,5,62,fragile
4300,7,28,18.0,134.5,4,55,general
4301,7,29,22.0,134.5,5,52,bulk
4302,7,30,26.0,134.5,5,61,fragile
4303,7,31,30.0,134.5,4,60,bulk
4304,8,32,2.0,134.5,5,67,general
4305,8,33,6.0,134.5,4,56,general
4306,8,34,10.0,134.5,4,68,fast
4307,8,35,14.0,134.5,4,62,bulk
4308,9,36,18.0,134.5,4,64,general
4309,9,37,22.0,134.5,5,57,fragile
4310,9,38,26.0,134.5,6,67,bulk
4311,9,39,30.0,134.5,4,61,fast
4312,10,40,2.0,134.5,6,64,bulk
4313,10,41,6.0,134.5,6,65,fragile
4314,10,42,10.0,134.5,4,66,bulk
4315,10,43,14.0,134.5,6,53,general
4316,11,44,18.0,134.5,6,52,bulk
4317,11,45,22.0,134.5,5,56,fast
4318,11,46,26.0,134.5,4,58,fast
4319,11,47,30.0,134.5,6,53,bulk
4320,0,0,2.0,136.0,4,66,fragile
4321,0,1,6.0,136.0,5,69,fragile
4322,0,2,10.0,136.0,4,62,general
4323,0,3,14.0,136.0,4,54,bulk
4324,1,4,18.0,136.0,5,56,fast
4325,1,5,22.0,136.0,5,68,fast
4326,1,6,26.0,136.0,4,59,general
4327,1,7,30.0,136.0,4,52,general
4328,2,8,2.0,136.0,6,61,fragile
4329,2,9,6.0,136.0,5,60,fragile
4330,2,10,10.0,136.0,6,53,fragile
4331,2,11,14.0,136.0,6,64,fast
4332,3,12,18.0,136.0,4,65,fragile
4333,3,13,22.0,136.0,4,53,general
4334,3,14,26.0,136.0,5,67,general
4335,3,15,30.0,136.0,4,55,fast
4336,4,16,2.0,136.0,4,59,fast
4337,4,17,6.0,136.0,4,64,general
4338,4,18,10.0,136.0,4,62,fragile
4339,4,19,14.0,136.0,4,56,fast
4340,5,20,18.0,136.0,6,61,fragile
4341,5,21,22.0,136.0,4,54,general
4342,5,22,26.0,136.0,4,55,bulk
4343,5,23,30.0,136.0,6,64,fast
4344,6,24,2.0,136.0,4,67,fragile
4345,6,25,6.0,136.0,4,52,fast
4346,6,26,10.0,136.0,4,67,bulk
4347,6,27,14.0,136.0,6,59,fast
4348,7,28,18.0,136.0,6,62,fragile
4349,7,29,22.0,136.0,4,54,general
4350,7,30,26.0,136.0,6,64,general
4351,7,31,30.0,136.0,5,60,general
4352,8,32,2.0,136.0,6,64,general
4353,8,33,6.0,136.0,6,67,fast
4354,8,34,10.0,136.0,5,65,general
4355,8,35,14.0,136.0,6,57,general
4356,9,36,18.0,136.0,4,63,general
4357,9,37,22.0,136.0,5,59,fast
4358,9,38,26.0,136.0,4,69,general
4359,9,39,30.0,136.0,5,57,general
4360,10,40,2.0,136.0,5,64,fragile
4361,10,41,6.0,136.0,5,59,bulk
4362,10,42,10.0,136.0,6,64,general
4363,10,43,14.0,136.0,4,59,general
4364,11,44,18.0,136.0,4,61,bulk
4365,11,45,22.0,136.0,4,69,fast
4366,11,46,26.0,136.0,6,57,general
4367,11,47,30.0,136.0,4,65,general
4368,0,0,2.0,137.5,6,55,general
4369,0,1,6.0,137.5,4,67,fast
4370,0,2,10.0,137.5,6,59,bulk
4371,0,3,14.0,137.5,5,64,general
4372,1,4,18.0,137.5,4,64,fragile
4373,1,5,22.0,137.5,5,56,bulk
4374,1,6,26.0,137.5,5,53,fast
4375,1,7,30.0,137.5,6,67,fragile
4376,2,8,2.0,137.5,5,54,general
4377,2,9,6.0,137.5,4,58,general
4378,2,10,10.0,137.5,4,52,general
4379,2,11,14.0,137.5,6,68,fragile
4380,3,12,18.0,137.5,4,63,general
4381,3,13,22.0,137.5,5,55,fragile
4382,3,14,26.0,137.5,5,66,general
4383,3,15,30.0,137.5,6,68,fast
4384,4,16,2.0,137.5,5,58,fragile
4385,4,17,6.0,137.5,6,55,fragile
4386,4,18,10.0,137.5,6,55,fast
4387,4,19,14.0,137.5,5,66,general
4388,5,20,18.0,137.5,4,62,general
4389,5,21,22.0,137.5,5,68,fast
4390,5,22,26.0,137.5,4,65,fast
4391,5,23,30.0,137.5,6,62,fragile
4392,6,24,2.0,137.5,6,67,fast
4393,6,25,6.0,137.5,4,64,general
4394,6,26,10.0,137.5,5,64,fast
4395,6,27,14.0,137.5,6,52,general
4396,7,28,18.0,137.5,6,64,general
4397,7,29,22.0,137.5,6,59,general
4398,7,30,26.0,137.5,5,52,fast
4399,7,31,30.0,137.5,6,59,bulk
4400,8,32,2.0,137.5,6,53,general
4401,8,33,6.0,137.5,4,69,bulk
4402,8,34,10.0,137.5,6,55,general
4403,8,35,14.0,137.5,5,63,general
4404,9,36,18.0,137.5,6,59,fast
4405,9,37,22.0,137.5,5,54,fast
4406,9,38,26.0,137.5,4,52,general
4407,9,39,30.0,137.5,4,61,fast
4408,10,40,2.0,137.5,4,55,fast
4409,10,41,6.0,137.5,6,53,bulk
4410,10,42,10.0,137.5,5,56,bulk
4411,10,43,14.0,137.5,5,68,general
4412,11,44,18.0,137.5,5,68,bulk
4413,11,45,22.0,137.5,5,59,fast
4414,11,46,26.0,137.5,4,55,fragile
4415,11,47,30.0,137.5,5,66,fast
4416,0,0,2.0,139.0,4,60,fragile
4417,0,1,6.0,139.0,4,62,general
4418,0,2,10.0,139.0,6,54,fast
4419,0,3,14.0,139.0,6,63,general
4420,1,4,18.0,139.0,5,59,fast
4421,1,5,22.0,139.0,6,68,general
4422,1,6,26.0,139.0,4,62,general
4423,1,7,30.0,139.0,4,57,fast
4424,2,8,2.0,139.0,4,58,fragile
4425,2,9,6.0,139.0,5,55,general
4426,2,10,10.0,139.0,6,60,fragile
4427,2,11,14.0,139.0,4,55,general
4428,3,12,18.0,139.0,6,54,general
4429,3,13,22.0,139.0,4,66,general
4430,3,14,26.0,139.0,4,55,fast
4431,3,15,30.0,139.0,4,55,general
4432,4,16,2.0,139.0,6,66,general
4433,4,17,6.0,139.0,6,52,general
4434,4,18,10.0,139.0,4,66,bulk
4435,4,19,14.0,139.0,6,53,general
4436,5,20,18.0,139.0,4,53,general
4437,5,21,22.0,139.0,5,68,fast
4438,5,22,26.0,139.0,5,65,general
4439,5,23,30.0,139.0,4,58,fast
4440,6,24,2.0,139.0,6,59,fragile
4441,6,25,6.0,139.0,4,54,general
4442,6,26,10.0,139.0,4,67,general
4443,6,27,14.0,139.0,4,54,fast
4444,7,28,18.0,139.0,4,66,fragile
4445,7,29,22.0,139.0,6,66,general
4446,7,30,26.0,139.0,4,52,general
4447,7,31,30.0,139.0,4,63,general
4448,8,32,2.0,139.0,6,66,fragile
4449,8,33,6.0,139.0,4,59,general
4450,8,34,10.0,139.0,4,53,general
4451,8,35,14.0,139.0,6,55,general
4452,9,36,18.0,139.0,6,66,general
4453,9,37,22.0,139.0,6,55,general
4454,9,38,26.0,139.0,4,65,general
4455,9,39,30.0,139.0,5,58,fragile
4456,10,40,2.0,139.0,5,62,bulk
4457,10,41,6.0,139.0,4,69,general
4458,10,42,10.0,139.0,4,53,bulk
4459,10,43,14.0,139.0,4,55,fast
4460,11,44,18.0,139.0,4,64,fast
4461,11,45,22.0,139.0,5,57,general
4462,11,46,26.0,139.0,6,56,fast
4463,11,47,30.0,139.0,4,61,bulk
4464,0,0,2.0,140.5,4,52,general
4465,0,1,6.0,140.5,4,62,fast
4466,0,2,10.0,140.5,5,53,general
4467,0,3,14.0,140.5,6,57,bulk
4468,1,4,18.0,140.5,6,57,general
4469,1,5,22.0,140.5,4,61,fragile
4470,1,6,26.0,140.5,4,62,fragile
4471,1,7,30.0,140.5,4,66,general
4472,2,8,2.0,140.5,4,67,general
4473,2,9,6.0,140.5,4,65,bulk
4474,2,10,10.0,140.5,5,64,general
4475,2,11,14.0,140.5,4,64,fast
4476,3,12,18.0,140.5,6,57,fast
4477,3,13,22.0,140.5,4,68,bulk
4478,3,14,26.0,140.5,5,65,general
4479,3,15,30.0,140.5,6,52,fragile
4480,4,16,2.0,140.5,5,69,bulk
4481,4,17,6.0,140.5,6,55,fast
4482,4,18,10.0,140.5,5,57,fast
4483,4,19,14.0,140.5,6,54,fast
4484,5,20,18.0,140.5,4,52,fast
4485,5,21,22.0,140.5,5,55,fragile
4486,5,22,26.0,140.5,5,63,general
4487,5,23,30.0,140.5,6,65,general
4488,6,24,2.0,140.5,6,61,fast
4489,6,25,6.0,140.5,6,69,bulk
4490,6,26,10.0,140.5,5,67,bulk
4491,6,27,14.0,140.5,4,58,general
4492,7,28,18.0,140.5,6,55,general
4493,7,29,22.0,140.5,5,68,general
4494,7,30,26.0,140.5,4,64,general
4495,7,31,30.0,140.5,5,65,general
4496,8,32,2.0,140.5,5,54,fragile
4497,8,33,6.0,140.5,4,52,bulk
4498,8,34,10.0,140.5,5,57,fast
4499,8,35,14.0,140.5,6,54,fragile
4500,9,36,18.0,140.5,5,69,general
4501,9,37,22.0,140.5,5,54,general
4502,9,38,26.0,140.5,4,56,bulk
4503,9,39,30.0,140.5,4,67,fragile
4504,10,40,2.0,140.5,5,57,bulk
4505,10,41,6.0,140.5,6,56,fragile
4506,10,42,10.0,140.5,5,58,general
4507,10,43,14.0,140.5,5,59,general
4508,11,44,18.0,140.5,6,52,fast
4509,11,45,22.0,140.5,4,56,general
4510,11,46,26.0,140.5,4,60,fast
4511,11,47,30.0,140.5,5,59,fast
4512,0,0,2.0,142.0,6,54,general
4513,0,1,6.0,142.0,4,57,fast
4514,0,2,10.0,142.0,5,54,general
4515,0,3,14.0,142.0,5,54,bulk
4516,1,4,18.0,142.0,4,69,bulk
4517,1,5,22.0,142.0,4,60,fragile
4518,1,6,26.0,142.0,5,62,fragile
4519,1,7,30.0,142.0,4,65,fragile
4520,2,8,2.0,142.0,5,59,general
4521,2,9,6.0,142.0,4,69,fragile
4522,2,10,10.0,142.0,6,52,fragile
4523,2,11,14.0,142.0,4,54,fragile
4524,3,12,18.0,142.0,4,57,general
4525,3,13,22.0,142.0,6,57,fragile
4526,3,14,26.0,142.0,6,54,general
4527,3,15,30.0,142.0,6,56,fast
4528,4,16,2.0,142.0,4,69,fast
4529,4,17,6.0,142.0,4,67,general
4530,4,18,10.0,142.0,4,52,general
4531,4,19,14.0,142.0,5,56,fast
4532,5,20,18.0,142.0,6,61,general
4533,5,21,22.0,142.0,6,57,bulk
4534,5,22,26.0,142.0,6,55,general
4535,5,23,30.0,142.0,5,61,bulk
4536,6,24,2.0,142.0,6,54,fast
4537,6,25,6.0,142.0,5,53,fast
4538,6,26,10.0,142.0,6,52,general
4539,6,27,14.0,142.0,6,69,general
4540,7,28,18.0,142.0,6,56,general
4541,7,29,22.0,142.0,5,58,general
4542,7,30,26.0,142.0,6,67,fragile
4543,7,31,30.0,142.0,6,62,fast
4544,8,32,2.0,142.0,5,55,fast
4545,8,33,6.0,142.0,4,57,fragile
4546,8,34,10.0,142.0,5,67,fast
4547,8,35,14.0,142.0,4,53,general
4548,9,36,18.0,142.0,6,66,fragile
4549,9,37,22.0,142.0,6,63,fast
4550,9,38,26.0,142.0,4,63,fragile
4551,9,39,30.0,142.0,5,63,fragile
4552,10,40,2.0,142.0,5,60,general
4553,10,41,6.0,142.0,5,66,general
4554,10,42,10.0,142.0,5,66,general
4555,10,43,14.0,142.0,6,58,general
4556,11,44,18.0,142.0,4,54,fragile
4557,11,45,22.0,142.0,6,63,bulk
4558,11,46,26.0,142.0,5,68,fast
4559,11,47,30.0,142.0,6,65,fragile
4560,0,0,2.0,143.5,6,55,general
4561,0,1,6.0,143.5,4,64,general
4562,0,2,10.0,143.5,5,69,general
4563,0,3,14.0,143.5,5,67,general
4564,1,4,18.0,143.5,4,63,general
4565,1,5,22.0,143.5,6,54,general
4566,1,6,26.0,143.5,4,66,bulk
4567,1,7,30.0,143.5,5,63,general
4568,2,8,2.0,143.5,6,65,general
4569,2,9,6.0,143.5,6,53,fragile
4570,2,10,10.0,143.5,4,67,fast
4571,2,11,14.0,143.5,6,61,general
4572,3,12,18.0,143.5,6,61,general
4573,3,13,22.0,143.5,6,53,fragile
4574,3,14,26.0,143.5,5,69,fragile
4575,3,15,30.0,143.5,4,58,general
4576,4,16,2.0,143.5,4,58,fast
4577,4,17,6.0,143.5,6,62,general
4578,4,18,10.0,143.5,4,60,fast
4579,4,19,14.0,143.5,6,59,bulk
4580,5,20,18.0,143.5,5,54,fragile
4581,5,21,22.0,143.5,5,53,fast
4582,5,22,26.0,143.5,4,52,fast
4583,5,23,30.0,143.5,4,59,general
4584,6,24,2.0,143.5,6,58,general
4585,6,25,6.0,143.5,5,66,general
4586,6,26,10.0,143.5,5,65,general
4587,6,27,14.0,143.5,4,53,fragile
4588,7,28,18.0,143.5,5,61,fragile
4589,7,29,22.0,143.5,5,64,general
4590,7,30,26.0,143.5,6,62,fast
4591,7,31,30.0,143.5,5,58,bulk
4592,8,32,2.0,143.5,5,66,general
4593,8,33,6.0,143.5,6,53,bulk
4594,8,34,10.0,143.5,4,55,fast
4595,8,35,14.0,143.5,6,61,general
4596,9,36,18.0,143.5,4,57,fast
4597,9,37,22.0,143.5,6,53,bulk
4598,9,38,26.0,143.5,5,69,general
4599,9,39,30.0,143.5,4,66,general
4600,10,40,2.0,143.5,5,64,general
4601,10,41,6.0,143.5,4,56,general
4602,10,42,10.0,143.5,5,62,general
4603,10,43,14.0,143.5,6,61,fast
4604,11,44,18.0,143.5,5,60,bulk
4605,11,45,22.0,143.5,5,56,general
4606,11,46,26.0,143.5,5,59,fast
4607,11,47,30.0,143.5,6,64,bulk
4608,0,0,2.0,145.0,5,55,general
4609,0,1,6.0,145.0,5,54,general
4610,0,2,10.0,145.0,4,64,bulk
4611,0,3,14.0,145.0,4,69,bulk
4612,1,4,18.0,145.0,5,67,general
4613,1,5,22.0,145.0,5,54,general
4614,1,6,26.0,145.0,6,59,fragile
4615,1,7,30.0,145.0,4,63,general
4616,2,8,2.0,145.0,4,56,fragile
4617,2,9,6.0,145.0,4,58,general
4618,2,10,10.0,145.0,5,55,general
4619,2,11,14.0,145.0,5,62,bulk
4620,3,12,18.0,145.0,4,53,general
4621,3,13,22.0,145.0,6,67,fragile
4622,3,14,26.0,145.0,5,61,general
4623,3,15,30.0,145.0,5,54,fragile
4624,4,16,2.0,145.0,4,58,fast
4625,4,17,6.0,145.0,5,52,general
4626,4,18,10.0,145.0,5,61,fragile
4627,4,19,14.0,145.0,5,69,general
4628,5,20,18.0,145.0,4,64,general
4629,5,21,22.0,145.0,6,52,fast
4630,5,22,26.0,145.0,6,52,general
4631,5,23,30.0,145.0,6,64,general
4632,6,24,2.0,145.0,6,66,fast
4633,6,25,6.0,145.0,5,62,general
4634,6,26,10.0,145.0,4,62,general
4635,6,27,14.0,145.0,5,65,general
4636,7,28,18.0,145.0,5,61,fast
4637,7,29,22.0,145.0,4,54,general
4638,7,30,26.0,145.0,5,68,fast
4639,7,31,30.0,145.0,6,66,fast
4640,8,32,2.0,145.0,4,63,general
4641,8,33,6.0,145.0,6,66,bulk
4642,8,34,10.0,145.0,6,68,general
4643,8,35,14.0,145.0,4,59,general
4644,9,36,18.0,145.0,6,55,bulk
4645,9,37,22.0,145.0,4,54,fragile
4646,9,38,26.0,145.0,5,69,general
4647,9,39,30.0,145.0,4,54,general
4648,10,40,2.0,145.0,6,63,general
4649,10,41,6.0,145.0,5,52,fragile
4650,10,42,10.0,145.0,5,67,general
4651,10,43,14.0,145.0,5,55,general
4652,11,44,18.0,145.0,5,55,fast
4653,11,45,22.0,145.0,4,68,fast
4654,11,46,26.0,145.0,4,59,general
4655,11,47,30.0,145.0,6,64,general
4656,0,0,2.0,146.5,5,54,general
4657,0,1,6.0,146.5,4,60,general
4658,0,2,10.0,146.5,4,65,fast
4659,0,3,14.0,146.5,4,58,fast
4660,1,4,18.0,146.5,4,60,general
4661,1,5,22.0,146.5,6,53,fragile
4662,1,6,26.0,146.5,4,57,general
4663,1,7,30.0,146.5,5,64,fragile
4664,2,8,2.0,146.5,6,62,general
4665,2,9,6.0,146.5,6,59,fragile
4666,2,10,10.0,146.5,6,62,fast
4667,2,11,14.0,146.5,6,59,fragile
4668,3,12,18.0,146.5,4,68,fast
4669,3,13,22.0,146.5,6,57,general
4670,3,14,26.0,146.5,5,61,fast
4671,3,15,30.0,146.5,5,65,general
4672,4,16,2.0,146.5,5,54,general
4673,4,17,6.0,146.5,5,57,fragile
4674,4,18,10.0,146.5,5,62,bulk
4675,4,19,14.0,146.5,4,57,general
4676,5,20,18.0,146.5,4,69,fast
4677,5,21,22.0,146.5,5,58,general
4678,5,22,26.0,146.5,6,67,fragile
4679,5,23,30.0,146.5,4,53,bulk
4680,6,24,2.0,146.5,4,61,fast
4681,6,25,6.0,146.5,4,68,fragile
4682,6,26,10.0,146.5,6,60,fragile
4683,6,27,14.0,146.5,5,65,general
4684,7,28,18.0,146.5,6,67,bulk
4685,7,29,22.0,146.5,4,66,general
4686,7,30,26.0,146.5,5,55,bulk
4687,7,31,30.0,146.5,5,53,general
4688,8,32,2.0,146.5,6,60,general
4689,8,33,6.0,146.5,6,62,general
4690,8,34,10.0,146.5,6,58,general
4691,8,35,14.0,146.5,5,52,general
4692,9,36,18.0,146.5,5,58,bulk
4693,9,37,22.0,146.5,5,53,general
4694,9,38,26.0,146.5,6,68,general
4695,9,39,30.0,146.5,4,53,general
4696,10,40,2.0,146.5,5,61,bulk
4697,10,41,6.0,146.5,5,60,general
4698,10,42,10.0,146.5,6,59,fragile
4699,10,43,14.0,146.5,4,66,general
4700,11,44,18.0,146.5,4,68,general
4701,11,45,22.0,146.5,4,64,fast
4702,11,46,26.0,146.5,4,52,fast
4703,11,47,30.0,146.5,4,58,general
4704,0,0,2.0,148.0,5,58,fragile
4705,0,1,6.0,148.0,5,62,fragile
4706,0,2,10.0,148.0,4,68,general
4707,0,3,14.0,148.0,6,68,general
4708,1,4,18.0,148.0,4,66,general
4709,1,5,22.0,148.0,6,55,general
4710,1,6,26.0,148.0,6,61,general
4711,1,7,30.0,148.0,6,57,general
4712,2,8,2.0,148.0,6,65,fast
4713,2,9,6.0,148.0,6,67,general
4714,2,10,10.0,148.0,5,68,general
4715,2,11,14.0,148.0,6,57,fast
4716,3,12,18.0,148.0,6,69,general
4717,3,13,22.0,148.0,6,57,fast
4718,3,14,26.0,148.0,5,66,fragile
4719,3,15,30.0,148.0,5,56,general
4720,4,16,2.0,148.0,6,57,fast
4721,4,17,6.0,148.0,4,61,general
4722,4,18,10.0,148.0,6,61,fast
4723,4,19,14.0,148.0,6,64,fragile
4724,5,20,18.0,148.0,6,69,general
4725,5,21,22.0,148.0,5,53,general
4726,5,22,26.0,148.0,5,52,bulk
4727,5,23,30.0,148.0,6,52,general
4728,6,24,2.0,148.0,5,69,fast
4729,6,25,6.0,148.0,4,67,fragile
4730,6,26,10.0,148.0,5,60,general
4731,6,27,14.0,148.0,6,65,fragile
4732,7,28,18.0,148.0,4,69,fast
4733,7,29,22.0,148.0,4,54,bulk
4734,7,30,26.0,148.0,5,57,general
4735,7,31,30.0,148.0,4,68,general
4736,8,32,2.0,148.0,5,67,general
4737,8,33,6.0,148.0,5,57,general
4738,8,34,10.0,148.0,5,67,fast
4739,8,35,14.0,148.0,4,57,general
4740,9,36,18.0,148.0,4,58,general
4741,9,37,22.0,148.0,5,64,fragile
4742,9,38,26.0,148.0,4,52,general
4743,9,39,30.0,148.0,5,68,general
4744,10,40,2.0,148.0,4,61,fast
4745,10,41,6.0,148.0,4,62,fast
4746,10,42,10.0,148.0,4,55,general
4747,10,43,14.0,148.0,6,64,fast
4748,11,44,18.0,148.0,5,60,fragile
4749,11,45,22.0,148.0,6,61,fragile
4750,11,46,26.0,148.0,6,55,general
4751,11,47,30.0,148.0,4,60,general
4752,0,0,2.0,149.5,4,67,general
4753,0,1,6.0,149.5,5,68,general
4754,0,2,10.0,149.5,5,64,fragile
4755,0,3,14.0,149.5,6,56,fast
4756,1,4,18.0,149.5,6,65,fragile
4757,1,5,22.0,149.5,5,69,general
4758,1,6,26.0,149.5,5,54,fast
4759,1,7,30.0,149.5,6,58,general
4760,2,8,2.0,149.5,6,55,general
4761,2,9,6.0,149.5,6,67,general
4762,2,10,10.0,149.5,6,66,general
4763,2,11,14.0,149.5,6,67,fast
4764,3,12,18.0,149.5,5,62,general
4765,3,13,22.0,149.5,5,63,general
4766,3,14,26.0,149.5,4,54,general
4767,3,15,30.0,149.5,6,53,fast
4768,4,16,2.0,149.5,5,55,general
4769,4,17,6.0,149.5,4,67,fast
4770,4,18,10.0,149.5,5,61,general
4771,4,19,14.0,149.5,6,62,general
4772,5,20,18.0,149.5,6,52,bulk
4773,5,21,22.0,149.5,4,52,fast
4774,5,22,26.0,149.5,6,58,general
4775,5,23,30.0,149.5,5,54,fast
4776,6,24,2.0,149.5,5,58,fast
4777,6,25,6.0,149.5,5,68,general
4778,6,26,10.0,149.5,4,55,general
4779,6,27,14.0,149.5,4,69,general
4780,7,28,18.0,149.5,6,62,general
4781,7,29,22.0,149.5,6,54,general
4782,7,30,26.0,149.5,4,63,general
4783,7,31,30.0,149.5,5,67,general
4784,8,32,2.0,149.5,6,64,fast
4785,8,33,6.0,149.5,6,55,fast
4786,8,34,10.0,149.5,5,58,fragile
4787,8,35,14.0,149.5,4,68,general
4788,9,36,18.0,149.5,6,63,general
4789,9,37,22.0,149.5,6,57,general
4790,9,38,26.0,149.5,6,61,fast
4791,9,39,30.0,149.5,4,66,general
4792,10,40,2.0,149.5,5,60,general
4793,10,41,6.0,149.5,4,55,general
4794,10,42,10.0,149.5,4,56,general
4795,10,43,14.0,149.5,5,68,fast
4796,11,44,18.0,149.5,6,65,general
4797,11,45,22.0,149.5,6,63,fast
4798,11,46,26.0,149.5,5,53,general
4799,11,47,30.0,149.5,5,57,fragile
4800,0,0,2.0,151.0,5,62,general
4801,0,1,6.0,151.0,5,62,general
4802,0,2,10.0,151.0,4,53,general
4803,0,3,14.0,151.0,6,69,fragile
4804,1,4,18.0,151.0,6,52,general
4805,1,5,22.0,151.0,4,58,general
4806,1,6,26.0,151.0,6,68,fragile
4807,1,7,30.0,151.0,6,67,general
4808,2,8,2.0,151.0,5,53,fast
4809,2,9,6.0,151.0,6,62,fragile
4810,2,10,10.0,151.0,6,61,general
4811,2,11,14.0,151.0,5,52,fragile
4812,3,12,18.0,151.0,5,60,fast
4813,3,13,22.0,151.0,5,62,fragile
4814,3,14,26.0,151.0,4,57,bulk
4815,3,15,30.0,151.0,6,65,general
4816,4,16,2.0,151.0,5,56,fragile
4817,4,17,6.0,151.0,6,62,fragile
4818,4,18,10.0,151.0,6,58,general
4819,4,19,14.0,151.0,5,67,general
4820,5,20,18.0,151.0,6,56,fragile
4821,5,21,22.0,151.0,5,58,general
4822,5,22,26.0,151.0,5,67,fast
4823,5,23,30.0,151.0,6,64,bulk
4824,6,24,2.0,151.0,6,53,general
4825,6,25,6.0,151.0,5,68,general
4826,6,26,10.0,151.0,6,54,bulk
4827,6,27,14.0,151.0,4,55,fast
4828,7,28,18.0,151.0,5,60,fast
4829,7,29,22.0,151.0,6,54,fragile
4830,7,30,26.0,151.0,6,53,fragile
4831,7,31,30.0,151.0,6,62,bulk
4832,8,32,2.0,151.0,4,52,general
4833,8,33,6.0,151.0,5,67,general
4834,8,34,10.0,151.0,5,65,fragile
4835,8,35,14.0,151.0,5,55,fragile
4836,9,36,18.0,151.0,5,64,fast
4837,9,37,22.0,151.0,5,68,fragile
4838,9,38,26.0,151.0,4,62,general
4839,9,39,30.0,151.0,4,64,fragile
4840,10,40,2.0,151.0,6,55,fragile
4841,10,41,6.0,151.0,5,64,general
4842,10,42,10.0,151.0,4,64,general
4843,10,43,14.0,151.0,4,67,general
4844,11,44,18.0,151.0,5,65,general
4845,11,45,22.0,151.0,5,69,general
4846,11,46,26.0,151.0,4,65,fragile
4847,11,47,30.0,151.0,6,55,fast
4848,0,0,2.0,152.5,6,62,fast
4849,0,1,6.0,152.5,4,67,fast
4850,0,2,10.0,152.5,4,59,fast
4851,0,3,14.0,152.5,6,62,general
4852,1,4,18.0,152.5,6,57,fragile
4853,1,5,22.0,152.5,6,69,general
4854,1,6,26.0,152.5,6,61,general
4855,1,7,30.0,152.5,6,53,general
4856,2,8,2.0,152.5,5,67,general
4857,2,9,6.0,152.5,4,67,general
4858,2,10,10.0,152.5,5,60,general
4859,2,11,14.0,152.5,6,56,general
4860,3,12,18.0,152.5,5,53,general
4861,3,13,22.0,152.5,4,54,general
4862,3,14,26.0,152.5,5,58,bulk
4863,3,15,30.0,152.5,4,69,bulk
4864,4,16,2.0,152.5,4,63,bulk
4865,4,17,6.0,152.5,4,52,fast
4866,4,18,10.0,152.5,6,56,general
4867,4,19,14.0,152.5,5,62,fast
4868,5,20,18.0,152.5,4,56,general
4869,5,21,22.0,152.5,6,66,general
4870,5,22,26.0,152.5,4,64,general
4871,5,23,30.0,152.5,5,57,fast
4872,6,24,2.0,152.5,5,65,general
4873,6,25,6.0,152.5,6,56,fast
4874,6,26,10.0,152.5,5,65,bulk
4875,6,27,14.0,152.5,5,58,fast
4876,7,28,18.0,152.5,5,61,fast
4877,7,29,22.0,152.5,4,62,fragile
4878,7,30,26.0,152.5,5,54,fragile
4879,7,31,30.0,152.5,4,64,fast
4880,8,32,2.0,152.5,4,64,fragile
4881,8,33,6.0,152.5,4,54,fast
4882,8,34,10.0,152.5,5,61,general
4883,8,35,14.0,152.5,6,58,fast
4884,9,36,18.0,152.5,4,57,general
4885,9,37,22.0,152.5,6,59,general
4886,9,38,26.0,152.5,5,63,general
4887,9,39,30.0,152.5,5,66,bulk
4888,10,40,2.0,152.5,6,62,fast
4889,10,41,6.0,152.5,4,68,general
4890,10,42,10.0,152.5,4,61,general
4891,10,43,14.0,152.5,5,66,fragile
4892,11,44,18.0,152.5,4,68,general
4893,11,45,22.0,152.5,6,60,fast
4894,11,46,26.0,152.5,4,67,general
4895,11,47,30.0,152.5,4,66,general
4896,0,0,2.0,154.0,6,69,general
4897,0,1,6.0,154.0,5,57,fast
4898,0,2,10.0,154.0,5,64,bulk
4899,0,3,14.0,154.0,4,67,general
4900,1,4,18.0,154.0,5,60,bulk
4901,1,5,22.0,154.0,6,60,fast
4902,1,6,26.0,154.0,5,58,general
4903,1,7,30.0,154.0,5,60,general
4904,2,8,2.0,154.0,4,64,general
4905,2,9,6.0,154.0,5,54,general
4906,2,10,10.0,154.0,4,63,general
4907,2,11,14.0,154.0,5,55,bulk
4908,3,12,18.0,154.0,5,59,fragile
4909,3,13,22.0,154.0,5,63,general
4910,3,14,26.0,154.0,5,58,fragile
4911,3,15,30.0,154.0,6,62,bulk
4912,4,16,2.0,154.0,6,55,fast
4913,4,17,6.0,154.0,4,60,general
4914,4,18,10.0,154.0,5,69,fragile
4915,4,19,14.0,154.0,4,65,general
4916,5,20,18.0,154.0,4,55,general
4917,5,21,22.0,154.0,4,69,general
4918,5,22,26.0,154.0,5,58,bulk
4919,5,23,30.0,154.0,4,63,general
4920,6,24,2.0,154.0,6,60,fast
4921,6,25,6.0,154.0,6,56,fast
4922,6,26,10.0,154.0,6,68,fragile
4923,6,27,14.0,154.0,4,62,fragile
4924,7,28,18.0,154.0,4,63,fragile
4925,7,29,22.0,154.0,5,57,fast
4926,7,30,26.0,154.0,5,65,general
4927,7,31,30.0,154.0,6,66,bulk
4928,8,32,2.0,154.0,5,52,fragile
4929,8,33,6.0,154.0,4,55,fast
4930,8,34,10.0,154.0,4,52,general
4931,8,35,14.0,154.0,4,60,general
4932,9,36,18.0,154.0,4,58,fast
4933,9,37,22.0,154.0,5,61,general
4934,9,38,26.0,154.0,4,67,fast
4935,9,39,30.0,154.0,5,61,general
4936,10,40,2.0,154.0,6,68,general
4937,10,41,6.0,154.0,4,65,general
4938,10,42,10.0,154.0,6,57,general
4939,10,43,14.0,154.0,5,55,general
4940,11,44,18.0,154.0,5,52,general
4941,11,45,22.0,154.0,4,63,bulk
4942,11,46,26.0,154.0,6,64,general
4943,11,47,30.0,154.0,6,58,fragile
4944,0,0,2.0,155.5,6,58,general
4945,0,1,6.0,155.5,5,66,general
4946,0,2,10.0,155.5,4,67,bulk
4947,0,3,14.0,155.5,6,63,general
4948,1,4,18.0,155.5,4,61,general
4949,1,5,22.0,155.5,6,69,general
4950,1,6,26.0,155.5,6,60,general
4951,1,7,30.0,155.5,6,56,general
4952,2,8,2.0,155.5,5,66,fast
4953,2,9,6.0,155.5,5,52,fast
4954,2,10,10.0,155.5,5,64,general
4955,2,11,14.0,155.5,5,63,fast
4956,3,12,18.0,155.5,4,57,fragile
4957,3,13,22.0,155.5,6,56,general
4958,3,14,26.0,155.5,6,54,general
4959,3,15,30.0,155.5,5,56,general
4960,4,16,2.0,155.5,6,52,fast
4961,4,17,6.0,155.5,5,68,general
4962,4,18,10.0,155.5,4,62,fragile
4963,4,19,14.0,155.5,4,54,general
4964,5,20,18.0,155.5,5,53,fast
4965,5,21,22.0,155.5,5,62,general
4966,5,22,26.0,155.5,6,64,general
4967,5,23,30.0,155.5,5,55,general
4968,6,24,2.0,155.5,5,52,fast
4969,6,25,6.0,155.5,4,62,general
4970,6,26,10.0,155.5,6,62,fragile
4971,6,27,14.0,155.5,4,53,general
4972,7,28,18.0,155.5,5,61,general
4973,7,29,22.0,155.5,4,67,fragile
4974,7,30,26.0,155.5,6,60,general
4975,7,31,30.0,155.5,4,65,bulk
4976,8,32,2.0,155.5,4,54,general
4977,8,33,6.0,155.5,4,61,general
4978,8,34,10.0,155.5,4,64,fast
4979,8,35,14.0,155.5,4,63,general
4980,9,36,18.0,155.5,5,68,general
4981,9,37,22.0,155.5,6,69,general
4982,9,38,26.0,155.5,5,53,general
4983,9,39,30.0,155.5,4,52,fast
4984,10,40,2.0,155.5,4,66,fast
4985,10,41,6.0,155.5,5,61,general
4986,10,42,10.0,155.5,5,60,general
4987,10,43,14.0,155.5,6,55,general
4988,11,44,18.0,155.5,5,59,general
4989,11,45,22.0,155.5,5,54,general
4990,11,46,26.0,155.5,6,59,fragile
4991,11,47,30.0,155.5,6,64,fast
4992,0,0,2.0,157.0,4,67,fast
4993,0,1,6.0,157.0,4,55,general
4994,0,2,10.0,157.0,6,55,general
4995,0,3,14.0,157.0,6,53,general
4996,1,4,18.0,157.0,4,63,fast
4997,1,5,22.0,157.0,5,67,fast
4998,1,6,26.0,157.0,4,58,general
4999,1,7,30.0,157.0,5,57,fragile
5000,2,8,2.0,157.0,6,64,general
5001,2,9,6.0,157.0,4,59,fragile
5002,2,10,10.0,157.0,4,56,fast
5003,2,11,14.0,157.0,4,69,bulk
5004,3,12,18.0,157.0,5,65,bulk
5005,3,13,22.0,157.0,4,66,general
5006,3,14,26.0,157.0,6,62,bulk
5007,3,15,30.0,157.0,4,56,fast
5008,4,16,2.0,157.0,6,68,fragile
5009,4,17,6.0,157.0,5,62,fragile
5010,4,18,10.0,157.0,6,58,fragile
5011,4,19,14.0,157.0,5,62,fast
5012,5,20,18.0,157.0,5,69,bulk
5013,5,21,22.0,157.0,6,68,general
5014,5,22,26.0,157.0,6,52,fast
5015,5,23,30.0,157.0,5,66,general
5016,6,24,2.0,157.0,6,52,general
5017,6,25,6.0,157.0,4,60,fragile
5018,6,26,10.0,157.0,4,58,fragile
5019,6,27,14.0,157.0,5,68,general
5020,7,28,18.0,157.0,4,59,general
5021,7,29,22.0,157.0,4,59,fragile
5022,7,30,26.0,157.0,4,57,fragile
5023,7,31,30.0,157.0,6,57,fast
5024,8,32,2.0,157.0,6,64,fast
5025,8,33,6.0,157.0,6,59,general
5026,8,34,10.0,157.0,6,58,general
5027,8,35,14.0,157.0,5,55,general
5028,9,36,18.0,157.0,4,66,fragile
5029,9,37,22.0,157.0,4,60,fast
5030,9,38,26.0,157.0,5,68,bulk
5031,9,39,30.0,157.0,5,63,fast
5032,10,40,2.0,157.0,5,69,general
5033,10,41,6.0,157.0,4,53,general
5034,10,42,10.0,157.0,4,57,bulk
5035,10,43,14.0,157.0,6,69,bulk
5036,11,44,18.0,157.0,5,68,general
5037,11,45,22.0,157.0,5,52,general
5038,11,46,26.0,157.0,6,65,fragile
5039,11,47,30.0,157.0,5,55,fragile
5040,0,0,2.0,158.5,6,60,fragile
5041,0,1,6.0,158.5,4,52,fast
5042,0,2,10.0,158.5,5,56,general
5043,0,3,14.0,158.5,5,69,general
5044,1,4,18.0,158.5,5,55,fast
5045,1,5,22.0,158.5,4,65,general
5046,1,6,26.0,158.5,4,58,general
5047,1,7,30.0,158.5,5,55,general
5048,2,8,2.0,158.5,6,54,fast
5049,2,9,6.0,158.5,6,60,bulk
5050,2,10,10.0,158.5,4,59,fast
5051,2,11,14.0,158.5,5,62,general
5052,3,12,18.0,158.5,6,62,fragile
5053,3,13,22.0,158.5,6,68,fast
5054,3,14,26.0,158.5,4,57,bulk
5055,3,15,30.0,158.5,4,55,general
5056,4,16,2.0,158.5,4,68,fast
5057,4,17,6.0,158.5,4,61,general
5058,4,18,10.0,158.5,6,65,fragile
5059,4,19,14.0,158.5,4,61,general
5060,5,20,18.0,158.5,4,68,bulk
5061,5,21,22.0,158.5,4,58,general
5062,5,22,26.0,158.5,6,52,general
5063,5,23,30.0,158.5,4,61,general
5064,6,24,2.0,158.5,4,58,general
5065,6,25,6.0,158.5,5,68,fragile
5066,6,26,10.0,158.5,5,59,fast
5067,6,27,14.0,158.5,5,64,fragile
5068,7,28,18.0,158.5,6,54,general
5069,7,29,22.0,158.5,5,61,general
5070,7,30,26.0,158.5,6,52,fragile
5071,7,31,30.0,158.5,5,55,general
5072,8,32,2.0,158.5,4,59,fast
5073,8,33,6.0,158.5,5,55,bulk
5074,8,34,10.0,158.5,4,69,fast
5075,8,35,14.0,158.5,6,62,fast
5076,9,36,18.0,158.5,5,66,general
5077,9,37,22.0,158.5,5,61,general
5078,9,38,26.0,158.5,6,67,fragile
5079,9,39,30.0,158.5,6,67,general
5080,10,40,2.0,158.5,5,60,general
5081,10,41,6.0,158.5,6,63,general
5082,10,42,10.0,158.5,4,67,fragile
5083,10,43,14.0,158.5,6,57,general
5084,11,44,18.0,158.5,5,60,general
5085,11,45,22.0,158.5,5,66,general
5086,11,46,26.0,158.5,6,57,general
5087,11,47,30.0,158.5,6,58,fast
5088,0,0,2.0,160.0,4,52,bulk
5089,0,1,6.0,160.0,6,60,general
5090,0,2,10.0,160.0,5,66,fast
5091,0,3,14.0,160.0,6,55,fast
5092,1,4,18.0,160.0,4,59,fast
5093,1,5,22.0,160.0,4,58,general
5094,1,6,26.0,160.0,4,53,fast
5095,1,7,30.0,160.0,5,53,fast
5096,2,8,2.0,160.0,6,53,general
5097,2,9,6.0,160.0,5,69,general
5098,2,10,10.0,160.0,6,62,fragile
5099,2,11,14.0,160.0,4,57,bulk
5100,3,12,18.0,160.0,4,65,fast
5101,3,13,22.0,160.0,5,58,general
5102,3,14,26.0,160.0,5,53,fast
5103,3,15,30.0,160.0,5,61,bulk
5104,4,16,2.0,160.0,5,60,general
5105,4,17,6.0,160.0,4,55,fast
5106,4,18,10.0,160.0,5,61,general
5107,4,19,14.0,160.0,4,60,bulk
5108,5,20,18.0,160.0,4,53,bulk
5109,5,21,22.0,160.0,6,69,bulk
5110,5,22,26.0,160.0,5,67,fragile
5111,5,23,30.0,160.0,4,62,fast
5112,6,24,2.0,160.0,6,62,bulk
5113,6,25,6.0,160.0,4,60,fast
5114,6,26,10.0,160.0,5,68,fragile
5115,6,27,14.0,160.0,6,53,fragile
5116,7,28,18.0,160.0,5,61,general
5117,7,29,22.0,160.0,6,55,fast
5118,7,30,26.0,160.0,6,64,fast
5119,7,31,30.0,160.0,5,53,general
5120,8,32,2.0,160.0,5,68,bulk
5121,8,33,6.0,160.0,6,57,fast
5122,8,34,10.0,160.0,4,65,fast
5123,8,35,14.0,160.0,4,59,fragile
5124,9,36,18.0,160.0,4,56,general
5125,9,37,22.0,160.0,6,64,general
5126,9,38,26.0,160.0,4,52,fast
5127,9,39,30.0,160.0,5,67,general
5128,10,40,2.0,160.0,6,63,general
5129,10,41,6.0,160.0,4,60,general
5130,10,42,10.0,160.0,4,64,general
5131,10,43,14.0,160.0,4,60,fast
5132,11,44,18.0,160.0,6,58,fragile
5133,11,45,22.0,160.0,5,55,general
5134,11,46,26.0,160.0,4,56,general
5135,11,47,30.0,160.0,4,68,fragile
5136,0,0,2.0,161.5,4,62,general
5137,0,1,6.0,161.5,6,58,fragile
5138,0,2,10.0,161.5,5,53,general
5139,0,3,14.0,161.5,6,56,general
5140,1,4,18.0,161.5,4,66,general
5141,1,5,22.0,161.5,6,54,fragile
5142,1,6,26.0,161.5,4,56,bulk
5143,1,7,30.0,161.5,5,64,general
5144,2,8,2.0,161.5,6,66,general
5145,2,9,6.0,161.5,4,61,general
5146,2,10,10.0,161.5,5,54,fast
5147,2,11,14.0,161.5,4,56,general
5148,3,12,18.0,161.5,5,59,general
5149,3,13,22.0,161.5,5,62,fast
5150,3,14,26.0,161.5,5,62,fast
5151,3,15,30.0,161.5,4,56,general
5152,4,16,2.0,161.5,4,66,fast
5153,4,17,6.0,161.5,4,67,fast
5154,4,18,10.0,161.5,4,61,fast
5155,4,19,14.0,161.5,5,54,general
5156,5,20,18.0,161.5,5,59,fragile
5157,5,21,22.0,161.5,4,60,bulk
5158,5,22,26.0,161.5,4,55,general
5159,5,23,30.0,161.5,5,66,general
5160,6,24,2.0,161.5,6,68,general
5161,6,25,6.0,161.5,6,55,fast
5162,6,26,10.0,161.5,6,66,general
5163,6,27,14.0,161.5,4,67,general
5164,7,28,18.0,161.5,5,67,general
5165,7,29,22.0,161.5,5,67,fast
5166,7,30,26.0,161.5,4,67,bulk
5167,7,31,30.0,161.5,6,58,general
5168,8,32,2.0,161.5,4,66,fast
5169,8,33,6.0,161.5,5,59,fragile
5170,8,34,10.0,161.5,4,64,fast
5171,8,35,14.0,161.5,4,56,general
5172,9,36,18.0,161.5,4,53,fragile
5173,9,37,22.0,161.5,4,56,general
5174,9,38,26.0,161.5,4,53,general
5175,9,39,30.0,161.5,6,60,bulk
5176,10,40,2.0,161.5,4,64,fragile
5177,10,41,6.0,161.5,5,59,bulk
5178,10,42,10.0,161.5,5,65,bulk
5179,10,43,14.0,161.5,4,54,fast
5180,11,44,18.0,161.5,6,63,fragile
5181,11,45,22.0,161.5,4,66,fragile
5182,11,46,26.0,161.5,4,62,fragile
5183,11,47,30.0,161.5,4,64,bulk
5184,0,0,2.0,163.0,5,61,fast
5185,0,1,6.0,163.0,6,56,fast
5186,0,2,10.0,163.0,5,58,fast
5187,0,3,14.0,163.0,4,65,fast
5188,1,4,18.0,163.0,4,52,general
5189,1,5,22.0,163.0,6,53,bulk
5190,1,6,26.0,163.0,6,60,general
5191,1,7,30.0,163.0,6,53,fragile
5192,2,8,2.0,163.0,6,56,general
5193,2,9,6.0,163.0,5,64,bulk
5194,2,10,10.0,163.0,6,65,fragile
5195,2,11,14.0,163.0,5,65,bulk
5196,3,12,18.0,163.0,6,60,general
5197,3,13,22.0,163.0,4,58,general
5198,3,14,26.0,163.0,4,52,fast
5199,3,15,30.0,163.0,4,62,general
5200,4,16,2.0,163.0,5,56,general
5201,4,17,6.0,163.0,5,66,fast
5202,4,18,10.0,163.0,5,67,bulk
5203,4,19,14.0,163.0,6,62,bulk
5204,5,20,18.0,163.0,5,61,general
5205,5,21,22.0,163.0,5,69,general
5206,5,22,26.0,163.0,6,69,fragile
5207,5,23,30.0,163.0,6,52,general
5208,6,24,2.0,163.0,5,55,fast
5209,6,25,6.0,163.0,6,65,general
5210,6,26,10.0,163.0,6,61,general
5211,6,27,14.0,163.0,5,59,fast
5212,7,28,18.0,163.0,4,68,general
5213,7,29,22.0,163.0,5,59,general
5214,7,30,26.0,163.0,6,69,general
5215,7,31,30.0,163.0,5,64,general
5216,8,32,2.0,163.0,6,64,general
5217,8,33,6.0,163.0,5,69,general
5218,8,34,10.0,163.0,6,54,general
5219,8,35,14.0,163.0,5,56,general
5220,9,36,18.0,163.0,4,58,general
5221,9,37,22.0,163.0,4,53,fragile
5222,9,38,26.0,163.0,4,65,fast
5223,9,39,30.0,163.0,4,67,fast
5224,10,40,2.0,163.0,4,67,general
5225,10,41,6.0,163.0,6,56,fragile
5226,10,42,10.0,163.0,5,57,fast
5227,10,43,14.0,163.0,4,58,fast
5228,11,44,18.0,163.0,4,55,fast
5229,11,45,22.0,163.0,4,56,fragile
5230,11,46,26.0,163.0,4,60,general
5231,11,47,30.0,163.0,4,52,bulk
5232,0,0,2.0,164.5,6,66,general
5233,0,1,6.0,164.5,5,53,general
5234,0,2,10.0,164.5,5,59,general
5235,0,3,14.0,164.5,5,53,fast
5236,1,4,18.0,164.5,5,53,general
5237,1,5,22.0,164.5,4,52,fragile
5238,1,6,26.0,164.5,5,61,general
5239,1,7,30.0,164.5,6,54,fast
5240,2,8,2.0,164.5,4,67,general
5241,2,9,6.0,164.5,5,64,fragile
5242,2,10,10.0,164.5,6,69,fast
5243,2,11,14.0,164.5,4,60,general
5244,3,12,18.0,164.5,4,60,bulk
5245,3,13,22.0,164.5,5,52,fragile
5246,3,14,26.0,164.5,4,67,general
5247,3,15,30.0,164.5,5,67,general
5248,4,16,2.0,164.5,6,68,fast
5249,4,17,6.0,164.5,5,69,bulk
5250,4,18,10.0,164.5,4,60,general
5251,4,19,14.0,164.5,4,68,general
5252,5,20,18.0,164.5,6,61,general
5253,5,21,22.0,164.5,5,56,general
5254,5,22,26.0,164.5,5,65,bulk
5255,5,23,30.0,164.5,5,57,general
5256,6,24,2.0,164.5,6,55,fast
5257,6,25,6.0,164.5,4,63,general
5258,6,26,10.0,164.5,6,66,fragile
5259,6,27,14.0,164.5,5,65,fragile
5260,7,28,18.0,164.5,5,52,fragile
5261,7,29,22.0,164.5,5,63,general
5262,7,30,26.0,164.5,5,68,general
5263,7,31,30.0,164.5,6,58,bulk
5264,8,32,2.0,164.5,6,60,general
5265,8,33,6.0,164.5,5,68,general
5266,8,34,10.0,164.5,4,57,bulk
5267,8,35,14.0,164.5,5,65,general
5268,9,36,18.0,164.5,5,59,fragile
5269,9,37,22.0,164.5,4,64,general
5270,9,38,26.0,164.5,4,59,fast
5271,9,39,30.0,164.5,5,59,general
5272,10,40,2.0,164.5,5,61,general
5273,10,41,6.0,164.5,6,56,general
5274,10,42,10.0,164.5,5,62,fast
5275,10,43,14.0,164.5,4,64,general
5276,11,44,18.0,164.5,4,52,fast
5277,11,45,22.0,164.5,5,53,fast
5278,11,46,26.0,164.5,6,68,bulk
5279,11,47,30.0,164.5,6,56,fast
5280,0,0,2.0,166.0,5,65,fast
5281,0,1,6.0,166.0,6,52,fast
5282,0,2,10.0,166.0,4,61,general
5283,0,3,14.0,166.0,5,53,fast
5284,1,4,18.0,166.0,6,53,general
5285,1,5,22.0,166.0,5,67,general
5286,1,6,26.0,166.0,4,52,fast
5287,1,7,30.0,166.0,4,67,fragile
5288,2,8,2.0,166.0,4,65,fragile
5289,2,9,6.0,166.0,5,55,bulk
5290,2,10,10.0,166.0,6,56,general
5291,2,11,14.0,166.0,5,56,general
5292,3,12,18.0,166.0,5,61,general
5293,3,13,22.0,166.0,4,58,general
5294,3,14,26.0,166.0,4,68,general
5295,3,15,30.0,166.0,5,52,general
5296,4,16,2.0,166.0,4,68,general
5297,4,17,6.0,166.0,5,57,fast
5298,4,18,10.0,166.0,6,68,fast
5299,4,19,14.0,166.0,6,52,general
5300,5,20,18.0,166.0,4,57,fast
5301,5,21,22.0,166.0,5,57,fragile
5302,5,22,26.0,166.0,6,69,general
5303,5,23,30.0,166.0,4,55,fast
5304,6,24,2.0,166.0,5,57,bulk
5305,6,25,6.0,166.0,5,67,fragile
5306,6,26,10.0,166.0,4,54,bulk
5307,6,27,14.0,166.0,5,56,bulk
5308,7,28,18.0,166.0,4,64,general
5309,7,29,22.0,166.0,5,57,bulk
5310,7,30,26.0,166.0,4,68,general
5311,7,31,30.0,166.0,5,61,fast
5312,8,32,2.0,166.0,5,66,general
5313,8,33,6.0,166.0,5,62,general
5314,8,34,10.0,166.0,5,59,general
5315,8,35,14.0,166.0,5,61,fast
5316,9,36,18.0,166.0,4,62,general
5317,9,37,22.0,166.0,6,59,general
5318,9,38,26.0,166.0,6,62,bulk
5319,9,39,30.0,166.0,5,56,fragile
5320,10,40,2.0,166.0,5,62,fast
5321,10,41,6.0,166.0,5,55,bulk
5322,10,42,10.0,166.0,4,64,general
5323,10,43,14.0,166.0,4,62,general
5324,11,44,18.0,166.0,4,61,fragile
5325,11,45,22.0,166.0,4,65,fast
5326,11,46,26.0,166.0,5,52,bulk
5327,11,47,30.0,166.0,4,56,fast
5328,0,0,2.0,167.5,4,57,general
5329,0,1,6.0,167.5,5,69,fragile
5330,0,2,10.0,167.5,6,67,bulk
5331,0,3,14.0,167.5,4,69,general
5332,1,4,18.0,167.5,5,59,fast
5333,1,5,22.0,167.5,4,53,general
5334,1,6,26.0,167.5,5,65,general
5335,1,7,30.0,167.5,6,59,general
5336,2,8,2.0,167.5,5,69,fast
5337,2,9,6.0,167.5,5,69,fast
5338,2,10,10.0,167.5,6,68,general
5339,2,11,14.0,167.5,4,59,general
5340,3,12,18.0,167.5,6,59,general
5341,3,13,22.0,167.5,4,66,general
5342,3,14,26.0,167.5,5,65,general
5343,3,15,30.0,167.5,5,55,general
5344,4,16,2.0,167.5,5,60,fast
5345,4,17,6.0,167.5,5,57,bulk
5346,4,18,10.0,167.5,5,64,general
5347,4,19,14.0,167.5,5,65,fast
5348,5,20,18.0,167.5,4,57,general
5349,5,21,22.0,167.5,4,58,general
5350,5,22,26.0,167.5,6,67,general
5351,5,23,30.0,167.5,6,59,fast
5352,6,24,2.0,167.5,6,58,general
5353,6,25,6.0,167.5,4,56,general
5354,6,26,10.0,167.5,5,57,general
5355,6,27,14.0,167.5,4,52,bulk
5356,7,28,18.0,167.5,4,56,general
5357,7,29,22.0,167.5,5,64,bulk
5358,7,30,26.0,167.5,6,67,fast
5359,7,31,30.0,167.5,6,60,general
5360,8,32,2.0,167.5,6,66,general
5361,8,33,6.0,167.5,4,55,general
5362,8,34,10.0,167.5,6,58,general
5363,8,35,14.0,167.5,4,68,fast
5364,9,36,18.0,167.5,6,58,fast
5365,9,37,22.0,167.5,4,52,general
5366,9,38,26.0,167.5,6,62,general
5367,9,39,30.0,167.5,6,65,fast
5368,10,40,2.0,167.5,4,66,bulk
5369,10,41,6.0,167.5,5,59,general
5370,10,42,10.0,167.5,4,59,bulk
5371,10,43,14.0,167.5,6,68,general
5372,11,44,18.0,167.5,5,63,fragile
5373,11,45,22.0,167.5,6,66,general
5374,11,46,26.0,167.5,6,68,fast
5375,11,47,30.0,167.5,6,53,fast
5376,0,0,2.0,169.0,4,54,fragile
5377,0,1,6.0,169.0,5,69,general
5378,0,2,10.0,169.0,6,66,general
5379,0,3,14.0,169.0,4,57,fast
5380,1,4,18.0,169.0,5,56,general
5381,1,5,22.0,169.0,4,52,fast
5382,1,6,26.0,169.0,5,59,general
5383,1,7,30.0,169.0,4,54,fragile
5384,2,8,2.0,169.0,6,55,general
5385,2,9,6.0,169.0,4,60,bulk
5386,2,10,10.0,169.0,5,54,bulk
5387,2,11,14.0,169.0,6,64,general
5388,3,12,18.0,169.0,6,60,fragile
5389,3,13,22.0,169.0,6,59,fragile
5390,3,14,26.0,169.0,6,53,fast
5391,3,15,30.0,169.0,6,60,general
5392,4,16,2.0,169.0,6,67,fragile
5393,4,17,6.0,169.0,5,55,fast
5394,4,18,10.0,169.0,4,63,general
5395,4,19,14.0,169.0,5,68,general
5396,5,20,18.0,169.0,4,54,fragile
5397,5,21,22.0,169.0,5,59,fast
5398,5,22,26.0,169.0,5,64,bulk
5399,5,23,30.0,169.0,4,57,fragile
5400,6,24,2.0,169.0,6,54,general
5401,6,25,6.0,169.0,6,63,fragile
5402,6,26,10.0,169.0,6,63,fast
5403,6,27,14.0,169.0,4,61,general
5404,7,28,18.0,169.0,5,56,general
5405,7,29,22.0,169.0,4,57,fast
5406,7,30,26.0,169.0,6,63,fast
5407,7,31,30.0,169.0,5,55,general
5408,8,32,2.0,169.0,6,54,fast
5409,8,33,6.0,169.0,4,61,fragile
5410,8,34,10.0,169.0,4,67,general
5411,8,35,14.0,169.0,5,62,fragile
5412,9,36,18.0,169.0,4,55,general
5413,9,37,22.0,169.0,6,68,fragile
5414,9,38,26.0,169.0,4,56,fragile
5415,9,39,30.0,169.0,5,55,fast
5416,10,40,2.0,169.0,6,63,bulk
5417,10,41,6.0,169.0,4,58,fragile
5418,10,42,10.0,169.0,5,64,general
5419,10,43,14.0,169.0,5,62,general
5420,11,44,18.0,169.0,4,53,fragile
5421,11,45,22.0,169.0,4,61,fragile
5422,11,46,26.0,169.0,5,61,general
5423,11,47,30.0,169.0,5,58,fast
5424,0,0,2.0,170.5,5,60,fragile
5425,0,1,6.0,170.5,6,68,general
5426,0,2,10.0,170.5,4,52,fast
5427,0,3,14.0,170.5,4,52,fragile
5428,1,4,18.0,170.5,5,53,general
5429,1,5,22.0,170.5,6,57,general
5430,1,6,26.0,170.5,4,59,fast
5431,1,7,30.0,170.5,6,64,general
5432,2,8,2.0,170.5,4,53,bulk
5433,2,9,6.0,170.5,6,56,general
5434,2,10,10.0,170.5,4,65,general
5435,2,11,14.0,170.5,4,68,fragile
5436,3,12,18.0,170.5,5,67,fast
5437,3,13,22.0,170.5,4,56,general
5438,3,14,26.0,170.5,5,68,fast
5439,3,15,30.0,170.5,4,53,bulk
5440,4,16,2.0,170.5,6,61,fragile
5441,4,17,6.0,170.5,5,55,fast
5442,4,18,10.0,170.5,5,63,bulk
5443,4,19,14.0,170.5,5,65,general
5444,5,20,18.0,170.5,5,54,general
5445,5,21,22.0,170.5,6,69,general
5446,5,22,26.0,170.5,6,61,general
5447,5,23,30.0,170.5,4,69,fast
5448,6,24,2.0,170.5,6,53,general
5449,6,25,6.0,170.5,5,66,bulk
5450,6,26,10.0,170.5,4,57,general
5451,6,27,14.0,170.5,6,61,general
5452,7,28,18.0,170.5,5,54,fragile
5453,7,29,22.0,170.5,5,58,general
5454,7,30,26.0,170.5,5,57,bulk
5455,7,31,30.0,170.5,5,55,general
5456,8,32,2.0,170.5,5,55,fast
5457,8,33,6.0,170.5,4,60,fragile
5458,8,34,10.0,170.5,6,52,general
5459,8,35,14.0,170.5,5,60,fast
5460,9,36,18.0,170.5,4,54,fragile
5461,9,37,22.0,170.5,4,53,fast
5462,9,38,26.0,170.5,6,59,fragile
5463,9,39,30.0,170.5,4,56,general
5464,10,40,2.0,170.5,5,59,general
5465,10,41,6.0,170.5,6,69,general
5466,10,42,10.0,170.5,5,62,fast
5467,10,43,14.0,170.5,4,58,general
5468,11,44,18.0,170.5,5,59,fast
5469,11,45,22.0,170.5,6,53,general
5470,11,46,26.0,170.5,6,59,fast
5471,11,47,30.0,170.5,4,53,general
5472,0,0,2.0,172.0,6,67,bulk
5473,0,1,6.0,172.0,4,63,bulk
5474,0,2,10.0,172.0,6,69,fast
5475,0,3,14.0,172.0,4,54,bulk
5476,1,4,18.0,172.0,4,57,fast
5477,1,5,22.0,172.0,4,61,general
5478,1,6,26.0,172.0,4,61,general
5479,1,7,30.0,172.0,5,69,fast
5480,2,8,2.0,172.0,4,53,bulk
5481,2,9,6.0,172.0,5,65,general
5482,2,10,10.0,172.0,5,61,fragile
5483,2,11,14.0,172.0,6,65,general
5484,3,12,18.0,172.0,6,57,fragile
5485,3,13,22.0,172.0,5,69,bulk
5486,3,14,26.0,172.0,6,68,fast
5487,3,15,30.0,172.0,5,55,fragile
5488,4,16,2.0,172.0,5,59,general
5489,4,17,6.0,172.0,5,57,bulk
5490,4,18,10.0,172.0,4,53,general
5491,4,19,14.0,172.0,4,64,fast
5492,5,20,18.0,172.0,6,58,fragile
5493,5,21,22.0,172.0,6,67,general
5494,5,22,26.0,172.0,4,58,bulk
5495,5,23,30.0,172.0,5,62,bulk
5496,6,24,2.0,172.0,5,52,general
5497,6,25,6.0,172.0,5,58,general
5498,6,26,10.0,172.0,4,67,fast
5499,6,27,14.0,172.0,4,60,general
5500,7,28,18.0,172.0,4,56,general
5501,7,29,22.0,172.0,6,64,fast
5502,7,30,26.0,172.0,5,60,general
5503,7,31,30.0,172.0,6,69,general
5504,8,32,2.0,172.0,4,57,fragile
5505,8,33,6.0,172.0,6,53,fragile
5506,8,34,10.0,172.0,5,67,general
5507,8,35,14.0,172.0,4,69,general
5508,9,36,18.0,172.0,5,56,fast
5509,9,37,22.0,172.0,5,54,general
5510,9,38,26.0,172.0,5,60,bulk
5511,9,39,30.0,172.0,4,55,fragile
5512,10,40,2.0,172.0,4,61,fast
5513,10,41,6.0,172.0,5,60,fragile
5514,10,42,10.0,172.0,6,60,general
5515,10,43,14.0,172.0,4,54,bulk
5516,11,44,18.0,172.0,6,67,fragile
5517,11,45,22.0,172.0,4,61,general
5518,11,46,26.0,172.0,4,66,fast
5519,11,47,30.0,172.0,5,59,general
5520,0,0,2.0,173.5,4,62,general
5521,0,1,6.0,173.5,6,56,general
5522,0,2,10.0,173.5,5,69,fragile
5523,0,3,14.0,173.5,6,67,fast
5524,1,4,18.0,173.5,4,69,fast
5525,1,5,22.0,173.5,5,59,fragile
5526,1,6,26.0,173.5,4,65,fast
5527,1,7,30.0,173.5,4,66,fast
5528,2,8,2.0,173.5,4,68,fast
5529,2,9,6.0,173.5,5,56,general
5530,2,10,10.0,173.5,5,56,fast
5531,2,11,14.0,173.5,6,65,general
5532,3,12,18.0,173.5,4,53,general
5533,3,13,22.0,173.5,4,53,general
5534,3,14,26.0,173.5,6,66,general
5535,3,15,30.0,173.5,4,63,bulk
5536,4,16,2.0,173.5,6,69,bulk
5537,4,17,6.0,173.5,4,64,fast
5538,4,18,10.0,173.5,4,59,fast
5539,4,19,14.0,173.5,5,58,general
5540,5,20,18.0,173.5,4,62,fragile
5541,5,21,22.0,173.5,6,67,general
5542,5,22,26.0,173.5,4,64,general
5543,5,23,30.0,173.5,6,63,general
5544,6,24,2.0,173.5,5,67,fragile
5545,6,25,6.0,173.5,4,57,fast
5546,6,26,10.0,173.5,4,69,general
5547,6,27,14.0,173.5,5,66,general
5548,7,28,18.0,173.5,6,54,fast
5549,7,29,22.0,173.5,5,58,general
5550,7,30,26.0,173.5,4,58,general
5551,7,31,30.0,173.5,6,57,general
5552,8,32,2.0,173.5,5,56,fast
5553,8,33,6.0,173.5,6,58,general
5554,8,34,10.0,173.5,4,58,general
5555,8,35,14.0,173.5,6,66,general
5556,9,36,18.0,173.5,5,59,fragile
5557,9,37,22.0,173.5,5,65,general
5558,9,38,26.0,173.5,4,56,fragile
5559,9,39,30.0,173.5,4,62,general
5560,10,40,2.0,173.5,6,62,general
5561,10,41,6.0,173.5,6,69,fast
5562,10,42,10.0,173.5,5,60,bulk
5563,10,43,14.0,173.5,6,63,general
5564,11,44,18.0,173.5,5,59,bulk
5565,11,45,22.0,173.5,5,59,general
5566,11,46,26.0,173.5,4,59,general
5567,11,47,30.0,173.5,6,66,fragile
5568,0,0,2.0,175.0,6,63,general
5569,0,1,6.0,175.0,4,63,fast
5570,0,2,10.0,175.0,4,53,general
5571,0,3,14.0,175.0,5,66,general
5572,1,4,18.0,175.0,5,60,general
5573,1,5,22.0,175.0,6,64,bulk
5574,1,6,26.0,175.0,5,60,fast
5575,1,7,30.0,175.0,5,68,general
5576,2,8,2.0,175.0,4,63,general
5577,2,9,6.0,175.0,5,69,fragile
5578,2,10,10.0,175.0,6,58,bulk
5579,2,11,14.0,175.0,4,69,fast
5580,3,12,18.0,175.0,5,60,bulk
5581,3,13,22.0,175.0,4,65,general
5582,3,14,26.0,175.0,4,58,general
5583,3,15,30.0,175.0,5,67,general
5584,4,16,2.0,175.0,4,66,general
5585,4,17,6.0,175.0,6,57,fragile
5586,4,18,10.0,175.0,5,52,fast
5587,4,19,14.0,175.0,6,66,fast
5588,5,20,18.0,175.0,5,58,bulk
5589,5,21,22.0,175.0,4,68,general
5590,5,22,26.0,175.0,6,64,general
5591,5,23,30.0,175.0,4,59,general
5592,6,24,2.0,175.0,6,62,general
5593,6,25,6.0,175.0,6,55,general
5594,6,26,10.0,175.0,5,62,fast
5595,6,27,14.0,175.0,6,56,general
5596,7,28,18.0,175.0,5,55,fast
5597,7,29,22.0,175.0,4,60,bulk
5598,7,30,26.0,175.0,4,56,fragile
5599,7,31,30.0,175.0,6,54,fragile
5600,8,32,2.0,175.0,5,61,general
5601,8,33,6.0,175.0,6,65,bulk
5602,8,34,10.0,175.0,5,60,fragile
5603,8,35,14.0,175.0,5,56,general
5604,9,36,18.0,175.0,4,61,fragile
5605,9,37,22.0,175.0,5,53,fast
5606,9,38,26.0,175.0,5,61,fast
5607,9,39,30.0,175.0,4,60,fast
5608,10,40,2.0,175.0,5,62,general
5609,10,41,6.0,175.0,4,58,general
5610,10,42,10.0,175.0,5,56,fast
5611,10,43,14.0,175.0,4,53,fast
5612,11,44,18.0,175.0,4,54,general
5613,11,45,22.0,175.0,5,60,fast
5614,11,46,26.0,175.0,4,62,general
5615,11,47,30.0,175.0,6,55,fast
5616,0,0,2.0,176.5,4,60,fast
5617,0,1,6.0,176.5,6,53,bulk
5618,0,2,10.0,176.5,4,59,fragile
5619,0,3,14.0,176.5,6,53,fast
5620,1,4,18.0,176.5,6,56,fragile
5621,1,5,22.0,176.5,4,63,fast
5622,1,6,26.0,176.5,4,64,general
5623,1,7,30.0,176.5,6,66,fragile
5624,2,8,2.0,176.5,4,60,general
5625,2,9,6.0,176.5,4,54,general
5626,2,10,10.0,176.5,6,67,fast
5627,2,11,14.0,176.5,4,64,general
5628,3,12,18.0,176.5,5,56,general
5629,3,13,22.0,176.5,4,63,fragile
5630,3,14,26.0,176.5,5,52,fragile
5631,3,15,30.0,176.5,4,61,fragile
5632,4,16,2.0,176.5,4,52,fast
5633,4,17,6.0,176.5,6,61,bulk
5634,4,18,10.0,176.5,4,60,fragile
5635,4,19,14.0,176.5,5,64,fast
5636,5,20,18.0,176.5,4,53,bulk
5637,5,21,22.0,176.5,4,55,general
5638,5,22,26.0,176.5,5,63,bulk
5639,5,23,30.0,176.5,5,57,fast
5640,6,24,2.0,176.5,6,53,fragile
5641,6,25,6.0,176.5,6,60,fast
5642,6,26,10.0,176.5,5,69,general
5643,6,27,14.0,176.5,4,64,fast
5644,7,28,18.0,176.5,5,59,general
5645,7,29,22.0,176.5,6,56,bulk
5646,7,30,26.0,176.5,5,53,fragile
5647,7,31,30.0,176.5,6,55,general
5648,8,32,2.0,176.5,6,56,fast
5649,8,33,6.0,176.5,5,61,fast
5650,8,34,10.0,176.5,6,54,general
5651,8,35,14.0,176.5,6,59,fast
5652,9,36,18.0,176.5,6,52,general
5653,9,37,22.0,176.5,5,69,bulk
5654,9,38,26.0,176.5,5,62,fragile
5655,9,39,30.0,176.5,6,60,fragile
5656,10,40,2.0,176.5,5,57,general
5657,10,41,6.0,176.5,5,65,general
5658,10,42,10.0,176.5,4,59,fragile
5659,10,43,14.0,176.5,5,53,general
5660,11,44,18.0,176.5,5,52,fragile
5661,11,45,22.0,176.5,4,57,fast
5662,11,46,26.0,176.5,5,55,fragile
5663,11,47,30.0,176.5,4,69,general
5664,0,0,2.0,178.0,6,57,fast
5665,0,1,6.0,178.0,6,66,general
5666,0,2,10.0,178.0,4,59,general
5667,0,3,14.0,178.0,5,66,fast
5668,1,4,18.0,178.0,4,65,general
5669,1,5,22.0,178.0,5,54,bulk
5670,1,6,26.0,178.0,4,58,general
5671,1,7,30.0,178.0,4,66,fragile
5672,2,8,2.0,178.0,6,69,general
5673,2,9,6.0,178.0,5,59,general
5674,2,10,10.0,178.0,4,57,fragile
5675,2,11,14.0,178.0,4,52,general
5676,3,12,18.0,178.0,5,60,fast
5677,3,13,22.0,178.0,5,59,fragile
5678,3,14,26.0,178.0,6,69,general
5679,3,15,30.0,178.0,6,64,general
5680,4,16,2.0,178.0,4,59,bulk
5681,4,17,6.0,178.0,6,59,fragile
5682,4,18,10.0,178.0,6,57,general
5683,4,19,14.0,178.0,5,61,fast
5684,5,20,18.0,178.0,4,66,bulk
5685,5,21,22.0,178.0,5,69,general
5686,5,22,26.0,178.0,4,59,general
5687,5,23,30.0,178.0,4,53,general
5688,6,24,2.0,178.0,5,68,fragile
5689,6,25,6.0,178.0,6,61,general
5690,6,26,10.0,178.0,4,53,general
5691,6,27,14.0,178.0,4,55,general
5692,7,28,18.0,178.0,4,54,fast
5693,7,29,22.0,178.0,6,65,general
5694,7,30,26.0,178.0,5,58,fast
5695,7,31,30.0,178.0,6,58,fast
5696,8,32,2.0,178.0,5,62,bulk
5697,8,33,6.0,178.0,6,67,general
5698,8,34,10.0,178.0,5,66,general
5699,8,35,14.0,178.0,4,62,general
5700,9,36,18.0,178.0,6,60,general
5701,9,37,22.0,178.0,5,62,general
5702,9,38,26.0,178.0,4,66,fragile
5703,9,39,30.0,178.0,4,69,bulk
5704,10,40,2.0,178.0,4,59,general
5705,10,41,6.0,178.0,5,65,general
5706,10,42,10.0,178.0,4,53,general
5707,10,43,14.0,178.0,4,55,fast
5708,11,44,18.0,178.0,5,59,fast
5709,11,45,22.0,178.0,5,67,fragile
5710,11,46,26.0,178.0,6,56,general
5711,11,47,30.0,178.0,4,56,bulk
5712,0,0,2.0,179.5,4,53,fast
5713,0,1,6.0,179.5,4,60,general
5714,0,2,10.0,179.5,4,60,fragile
5715,0,3,14.0,179.5,6,56,fragile
5716,1,4,18.0,179.5,5,54,general
5717,1,5,22.0,179.5,4,58,general
5718,1,6,26.0,179.5,5,62,fragile
5719,1,7,30.0,179.5,6,55,fast
5720,2,8,2.0,179.5,5,68,general
5721,2,9,6.0,179.5,4,64,general
5722,2,10,10.0,179.5,4,69,fast
5723,2,11,14.0,179.5,5,69,general
5724,3,12,18.0,179.5,4,56,general
5725,3,13,22.0,179.5,5,66,general
5726,3,14,26.0,179.5,5,67,bulk
5727,3,15,30.0,179.5,6,56,fragile
5728,4,16,2.0,179.5,5,61,fast
5729,4,17,6.0,179.5,6,62,general
5730,4,18,10.0,179.5,4,60,fragile
5731,4,19,14.0,179.5,5,61,fragile
5732,5,20,18.0,179.5,4,53,fast
5733,5,21,22.0,179.5,6,55,fast
5734,5,22,26.0,179.5,4,59,general
5735,5,23,30.0,179.5,4,64,general
5736,6,24,2.0,179.5,6,59,general
5737,6,25,6.0,179.5,4,68,general
5738,6,26,10.0,179.5,4,68,general
5739,6,27,14.0,179.5,5,53,general
5740,7,28,18.0,179.5,5,57,general
5741,7,29,22.0,179.5,5,65,general
5742,7,30,26.0,179.5,4,67,fast
5743,7,31,30.0,179.5,5,59,fragile
5744,8,32,2.0,179.5,6,55,general
5745,8,33,6.0,179.5,5,57,fragile
5746,8,34,10.0,179.5,4,52,general
5747,8,35,14.0,179.5,5,69,general
5748,9,36,18.0,179.5,6,55,fragile
5749,9,37,22.0,179.5,4,57,general
5750,9,38,26.0,179.5,6,69,general
5751,9,39,30.0,179.5,5,61,general
5752,10,40,2.0,179.5,4,62,fast
5753,10,41,6.0,179.5,4,63,general
5754,10,42,10.0,179.5,5,62,general
5755,10,43,14.0,179.5,6,66,general
5756,11,44,18.0,179.5,6,58,general
5757,11,45,22.0,179.5,4,58,general
5758,11,46,26.0,179.5,5,60,general
5759,11,47,30.0,179.5,4,66,fast
5760,0,0,2.0,181.0,5,52,fast
5761,0,1,6.0,181.0,4,55,general
5762,0,2,10.0,181.0,4,54,fragile
5763,0,3,14.0,181.0,6,69,general
5764,1,4,18.0,181.0,6,58,general
5765,1,5,22.0,181.0,4,61,general
5766,1,6,26.0,181.0,6,59,fast
5767,1,7,30.0,181.0,5,54,general
5768,2,8,2.0,181.0,5,55,general
5769,2,9,6.0,181.0,6,69,general
5770,2,10,10.0,181.0,4,69,fragile
5771,2,11,14.0,181.0,4,66,fragile
5772,3,12,18.0,181.0,6,58,general
5773,3,13,22.0,181.0,6,62,fragile
5774,3,14,26.0,181.0,4,53,general
5775,3,15,30.0,181.0,6,64,general
5776,4,16,2.0,181.0,6,54,fast
5777,4,17,6.0,181.0,4,65,general
5778,4,18,10.0,181.0,6,68,bulk
5779,4,19,14.0,181.0,5,53,general
5780,5,20,18.0,181.0,5,53,fast
5781,5,21,22.0,181.0,5,67,fast
5782,5,22,26.0,181.0,4,67,bulk
5783,5,23,30.0,181.0,5,52,general
5784,6,24,2.0,181.0,4,56,general
5785,6,25,6.0,181.0,6,52,fast
5786,6,26,10.0,181.0,4,67,general
5787,6,27,14.0,181.0,6,52,fast
5788,7,28,18.0,181.0,6,57,general
5789,7,29,22.0,181.0,5,69,fragile
5790,7,30,26.0,181.0,5,67,general
5791,7,31,30.0,181.0,6,54,fragile
5792,8,32,2.0,181.0,5,60,general
5793,8,33,6.0,181.0,4,56,general
5794,8,34,10.0,181.0,4,52,bulk
5795,8,35,14.0,181.0,6,59,general
5796,9,36,18.0,181.0,6,62,fast
5797,9,37,22.0,181.0,4,61,bulk
5798,9,38,26.0,181.0,6,55,fast
5799,9,39,30.0,181.0,5,66,fast
5800,10,40,2.0,181.0,4,68,general
5801,10,41,6.0,181.0,6,64,general
5802,10,42,10.0,181.0,6,58,general
5803,10,43,14.0,181.0,4,66,bulk
5804,11,44,18.0,181.0,4,69,bulk
5805,11,45,22.0,181.0,6,68,fast
5806,11,46,26.0,181.0,5,52,general
5807,11,47,30.0,181.0,4,55,bulk
5808,0,0,2.0,182.5,6,59,general
5809,0,1,6.0,182.5,6,67,general
5810,0,2,10.0,182.5,5,58,general
5811,0,3,14.0,182.5,4,60,general
5812,1,4,18.0,182.5,4,54,fast
5813,1,5,22.0,182.5,4,62,bulk
5814,1,6,26.0,182.5,4,64,fast
5815,1,7,30.0,182.5,4,52,general
5816,2,8,2.0,182.5,4,62,general
5817,2,9,6.0,182.5,6,59,fast
5818,2,10,10.0,182.5,5,65,general
5819,2,11,14.0,182.5,5,67,fragile
5820,3,12,18.0,182.5,6,59,general
5821,3,13,22.0,182.5,4,59,fast
5822,3,14,26.0,182.5,6,60,fast
5823,3,15,30.0,182.5,6,60,fragile
5824,4,16,2.0,182.5,5,69,fast
5825,4,17,6.0,182.5,5,69,general
5826,4,18,10.0,182.5,6,64,general
5827,4,19,14.0,182.5,4,68,fast
5828,5,20,18.0,182.5,6,56,fast
5829,5,21,22.0,182.5,5,53,fast
5830,5,22,26.0,182.5,5,65,fast
5831,5,23,30.0,182.5,5,58,fast
5832,6,24,2.0,182.5,6,69,fragile
5833,6,25,6.0,182.5,6,54,general
5834,6,26,10.0,182.5,4,57,bulk
5835,6,27,14.0,182.5,6,54,fast
5836,7,28,18.0,182.5,6,59,general
5837,7,29,22.0,182.5,5,54,fast
5838,7,30,26.0,182.5,4,56,general
5839,7,31,30.0,182.5,5,66,general
5840,8,32,2.0,182.5,6,62,general
5841,8,33,6.0,182.5,5,64,general
5842,8,34,10.0,182.5,6,67,fragile
5843,8,35,14.0,182.5,4,56,general
5844,9,36,18.0,182.5,6,59,fast
5845,9,37,22.0,182.5,6,54,fast
5846,9,38,26.0,182.5,5,59,general
5847,9,39,30.0,182.5,6,57,fragile
5848,10,40,2.0,182.5,4,55,general
5849,10,41,6.0,182.5,4,59,fast
5850,10,42,10.0,182.5,4,59,general
5851,10,43,14.0,182.5,6,57,fragile
5852,11,44,18.0,182.5,6,69,general
5853,11,45,22.0,182.5,6,56,general
5854,11,46,26.0,182.5,6,66,fragile
5855,11,47,30.0,182.5,5,69,fragile
5856,0,0,2.0,184.0,4,56,general
5857,0,1,6.0,184.0,4,55,bulk
5858,0,2,10.0,184.0,4,56,general
5859,0,3,14.0,184.0,4,53,fast
5860,1,4,18.0,184.0,6,67,general
5861,1,5,22.0,184.0,6,64,general
5862,1,6,26.0,184.0,5,54,bulk
5863,1,7,30.0,184.0,4,54,fast
5864,2,8,2.0,184.0,6,52,fragile
5865,2,9,6.0,184.0,6,54,general
5866,2,10,10.0,184.0,6,63,general
5867,2,11,14.0,184.0,5,55,general
5868,3,12,18.0,184.0,4,66,fragile
5869,3,13,22.0,184.0,4,62,fragile
5870,3,14,26.0,184.0,4,66,general
5871,3,15,30.0,184.0,6,53,fast
5872,4,16,2.0,184.0,4,62,general
5873,4,17,6.0,184.0,6,61,general
5874,4,18,10.0,184.0,4,69,general
5875,4,19,14.0,184.0,5,60,fragile
5876,5,20,18.0,184.0,5,55,fast
5877,5,21,22.0,184.0,4,59,general
5878,5,22,26.0,184.0,5,64,bulk
5879,5,23,30.0,184.0,6,52,fast
5880,6,24,2.0,184.0,5,69,general
5881,6,25,6.0,184.0,5,60,fast
5882,6,26,10.0,184.0,6,59,general
5883,6,27,14.0,184.0,6,64,general
5884,7,28,18.0,184.0,6,62,fragile
5885,7,29,22.0,184.0,5,69,general
5886,7,30,26.0,184.0,4,55,fast
5887,7,31,30.0,184.0,5,53,general
5888,8,32,2.0,184.0,5,60,general
5889,8,33,6.0,184.0,5,63,fast
5890,8,34,10.0,184.0,4,55,fast
5891,8,35,14.0,184.0,4,63,fragile
5892,9,36,18.0,184.0,6,69,fragile
5893,9,37,22.0,184.0,4,68,bulk
5894,9,38,26.0,184.0,5,69,general
5895,9,39,30.0,184.0,5,63,fragile
5896,10,40,2.0,184.0,6,58,general
5897,10,41,6.0,184.0,6,61,fast
5898,10,42,10.0,184.0,6,55,fragile
5899,10,43,14.0,184.0,6,57,fast
5900,11,44,18.0,184.0,6,68,fast
5901,11,45,22.0,184.0,6,59,general
5902,11,46,26.0,184.0,4,58,general
5903,11,47,30.0,184.0,4,66,fast
5904,0,0,2.0,185.5,4,66,general
5905,0,1,6.0,185.5,6,55,general
5906,0,2,10.0,185.5,6,64,general
5907,0,3,14.0,185.5,4,68,fast
5908,1,4,18.0,185.5,4,65,general
5909,1,5,22.0,185.5,6,60,general
5910,1,6,26.0,185.5,6,65,fragile
5911,1,7,30.0,185.5,4,58,general
5912,2,8,2.0,185.5,4,61,fragile
5913,2,9,6.0,185.5,5,69,fragile
5914,2,10,10.0,185.5,5,65,fragile
5915,2,11,14.0,185.5,4,66,general
5916,3,12,18.0,185.5,5,55,general
5917,3,13,22.0,185.5,5,53,general
5918,3,14,26.0,185.5,4,64,fast
5919,3,15,30.0,185.5,6,60,fast
5920,4,16,2.0,185.5,6,56,general
5921,4,17,6.0,185.5,6,52,fast
5922,4,18,10.0,185.5,5,61,fragile
5923,4,19,14.0,185.5,5,68,fragile
5924,5,20,18.0,185.5,4,63,fast
5925,5,21,22.0,185.5,4,57,general
5926,5,22,26.0,185.5,6,58,fast
5927,5,23,30.0,185.5,5,67,general
5928,6,24,2.0,185.5,5,52,fast
5929,6,25,6.0,185.5,6,62,fast
5930,6,26,10.0,185.5,4,54,general
5931,6,27,14.0,185.5,6,60,fast
5932,7,28,18.0,185.5,6,64,general
5933,7,29,22.0,185.5,6,65,bulk
5934,7,30,26.0,185.5,4,52,bulk
5935,7,31,30.0,185.5,6,54,general
5936,8,32,2.0,185.5,4,61,fast
5937,8,33,6.0,185.5,6,67,fast
5938,8,34,10.0,185.5,5,62,general
5939,8,35,14.0,185.5,5,58,bulk
5940,9,36,18.0,185.5,5,56,general
5941,9,37,22.0,185.5,6,60,fragile
5942,9,38,26.0,185.5,5,56,fast
5943,9,39,30.0,185.5,4,66,fragile
5944,10,40,2.0,185.5,6,59,fast
5945,10,41,6.0,185.5,5,60,fragile
5946,10,42,10.0,185.5,5,56,general
5947,10,43,14.0,185.5,5,65,general
5948,11,44,18.0,185.5,6,68,fast
5949,11,45,22.0,185.5,5,69,general
5950,11,46,26.0,185.5,4,57,general
5951,11,47,30.0,185.5,6,61,general
5952,0,0,2.0,187.0,5,66,general
5953,0,1,6.0,187.0,5,54,general
5954,0,2,10.0,187.0,4,60,general
5955,0,3,14.0,187.0,4,57,bulk
5956,1,4,18.0,187.0,5,67,bulk
5957,1,5,22.0,187.0,6,65,general
5958,1,6,26.0,187.0,6,57,bulk
5959,1,7,30.0,187.0,6,63,general
5960,2,8,2.0,187.0,4,63,fast
5961,2,9,6.0,187.0,4,54,fragile
5962,2,10,10.0,187.0,4,60,fragile
5963,2,11,14.0,187.0,5,59,fast
5964,3,12,18.0,187.0,6,53,bulk
5965,3,13,22.0,187.0,4,57,bulk
5966,3,14,26.0,187.0,4,55,general
5967,3,15,30.0,187.0,5,58,general
5968,4,16,2.0,187.0,5,60,general
5969,4,17,6.0,187.0,5,59,fragile
5970,4,18,10.0,187.0,6,65,general
5971,4,19,14.0,187.0,4,68,fragile
5972,5,20,18.0,187.0,6,66,fast
5973,5,21,22.0,187.0,5,56,general
5974,5,22,26.0,187.0,5,62,general
5975,5,23,30.0,187.0,4,58,general
5976,6,24,2.0,187.0,5,64,fragile
5977,6,25,6.0,187.0,6,55,general
5978,6,26,10.0,187.0,6,65,general
5979,6,27,14.0,187.0,4,61,fragile
5980,7,28,18.0,187.0,6,68,general
5981,7,29,22.0,187.0,4,68,bulk
5982,7,30,26.0,187.0,5,60,fast
5983,7,31,30.0,187.0,4,60,fast
5984,8,32,2.0,187.0,4,59,general
5985,8,33,6.0,187.0,5,53,fast
5986,8,34,10.0,187.0,4,60,general
5987,8,35,14.0,187.0,6,63,general
5988,9,36,18.0,187.0,6,52,general
5989,9,37,22.0,187.0,5,53,fragile
5990,9,38,26.0,187.0,6,53,bulk
5991,9,39,30.0,187.0,6,57,general
5992,10,40,2.0,187.0,6,53,fragile
5993,10,41,6.0,187.0,5,52,fragile
5994,10,42,10.0,187.0,4,54,fast
5995,10,43,14.0,187.0,6,56,general
5996,11,44,18.0,187.0,4,62,fast
5997,11,45,22.0,187.0,5,53,fast
5998,11,46,26.0,187.0,5,56,fragile
5999,11,47,30.0,187.0,6,68,fast
6000,0,0,2.0,188.5,5,59,general
6001,0,1,6.0,188.5,4,59,fast
6002,0,2,10.0,188.5,4,52,fast
6003,0,3,14.0,188.5,5,65,bulk
6004,1,4,18.0,188.5,5,67,fast
6005,1,5,22.0,188.5,4,59,general
6006,1,6,26.0,188.5,4,53,general
6007,1,7,30.0,188.5,4,60,general
6008,2,8,2.0,188.5,6,56,general
6009,2,9,6.0,188.5,5,63,fragile
6010,2,10,10.0,188.5,4,59,general
6011,2,11,14.0,188.5,4,61,bulk
6012,3,12,18.0,188.5,6,64,fragile
6013,3,13,22.0,188.5,6,52,general
6014,3,14,26.0,188.5,5,62,general
6015,3,15,30.0,188.5,4,63,general
6016,4,16,2.0,188.5,6,54,general
6017,4,17,6.0,188.5,4,54,general
6018,4,18,10.0,188.5,4,56,fast
6019,4,19,14.0,188.5,4,58,general
6020,5,20,18.0,188.5,5,65,fast
6021,5,21,22.0,188.5,5,67,general
6022,5,22,26.0,188.5,6,56,fast
6023,5,23,30.0,188.5,5,58,general
6024,6,24,2.0,188.5,5,69,fragile
6025,6,25,6.0,188.5,4,67,fast
6026,6,26,10.0,188.5,4,56,fragile
6027,6,27,14.0,188.5,4,55,general
6028,7,28,18.0,188.5,5,63,general
6029,7,29,22.0,188.5,5,65,fast
6030,7,30,26.0,188.5,6,52,general
6031,7,31,30.0,188.5,4,59,fast
6032,8,32,2.0,188.5,5,69,general
6033,8,33,6.0,188.5,5,69,general
6034,8,34,10.0,188.5,5,63,fast
6035,8,35,14.0,188.5,6,69,fast
6036,9,36,18.0,188.5,6,59,general
6037,9,37,22.0,188.5,6,56,general
6038,9,38,26.0,188.5,4,60,fast
6039,9,39,30.0,188.5,5,53,general
6040,10,40,2.0,188.5,5,57,general
6041,10,41,6.0,188.5,5,62,general
6042,10,42,10.0,188.5,6,67,general
6043,10,43,14.0,188.5,5,56,general
6044,11,44,18.0,188.5,5,63,fast
6045,11,45,22.0,188.5,4,59,fragile
6046,11,46,26.0,188.5,5,55,fast
6047,11,47,30.0,188.5,6,62,fast
6048,0,0,2.0,190.0,5,63,fast
6049,0,1,6.0,190.0,4,60,general
6050,0,2,10.0,190.0,4,53,general
6051,0,3,14.0,190.0,6,58,fast
6052,1,4,18.0,190.0,4,59,fast
6053,1,5,22.0,190.0,4,58,general
6054,1,6,26.0,190.0,4,61,fragile
6055,1,7,30.0,190.0,6,58,general
6056,2,8,2.0,190.0,4,65,general
6057,2,9,6.0,190.0,6,67,fast
6058,2,10,10.0,190.0,5,56,fast
6059,2,11,14.0,190.0,5,69,general
6060,3,12,18.0,190.0,5,69,general
6061,3,13,22.0,190.0,6,59,fast
6062,3,14,26.0,190.0,4,56,general
6063,3,15,30.0,190.0,6,63,fast
6064,4,16,2.0,190.0,6,62,fast
6065,4,17,6.0,190.0,4,61,fast
6066,4,18,10.0,190.0,5,63,general
6067,4,19,14.0,190.0,4,60,fast
6068,5,20,18.0,190.0,4,65,general
6069,5,21,22.0,190.0,6,61,fast
6070,5,22,26.0,190.0,5,54,general
6071,5,23,30.0,190.0,6,57,general
6072,6,24,2.0,190.0,5,54,bulk
6073,6,25,6.0,190.0,6,57,general
6074,6,26,10.0,190.0,4,52,fragile
6075,6,27,14.0,190.0,4,61,general
6076,7,28,18.0,190.0,6,63,general
6077,7,29,22.0,190.0,6,54,general
6078,7,30,26.0,190.0,6,64,fast
6079,7,31,30.0,190.0,6,58,fast
6080,8,32,2.0,190.0,4,54,bulk
6081,8,33,6.0,190.0,6,57,fragile
6082,8,34,10.0,190.0,6,62,general
6083,8,35,14.0,190.0,6,62,general
6084,9,36,18.0,190.0,5,64,bulk
6085,9,37,22.0,190.0,6,63,bulk
6086,9,38,26.0,190.0,5,63,fragile
6087,9,39,30.0,190.0,6,61,fragile
6088,10,40,2.0,190.0,5,64,general
6089,10,41,6.0,190.0,5,69,fragile
6090,10,42,10.0,190.0,6,64,fast
6091,10,43,14.0,190.0,4,58,general
6092,11,44,18.0,190.0,5,57,general
6093,11,45,22.0,190.0,5,64,general
6094,11,46,26.0,190.0,6,56,fragile
6095,11,47,30.0,190.0,4,55,general
6096,0,0,2.0,191.5,6,53,fast
6097,0,1,6.0,191.5,5,66,fast
6098,0,2,10.0,191.5,6,58,bulk
6099,0,3,14.0,191.5,4,66,fragile
6100,1,4,18.0,191.5,4,55,general
6101,1,5,22.0,191.5,4,55,general
6102,1,6,26.0,191.5,6,55,fast
6103,1,7,30.0,191.5,6,68,fast
6104,2,8,2.0,191.5,4,55,general
6105,2,9,6.0,191.5,5,68,general
6106,2,10,10.0,191.5,6,60,fast
6107,2,11,14.0,191.5,6,67,general
6108,3,12,18.0,191.5,5,59,fast
6109,3,13,22.0,191.5,5,60,general
6110,3,14,26.0,191.5,4,58,fast
6111,3,15,30.0,191.5,5,52,general
6112,4,16,2.0,191.5,4,55,fragile
6113,4,17,6.0,191.5,4,59,bulk
6114,4,18,10.0,191.5,4,68,fast
6115,4,19,14.0,191.5,6,62,general
6116,5,20,18.0,191.5,4,69,bulk
6117,5,21,22.0,191.5,4,53,general
6118,5,22,26.0,191.5,4,60,general
6119,5,23,30.0,191.5,6,57,general
6120,6,24,2.0,191.5,5,68,general
6121,6,25,6.0,191.5,6,54,fast
6122,6,26,10.0,191.5,5,54,fragile
6123,6,27,14.0,191.5,5,58,general
6124,7,28,18.0,191.5,4,59,fast
6125,7,29,22.0,191.5,6,57,fragile
6126,7,30,26.0,191.5,6,61,general
6127,7,31,30.0,191.5,4,55,general
6128,8,32,2.0,191.5,4,64,fast
6129,8,33,6.0,191.5,5,52,fragile
6130,8,34,10.0,191.5,6,66,fast
6131,8,35,14.0,191.5,6,58,fragile
6132,9,36,18.0,191.5,6,53,fast
6133,9,37,22.0,191.5,4,52,general
6134,9,38,26.0,191.5,5,62,general
6135,9,39,30.0,191.5,5,69,bulk
6136,10,40,2.0,191.5,5,58,fast
6137,10,41,6.0,191.5,6,69,fast
6138,10,42,10.0,191.5,6,60,general
6139,10,43,14.0,191.5,5,63,bulk
6140,11,44,18.0,191.5,4,65,fast
6141,11,45,22.0,191.5,4,56,fragile
6142,11,46,26.0,191.5,5,65,fragile
6143,11,47,30.0,191.5,5,63,general
6144,0,0,2.0,193.0,6,61,bulk
6145,0,1,6.0,193.0,4,65,general
6146,0,2,10.0,193.0,4,67,general
6147,0,3,14.0,193.0,4,63,fast
6148,1,4,18.0,193.0,6,60,general
6149,1,5,22.0,193.0,6,65,general
6150,1,6,26.0,193.0,4,63,general
6151,1,7,30.0,193.0,5,59,general
6152,2,8,2.0,193.0,4,69,fast
6153,2,9,6.0,193.0,5,64,fast
6154,2,10,10.0,193.0,4,67,general
6155,2,11,14.0,193.0,4,60,fast
6156,3,12,18.0,193.0,5,61,fast
6157,3,13,22.0,193.0,5,59,fast
6158,3,14,26.0,193.0,4,62,general
6159,3,15,30.0,193.0,4,63,fragile
6160,4,16,2.0,193.0,6,65,fast
6161,4,17,6.0,193.0,4,55,fragile
6162,4,18,10.0,193.0,4,55,fragile
6163,4,19,14.0,193.0,5,67,fast
6164,5,20,18.0,193.0,6,55,general
6165,5,21,22.0,193.0,6,64,general
6166,5,22,26.0,193.0,5,67,fast
6167,5,23,30.0,193.0,4,60,fast
6168,6,24,2.0,193.0,6,69,fragile
6169,6,25,6.0,193.0,5,58,fast
6170,6,26,10.0,193.0,4,54,bulk
6171,6,27,14.0,193.0,5,55,general
6172,7,28,18.0,193.0,5,60,fast
6173,7,29,22.0,193.0,5,69,fast
6174,7,30,26.0,193.0,4,69,fast
6175,7,31,30.0,193.0,6,59,fast
6176,8,32,2.0,193.0,6,66,general
6177,8,33,6.0,193.0,4,57,general
6178,8,34,10.0,193.0,4,69,fast
6179,8,35,14.0,193.0,5,62,general
6180,9,36,18.0,193.0,6,59,general
6181,9,37,22.0,193.0,6,60,fast
6182,9,38,26.0,193.0,5,69,fragile
6183,9,39,30.0,193.0,5,52,general
6184,10,40,2.0,193.0,4,55,fast
6185,10,41,6.0,193.0,4,58,general
6186,10,42,10.0,193.0,4,53,general
6187,10,43,14.0,193.0,4,67,fast
6188,11,44,18.0,193.0,5,64,general
6189,11,45,22.0,193.0,5,64,fast
6190,11,46,26.0,193.0,5,61,fast
6191,11,47,30.0,193.0,5,68,general
6192,0,0,2.0,194.5,5,62,fast
6193,0,1,6.0,194.5,5,61,general
6194,0,2,10.0,194.5,5,63,general
6195,0,3,14.0,194.5,5,62,fast
6196,1,4,18.0,194.5,6,65,fragile
6197,1,5,22.0,194.5,4,59,bulk
6198,1,6,26.0,194.5,4,65,fast
6199,1,7,30.0,194.5,5,66,general
6200,2,8,2.0,194.5,6,61,general
6201,2,9,6.0,194.5,5,60,general
6202,2,10,10.0,194.5,4,54,general
6203,2,11,14.0,194.5,6,68,general
6204,3,12,18.0,194.5,5,66,general
6205,3,13,22.0,194.5,6,64,fragile
6206,3,14,26.0,194.5,4,58,general
6207,3,15,30.0,194.5,5,57,general
6208,4,16,2.0,194.5,6,54,fragile
6209,4,17,6.0,194.5,6,53,fast
6210,4,18,10.0,194.5,4,64,fragile
6211,4,19,14.0,194.5,5,58,fast
6212,5,20,18.0,194.5,5,54,bulk
6213,5,21,22.0,194.5,4,61,bulk
6214,5,22,26.0,194.5,5,60,general
6215,5,23,30.0,194.5,5,63,fragile
6216,6,24,2.0,194.5,5,62,bulk
6217,6,25,6.0,194.5,5,55,bulk
6218,6,26,10.0,194.5,4,68,general
6219,6,27,14.0,194.5,4,67,fragile
6220,7,28,18.0,194.5,6,56,general
6221,7,29,22.0,194.5,6,58,fast
6222,7,30,26.0,194.5,5,59,fast
6223,7,31,30.0,194.5,5,64,fast
6224,8,32,2.0,194.5,5,61,fragile
6225,8,33,6.0,194.5,6,54,fast
6226,8,34,10.0,194.5,4,59,fast
6227,8,35,14.0,194.5,5,54,fragile
6228,9,36,18.0,194.5,5,53,bulk
6229,9,37,22.0,194.5,6,58,fast
6230,9,38,26.0,194.5,6,66,fast
6231,9,39,30.0,194.5,5,55,bulk
6232,10,40,2.0,194.5,4,68,general
6233,10,41,6.0,194.5,5,68,fragile
6234,10,42,10.0,194.5,6,54,fast
6235,10,43,14.0,194.5,6,62,bulk
6236,11,44,18.0,194.5,4,66,general
6237,11,45,22.0,194.5,6,69,fast
6238,11,46,26.0,194.5,4,52,fragile
6239,11,47,30.0,194.5,4,64,fast
6240,0,0,2.0,196.0,6,53,fast
6241,0,1,6.0,196.0,5,58,bulk
6242,0,2,10.0,196.0,6,67,general
6243,0,3,14.0,196.0,6,60,general
6244,1,4,18.0,196.0,5,64,fast
6245,1,5,22.0,196.0,5,61,general
6246,1,6,26.0,196.0,6,67,fragile
6247,1,7,30.0,196.0,4,69,general
6248,2,8,2.0,196.0,4,57,general
6249,2,9,6.0,196.0,6,62,general
6250,2,10,10.0,196.0,5,63,fragile
6251,2,11,14.0,196.0,5,66,fast
6252,3,12,18.0,196.0,5,59,general
6253,3,13,22.0,196.0,4,58,fast
6254,3,14,26.0,196.0,5,69,general
6255,3,15,30.0,196.0,6,63,fast
6256,4,16,2.0,196.0,4,59,bulk
6257,4,17,6.0,196.0,6,56,fragile
6258,4,18,10.0,196.0,6,53,general
6259,4,19,14.0,196.0,5,59,fast
6260,5,20,18.0,196.0,4,62,general
6261,5,21,22.0,196.0,6,56,general
6262,5,22,26.0,196.0,6,68,general
6263,5,23,30.0,196.0,4,58,general
6264,6,24,2.0,196.0,6,55,general
6265,6,25,6.0,196.0,6,58,general
6266,6,26,10.0,196.0,6,68,fragile
6267,6,27,14.0,196.0,5,58,fast
6268,7,28,18.0,196.0,4,64,fast
6269,7,29,22.0,196.0,4,52,fast
6270,7,30,26.0,196.0,6,67,general
6271,7,31,30.0,196.0,4,61,bulk
6272,8,32,2.0,196.0,6,65,general
6273,8,33,6.0,196.0,5,62,fragile
6274,8,34,10.0,196.0,5,68,bulk
6275,8,35,14.0,196.0,4,66,general
6276,9,36,18.0,196.0,4,64,bulk
6277,9,37,22.0,196.0,5,62,general
6278,9,38,26.0,196.0,5,60,general
6279,9,39,30.0,196.0,5,65,fragile
6280,10,40,2.0,196.0,5,52,fragile
6281,10,41,6.0,196.0,6,67,fast
6282,10,42,10.0,196.0,5,52,fast
6283,10,43,14.0,196.0,5,55,bulk
6284,11,44,18.0,196.0,5,54,general
6285,11,45,22.0,196.0,5,64,fast
6286,11,46,26.0,196.0,5,56,general
6287,11,47,30.0,196.0,5,60,fragile
6288,0,0,2.0,197.5,5,56,bulk
6289,0,1,6.0,197.5,6,64,fragile
6290,0,2,10.0,197.5,4,52,general
6291,0,3,14.0,197.5,5,59,bulk
6292,1,4,18.0,197.5,5,53,bulk
6293,1,5,22.0,197.5,5,53,bulk
6294,1,6,26.0,197.5,5,55,general
6295,1,7,30.0,197.5,5,59,general
6296,2,8,2.0,197.5,5,59,fast
6297,2,9,6.0,197.5,4,57,fast
6298,2,10,10.0,197.5,4,52,general
6299,2,11,14.0,197.5,6,56,general
6300,3,12,18.0,197.5,6,59,general
6301,3,13,22.0,197.5,6,52,fast
6302,3,14,26.0,197.5,4,65,general
6303,3,15,30.0,197.5,4,55,general
6304,4,16,2.0,197.5,4,63,general
6305,4,17,6.0,197.5,6,69,general
6306,4,18,10.0,197.5,6,58,general
6307,4,19,14.0,197.5,4,54,general
6308,5,20,18.0,197.5,6,66,fragile
6309,5,21,22.0,197.5,5,59,bulk
6310,5,22,26.0,197.5,5,55,fast
6311,5,23,30.0,197.5,6,58,fast
6312,6,24,2.0,197.5,4,64,fragile
6313,6,25,6.0,197.5,6,61,fast
6314,6,26,10.0,197.5,4,58,fast
6315,6,27,14.0,197.5,5,60,general
6316,7,28,18.0,197.5,5,54,bulk
6317,7,29,22.0,197.5,5,60,bulk
6318,7,30,26.0,197.5,5,58,fast
6319,7,31,30.0,197.5,6,56,general
6320,8,32,2.0,197.5,5,68,fast
6321,8,33,6.0,197.5,5,52,fragile
6322,8,34,10.0,197.5,6,55,fast
6323,8,35,14.0,197.5,5,64,bulk
6324,9,36,18.0,197.5,5,52,general
6325,9,37,22.0,197.5,5,56,fast
6326,9,38,26.0,197.5,4,56,fast
6327,9,39,30.0,197.5,6,63,fragile
6328,10,40,2.0,197.5,6,53,general
6329,10,41,6.0,197.5,4,53,general
6330,10,42,10.0,197.5,6,52,fast
6331,10,43,14.0,197.5,4,60,general
6332,11,44,18.0,197.5,5,61,fast
6333,11,45,22.0,197.5,5,56,general
6334,11,46,26.0,197.5,4,55,general
6335,11,47,30.0,197.5,4,69,fragile
6336,0,0,2.0,199.0,6,62,bulk
6337,0,1,6.0,199.0,5,66,general
6338,0,2,10.0,199.0,4,54,fast
6339,0,3,14.0,199.0,5,55,fast
6340,1,4,18.0,199.0,5,54,fast
6341,1,5,22.0,199.0,4,63,fast
6342,1,6,26.0,199.0,6,60,bulk
6343,1,7,30.0,199.0,4,54,fragile
6344,2,8,2.0,199.0,5,59,fragile
6345,2,9,6.0,199.0,5,60,fragile
6346,2,10,10.0,199.0,5,64,bulk
6347,2,11,14.0,199.0,5,55,fragile
6348,3,12,18.0,199.0,4,57,bulk
6349,3,13,22.0,199.0,5,60,fragile
6350,3,14,26.0,199.0,6,56,general
6351,3,15,30.0,199.0,6,52,fast
6352,4,16,2.0,199.0,5,59,general
6353,4,17,6.0,199.0,5,53,general
6354,4,18,10.0,199.0,6,62,general
6355,4,19,14.0,199.0,4,62,bulk
6356,5,20,18.0,199.0,5,66,fast
6357,5,21,22.0,199.0,4,59,bulk
6358,5,22,26.0,199.0,5,66,fast
6359,5,23,30.0,199.0,5,61,fragile
6360,6,24,2.0,199.0,4,66,fast
6361,6,25,6.0,199.0,5,68,general
6362,6,26,10.0,199.0,6,67,general
6363,6,27,14.0,199.0,4,56,fragile
6364,7,28,18.0,199.0,6,60,fast
6365,7,29,22.0,199.0,4,53,fast
6366,7,30,26.0,199.0,6,59,general
6367,7,31,30.0,199.0,4,58,general
6368,8,32,2.0,199.0,4,59,fast
6369,8,33,6.0,199.0,6,57,bulk
6370,8,34,10.0,199.0,4,56,fragile
6371,8,35,14.0,199.0,6,59,fragile
6372,9,36,18.0,199.0,5,58,fast
6373,9,37,22.0,199.0,6,53,general
6374,9,38,26.0,199.0,4,55,general
6375,9,39,30.0,199.0,5,65,fast
6376,10,40,2.0,199.0,4,56,general
6377,10,41,6.0,199.0,6,54,fast
6378,10,42,10.0,199.0,5,65,fast
6379,10,43,14.0,199.0,6,57,fast
6380,11,44,18.0,199.0,6,62,general
6381,11,45,22.0,199.0,6,53,general
6382,11,46,26.0,199.0,4,52,fast
6383,11,47,30.0,199.0,4,63,fragile
6384,0,0,2.0,200.5,4,63,general
6385,0,1,6.0,200.5,4,66,general
6386,0,2,10.0,200.5,4,69,general
6387,0,3,14.0,200.5,6,63,general
6388,1,4,18.0,200.5,6,67,fast
6389,1,5,22.0,200.5,6,55,fragile
6390,1,6,26.0,200.5,4,68,fast
6391,1,7,30.0,200.5,4,53,fast
6392,2,8,2.0,200.5,6,59,general
6393,2,9,6.0,200.5,5,54,fast
6394,2,10,10.0,200.5,4,69,fast
6395,2,11,14.0,200.5,4,53,fast
6396,3,12,18.0,200.5,5,62,general
6397,3,13,22.0,200.5,5,55,general
6398,3,14,26.0,200.5,6,55,fast
6399,3,15,30.0,200.5,4,66,fragile
6400,4,16,2.0,200.5,4,52,fast
6401,4,17,6.0,200.5,4,60,general
6402,4,18,10.0,200.5,4,57,fragile
6403,4,19,14.0,200.5,6,53,general
6404,5,20,18.0,200.5,6,58,general
6405,5,21,22.0,200.5,5,53,general
6406,5,22,26.0,200.5,6,66,general
6407,5,23,30.0,200.5,6,61,fragile
6408,6,24,2.0,200.5,5,52,general
6409,6,25,6.0,200.5,5,69,general
6410,6,26,10.0,200.5,4,68,general
6411,6,27,14.0,200.5,6,67,fast
6412,7,28,18.0,200.5,6,69,general
6413,7,29,22.0,200.5,4,54,fast
6414,7,30,26.0,200.5,4,62,fast
6415,7,31,30.0,200.5,4,63,bulk
6416,8,32,2.0,200.5,5,62,general
6417,8,33,6.0,200.5,4,66,general
6418,8,34,10.0,200.5,4,54,fast
6419,8,35,14.0,200.5,4,65,fast
6420,9,36,18.0,200.5,4,62,general
6421,9,37,22.0,200.5,6,56,fragile
6422,9,38,26.0,200.5,4,61,general
6423,9,39,30.0,200.5,6,69,fragile
6424,10,40,2.0,200.5,6,60,general
6425,10,41,6.0,200.5,5,56,general
6426,10,42,10.0,200.5,4,56,bulk
6427,10,43,14.0,200.5,4,69,general
6428,11,44,18.0,200.5,6,62,bulk
6429,11,45,22.0,200.5,4,59,general
6430,11,46,26.0,200.5,4,61,bulk
6431,11,47,30.0,200.5,6,59,general
6432,0,0,2.0,202.0,6,55,general
6433,0,1,6.0,202.0,4,65,general
6434,0,2,10.0,202.0,6,59,fast
6435,0,3,14.0,202.0,6,64,fast
6436,1,4,18.0,202.0,5,63,fragile
6437,1,5,22.0,202.0,4,67,bulk
6438,1,6,26.0,202.0,5,58,general
6439,1,7,30.0,202.0,6,68,general
6440,2,8,2.0,202.0,5,57,fast
6441,2,9,6.0,202.0,5,57,fast
6442,2,10,10.0,202.0,5,57,general
6443,2,11,14.0,202.0,5,56,fast
6444,3,12,18.0,202.0,6,68,bulk
6445,3,13,22.0,202.0,4,67,general
6446,3,14,26.0,202.0,5,66,fragile
6447,3,15,30.0,202.0,5,55,general
6448,4,16,2.0,202.0,6,58,bulk
6449,4,17,6.0,202.0,6,57,fast
6450,4,18,10.0,202.0,4,56,general
6451,4,19,14.0,202.0,4,66,fast
6452,5,20,18.0,202.0,5,59,bulk
6453,5,21,22.0,202.0,4,67,general
6454,5,22,26.0,202.0,4,60,fast
6455,5,23,30.0,202.0,6,55,fast
6456,6,24,2.0,202.0,5,58,general
6457,6,25,6.0,202.0,4,66,fragile
6458,6,26,10.0,202.0,5,53,fast
6459,6,27,14.0,202.0,6,61,fragile
6460,7,28,18.0,202.0,4,58,general
6461,7,29,22.0,202.0,5,66,general
6462,7,30,26.0,202.0,6,66,general
6463,7,31,30.0,202.0,6,54,fast
6464,8,32,2.0,202.0,4,69,general
6465,8,33,6.0,202.0,6,53,general
6466,8,34,10.0,202.0,4,60,general
6467,8,35,14.0,202.0,4,67,general
6468,9,36,18.0,202.0,4,61,general
6469,9,37,22.0,202.0,6,59,fast
6470,9,38,26.0,202.0,4,59,general
6471,9,39,30.0,202.0,6,54,general
6472,10,40,2.0,202.0,5,59,fragile
6473,10,41,6.0,202.0,5,65,general
6474,10,42,10.0,202.0,6,52,fast
6475,10,43,14.0,202.0,4,68,general
6476,11,44,18.0,202.0,6,69,bulk
6477,11,45,22.0,202.0,6,65,fast
6478,11,46,26.0,202.0,6,67,fast
6479,11,47,30.0,202.0,5,53,general
6480,0,0,2.0,203.5,6,67,general
6481,0,1,6.0,203.5,4,62,bulk
6482,0,2,10.0,203.5,4,68,fast
6483,0,3,14.0,203.5,4,64,fast
6484,1,4,18.0,203.5,6,52,fast
6485,1,5,22.0,203.5,5,54,fast
6486,1,6,26.0,203.5,4,58,fast
6487,1,7,30.0,203.5,4,69,fragile
6488,2,8,2.0,203.5,6,61,general
6489,2,9,6.0,203.5,5,55,bulk
6490,2,10,10.0,203.5,4,56,general
6491,2,11,14.0,203.5,4,63,general
6492,3,12,18.0,203.5,6,61,general
6493,3,13,22.0,203.5,5,58,bulk
6494,3,14,26.0,203.5,6,61,fragile
6495,3,15,30.0,203.5,5,69,general
6496,4,16,2.0,203.5,6,65,fast
6497,4,17,6.0,203.5,4,61,fast
6498,4,18,10.0,203.5,5,68,bulk
6499,4,19,14.0,203.5,5,66,general
6500,5,20,18.0,203.5,5,67,general
6501,5,21,22.0,203.5,4,52,general
6502,5,22,26.0,203.5,4,64,fragile
6503,5,23,30.0,203.5,4,62,general
6504,6,24,2.0,203.5,6,57,fast
6505,6,25,6.0,203.5,5,57,bulk
6506,6,26,10.0,203.5,6,52,general
6507,6,27,14.0,203.5,4,63,fast
6508,7,28,18.0,203.5,4,58,general
6509,7,29,22.0,203.5,5,59,bulk
6510,7,30,26.0,203.5,6,57,fast
6511,7,31,30.0,203.5,5,58,fragile
6512,8,32,2.0,203.5,5,68,general
6513,8,33,6.0,203.5,5,60,bulk
6514,8,34,10.0,203.5,4,68,general
6515,8,35,14.0,203.5,5,60,fast
6516,9,36,18.0,203.5,6,61,bulk
6517,9,37,22.0,203.5,6,65,fragile
6518,9,38,26.0,203.5,6,58,fragile
6519,9,39,30.0,203.5,6,65,general
6520,10,40,2.0,203.5,4,57,fragile
6521,10,41,6.0,203.5,4,56,fragile
6522,10,42,10.0,203.5,4,67,general
6523,10,43,14.0,203.5,5,68,general
6524,11,44,18.0,203.5,4,54,general
6525,11,45,22.0,203.5,4,68,general
6526,11,46,26.0,203.5,6,61,general
6527,11,47,30.0,203.5,5,63,fragile
6528,0,0,2.0,205.0,6,53,fast
6529,0,1,6.0,205.0,5,69,general
6530,0,2,10.0,205.0,6,53,fragile
6531,0,3,14.0,205.0,4,55,fast
6532,1,4,18.0,205.0,5,64,fast
6533,1,5,22.0,205.0,6,69,fast
6534,1,6,26.0,205.0,4,53,general
6535,1,7,30.0,205.0,5,59,general
6536,2,8,2.0,205.0,4,69,bulk
6537,2,9,6.0,205.0,5,54,bulk
6538,2,10,10.0,205.0,6,63,fragile
6539,2,11,14.0,205.0,6,59,general
6540,3,12,18.0,205.0,5,54,bulk
6541,3,13,22.0,205.0,5,66,general
6542,3,14,26.0,205.0,5,64,fast
6543,3,15,30.0,205.0,6,62,general
6544,4,16,2.0,205.0,4,58,general
6545,4,17,6.0,205.0,4,69,fragile
6546,4,18,10.0,205.0,6,61,general
6547,4,19,14.0,205.0,4,62,fast
6548,5,20,18.0,205.0,4,57,general
6549,5,21,22.0,205.0,4,64,general
6550,5,22,26.0,205.0,4,55,bulk
6551,5,23,30.0,205.0,5,66,general
6552,6,24,2.0,205.0,5,67,fast
6553,6,25,6.0,205.0,5,64,general
6554,6,26,10.0,205.0,4,69,general
6555,6,27,14.0,205.0,4,56,fragile
6556,7,28,18.0,205.0,6,69,fast
6557,7,29,22.0,205.0,4,62,general
6558,7,30,26.0,205.0,6,63,general
6559,7,31,30.0,205.0,5,68,fast
6560,8,32,2.0,205.0,5,56,fast
6561,8,33,6.0,205.0,6,58,general
6562,8,34,10.0,205.0,5,57,fast
6563,8,35,14.0,205.0,4,56,fast
6564,9,36,18.0,205.0,5,67,fragile
6565,9,37,22.0,205.0,5,52,general
6566,9,38,26.0,205.0,4,58,general
6567,9,39,30.0,205.0,6,53,fragile
6568,10,40,2.0,205.0,5,66,bulk
6569,10,41,6.0,205.0,6,55,bulk
6570,10,42,10.0,205.0,4,53,general
6571,10,43,14.0,205.0,5,52,fragile
6572,11,44,18.0,205.0,5,52,general
6573,11,45,22.0,205.0,6,61,fast
6574,11,46,26.0,205.0,4,54,fragile
6575,11,47,30.0,205.0,5,64,general
6576,0,0,2.0,206.5,4,59,fast
6577,0,1,6.0,206.5,6,59,fragile
6578,0,2,10.0,206.5,4,54,fragile
6579,0,3,14.0,206.5,4,64,fast
6580,1,4,18.0,206.5,5,63,fast
6581,1,5,22.0,206.5,4,66,general
6582,1,6,26.0,206.5,6,67,fragile
6583,1,7,30.0,206.5,5,54,general
6584,2,8,2.0,206.5,4,57,fragile
6585,2,9,6.0,206.5,6,63,general
6586,2,10,10.0,206.5,4,58,fast
6587,2,11,14.0,206.5,6,53,fragile
6588,3,12,18.0,206.5,6,62,general
6589,3,13,22.0,206.5,5,59,fragile
6590,3,14,26.0,206.5,6,54,general
6591,3,15,30.0,206.5,5,65,general
6592,4,16,2.0,206.5,4,54,fragile
6593,4,17,6.0,206.5,6,58,general
6594,4,18,10.0,206.5,5,61,general
6595,4,19,14.0,206.5,6,57,fast
6596,5,20,18.0,206.5,6,58,fast
6597,5,21,22.0,206.5,5,58,general
6598,5,22,26.0,206.5,4,67,general
6599,5,23,30.0,206.5,4,68,fast
6600,6,24,2.0,206.5,4,54,bulk
6601,6,25,6.0,206.5,4,63,fast
6602,6,26,10.0,206.5,6,67,general
6603,6,27,14.0,206.5,5,64,bulk
6604,7,28,18.0,206.5,6,65,bulk
6605,7,29,22.0,206.5,4,66,fast
6606,7,30,26.0,206.5,6,56,general
6607,7,31,30.0,206.5,4,65,general
6608,8,32,2.0,206.5,5,67,general
6609,8,33,6.0,206.5,5,64,fragile
6610,8,34,10.0,206.5,4,55,general
6611,8,35,14.0,206.5,5,62,general
6612,9,36,18.0,206.5,5,66,fast
6613,9,37,22.0,206.5,4,56,general
6614,9,38,26.0,206.5,4,61,general
6615,9,39,30.0,206.5,5,67,fast
6616,10,40,2.0,206.5,4,61,general
6617,10,41,6.0,206.5,4,54,bulk
6618,10,42,10.0,206.5,4,61,fast
6619,10,43,14.0,206.5,6,66,bulk
6620,11,44,18.0,206.5,4,56,general
6621,11,45,22.0,206.5,4,54,bulk
6622,11,46,26.0,206.5,6,55,general
6623,11,47,30.0,206.5,4,60,general
6624,0,0,2.0,208.0,5,53,bulk
6625,0,1,6.0,208.0,6,54,fast
6626,0,2,10.0,208.0,6,57,fragile
6627,0,3,14.0,208.0,5,65,fragile
6628,1,4,18.0,208.0,4,56,general
6629,1,5,22.0,208.0,4,63,general
6630,1,6,26.0,208.0,4,66,fast
6631,1,7,30.0,208.0,6,68,general
6632,2,8,2.0,208.0,6,52,general
6633,2,9,6.0,208.0,6,57,general
6634,2,10,10.0,208.0,5,62,general
6635,2,11,14.0,208.0,4,62,general
6636,3,12,18.0,208.0,5,62,general
6637,3,13,22.0,208.0,6,56,general
6638,3,14,26.0,208.0,6,63,general
6639,3,15,30.0,208.0,5,59,general
6640,4,16,2.0,208.0,4,59,fast
6641,4,17,6.0,208.0,6,62,general
6642,4,18,10.0,208.0,5,62,fast
6643,4,19,14.0,208.0,6,69,bulk
6644,5,20,18.0,208.0,5,54,general
6645,5,21,22.0,208.0,4,53,fragile
6646,5,22,26.0,208.0,6,65,general
6647,5,23,30.0,208.0,5,57,fragile
6648,6,24,2.0,208.0,4,59,fragile
6649,6,25,6.0,208.0,5,54,fast
6650,6,26,10.0,208.0,5,53,fast
6651,6,27,14.0,208.0,5,58,bulk
6652,7,28,18.0,208.0,6,65,general
6653,7,29,22.0,208.0,4,52,general
6654,7,30,26.0,208.0,4,66,fast
6655,7,31,30.0,208.0,4,54,general
6656,8,32,2.0,208.0,5,60,general
6657,8,33,6.0,208.0,4,69,general
6658,8,34,10.0,208.0,4,67,bulk
6659,8,35,14.0,208.0,4,54,general
6660,9,36,18.0,208.0,5,62,general
6661,9,37,22.0,208.0,6,52,fragile
6662,9,38,26.0,208.0,5,61,general
6663,9,39,30.0,208.0,5,60,general
6664,10,40,2.0,208.0,5,59,fast
6665,10,41,6.0,208.0,4,68,general
6666,10,42,10.0,208.0,4,69,general
6667,10,43,14.0,208.0,4,59,general
6668,11,44,18.0,208.0,6,69,general
6669,11,45,22.0,208.0,5,68,fragile
6670,11,46,26.0,208.0,4,52,bulk
6671,11,47,30.0,208.0,6,61,general
6672,0,0,2.0,209.5,5,52,fragile
6673,0,1,6.0,209.5,4,57,fast
6674,0,2,10.0,209.5,6,53,general
6675,0,3,14.0,209.5,5,66,fragile
6676,1,4,18.0,209.5,5,65,fast
6677,1,5,22.0,209.5,5,57,fragile
6678,1,6,26.0,209.5,4,55,bulk
6679,1,7,30.0,209.5,5,52,general
6680,2,8,2.0,209.5,6,57,general
6681,2,9,6.0,209.5,4,59,general
6682,2,10,10.0,209.5,6,53,bulk
6683,2,11,14.0,209.5,5,56,general
6684,3,12,18.0,209.5,6,59,general
6685,3,13,22.0,209.5,5,53,general
6686,3,14,26.0,209.5,5,62,bulk
6687,3,15,30.0,209.5,5,55,fragile
6688,4,16,2.0,209.5,6,62,general
6689,4,17,6.0,209.5,6,53,fast
6690,4,18,10.0,209.5,4,57,fast
6691,4,19,14.0,209.5,5,56,fast
6692,5,20,18.0,209.5,5,63,general
6693,5,21,22.0,209.5,5,61,general
6694,5,22,26.0,209.5,5,64,general
6695,5,23,30.0,209.5,5,63,fragile
6696,6,24,2.0,209.5,4,54,bulk
6697,6,25,6.0,209.5,6,68,fragile
6698,6,26,10.0,209.5,4,57,fragile
6699,6,27,14.0,209.5,4,53,fast
6700,7,28,18.0,209.5,4,69,general
6701,7,29,22.0,209.5,6,56,general
6702,7,30,26.0,209.5,5,63,general
6703,7,31,30.0,209.5,5,59,general
6704,8,32,2.0,209.5,5,52,general
6705,8,33,6.0,209.5,4,68,general
6706,8,34,10.0,209.5,5,55,general
6707,8,35,14.0,209.5,6,56,bulk
6708,9,36,18.0,209.5,6,58,fast
6709,9,37,22.0,209.5,6,60,general
6710,9,38,26.0,209.5,4,54,general
6711,9,39,30.0,209.5,5,55,bulk
6712,10,40,2.0,209.5,5,52,general
6713,10,41,6.0,209.5,6,69,bulk
6714,10,42,10.0,209.5,5,62,general
6715,10,43,14.0,209.5,4,63,general
6716,11,44,18.0,209.5,6,66,bulk
6717,11,45,22.0,209.5,4,61,bulk
6718,11,46,26.0,209.5,6,58,general
6719,11,47,30.0,209.5,5,59,general
6720,0,0,2.0,211.0,6,64,general
6721,0,1,6.0,211.0,5,67,general
6722,0,2,10.0,211.0,6,53,general
6723,0,3,14.0,211.0,4,69,general
6724,1,4,18.0,211.0,5,59,general
6725,1,5,22.0,211.0,6,65,general
6726,1,6,26.0,211.0,6,66,general
6727,1,7,30.0,211.0,6,62,general
6728,2,8,2.0,211.0,4,53,general
6729,2,9,6.0,211.0,5,69,general
6730,2,10,10.0,211.0,4,61,general
6731,2,11,14.0,211.0,4,69,fast
6732,3,12,18.0,211.0,6,53,general
6733,3,13,22.0,211.0,4,54,bulk
6734,3,14,26.0,211.0,6,53,general
6735,3,15,30.0,211.0,6,67,fast
6736,4,16,2.0,211.0,6,52,bulk
6737,4,17,6.0,211.0,6,65,bulk
6738,4,18,10.0,211.0,6,60,fast
6739,4,19,14.0,211.0,6,66,fragile
6740,5,20,18.0,211.0,4,57,bulk
6741,5,21,22.0,211.0,5,61,general
6742,5,22,26.0,211.0,6,56,fast
6743,5,23,30.0,211.0,4,69,bulk
6744,6,24,2.0,211.0,4,54,fragile
6745,6,25,6.0,211.0,5,63,general
6746,6,26,10.0,211.0,6,58,fast
6747,6,27,14.0,211.0,4,62,general
6748,7,28,18.0,211.0,6,64,bulk
6749,7,29,22.0,211.0,6,66,general
6750,7,30,26.0,211.0,4,64,general
6751,7,31,30.0,211.0,4,52,fragile
6752,8,32,2.0,211.0,4,55,fast
6753,8,33,6.0,211.0,4,58,general
6754,8,34,10.0,211.0,6,61,fragile
6755,8,35,14.0,211.0,4,65,general
6756,9,36,18.0,211.0,5,57,fragile
6757,9,37,22.0,211.0,5,52,general
6758,9,38,26.0,211.0,6,56,fast
6759,9,39,30.0,211.0,5,56,fragile
6760,10,40,2.0,211.0,4,53,fast
6761,10,41,6.0,211.0,5,60,general
6762,10,42,10.0,211.0,6,59,fragile
6763,10,43,14.0,211.0,4,65,fast
6764,11,44,18.0,211.0,6,56,fast
6765,11,45,22.0,211.0,4,64,fast
6766,11,46,26.0,211.0,5,67,fragile
6767,11,47,30.0,211.0,5,66,general
6768,0,0,2.0,212.5,4,56,fragile
6769,0,1,6.0,212.5,4,69,fast
6770,0,2,10.0,212.5,4,52,general
6771,0,3,14.0,212.5,6,63,general
6772,1,4,18.0,212.5,4,61,general
6773,1,5,22.0,212.5,6,63,general
6774,1,6,26.0,212.5,4,53,fragile
6775,1,7,30.0,212.5,5,56,general
6776,2,8,2.0,212.5,4,61,fast
6777,2,9,6.0,212.5,6,67,general
6778,2,10,10.0,212.5,4,58,fast
6779,2,11,14.0,212.5,4,52,bulk
6780,3,12,18.0,212.5,4,52,fast
6781,3,13,22.0,212.5,4,64,fast
6782,3,14,26.0,212.5,5,52,general
6783,3,15,30.0,212.5,4,53,general
6784,4,16,2.0,212.5,5,56,bulk
6785,4,17,6.0,212.5,5,62,general
6786,4,18,10.0,212.5,5,63,general
6787,4,19,14.0,212.5,4,66,general
6788,5,20,18.0,212.5,6,60,general
6789,5,21,22.0,212.5,6,69,general
6790,5,22,26.0,212.5,5,58,fragile
6791,5,23,30.0,212.5,6,57,fast
6792,6,24,2.0,212.5,5,59,fast
6793,6,25,6.0,212.5,6,65,fast
6794,6,26,10.0,212.5,6,65,general
6795,6,27,14.0,212.5,6,52,general
6796,7,28,18.0,212.5,5,64,general
6797,7,29,22.0,212.5,5,67,general
6798,7,30,26.0,212.5,6,65,general
6799,7,31,30.0,212.5,6,69,general
6800,8,32,2.0,212.5,4,65,general
6801,8,33,6.0,212.5,5,67,fragile
6802,8,34,10.0,212.5,6,53,general
6803,8,35,14.0,212.5,4,64,general
6804,9,36,18.0,212.5,4,52,general
6805,9,37,22.0,212.5,5,61,fast
6806,9,38,26.0,212.5,6,66,fragile
6807,9,39,30.0,212.5,4,57,general
6808,10,40,2.0,212.5,5,59,fast
6809,10,41,6.0,212.5,4,56,general
6810,10,42,10.0,212.5,5,59,fast
6811,10,43,14.0,212.5,6,56,general
6812,11,44,18.0,212.5,4,66,general
6813,11,45,22.0,212.5,5,57,general
6814,11,46,26.0,212.5,5,62,general
6815,11,47,30.0,212.5,5,60,bulk
6816,0,0,2.0,214.0,4,52,fast
6817,0,1,6.0,214.0,5,65,fast
6818,0,2,10.0,214.0,6,53,general
6819,0,3,14.0,214.0,4,65,bulk
6820,1,4,18.0,214.0,6,67,general
6821,1,5,22.0,214.0,5,66,general
6822,1,6,26.0,214.0,6,53,fast
6823,1,7,30.0,214.0,5,64,general
6824,2,8,2.0,214.0,6,69,bulk
6825,2,9,6.0,214.0,4,65,general
6826,2,10,10.0,214.0,4,56,fragile
6827,2,11,14.0,214.0,6,62,fast
6828,3,12,18.0,214.0,6,55,fast
6829,3,13,22.0,214.0,6,57,fast
6830,3,14,26.0,214.0,6,52,fragile
6831,3,15,30.0,214.0,5,64,general
6832,4,16,2.0,214.0,6,59,general
6833,4,17,6.0,214.0,4,69,general
6834,4,18,10.0,214.0,6,60,fast
6835,4,19,14.0,214.0,4,67,fast
6836,5,20,18.0,214.0,4,65,bulk
6837,5,21,22.0,214.0,5,57,general
6838,5,22,26.0,214.0,6,59,fast
6839,5,23,30.0,214.0,6,63,general
6840,6,24,2.0,214.0,4,66,fast
6841,6,25,6.0,214.0,4,56,general
6842,6,26,10.0,214.0,5,60,general
6843,6,27,14.0,214.0,6,57,general
6844,7,28,18.0,214.0,4,62,bulk
6845,7,29,22.0,214.0,5,62,general
6846,7,30,26.0,214.0,5,67,fast
6847,7,31,30.0,214.0,6,69,general
6848,8,32,2.0,214.0,4,57,bulk
6849,8,33,6.0,214.0,6,69,bulk
6850,8,34,10.0,214.0,6,58,fast
6851,8,35,14.0,214.0,5,52,fast
6852,9,36,18.0,214.0,5,59,general
6853,9,37,22.0,214.0,4,67,bulk
6854,9,38,26.0,214.0,5,65,bulk
6855,9,39,30.0,214.0,5,69,fast
6856,10,40,2.0,214.0,6,55,general
6857,10,41,6.0,214.0,5,66,general
6858,10,42,10.0,214.0,4,62,fast
6859,10,43,14.0,214.0,5,56,general
6860,11,44,18.0,214.0,6,64,general
6861,11,45,22.0,214.0,5,62,fast
6862,11,46,26.0,214.0,4,57,general
6863,11,47,30.0,214.0,4,63,fragile
6864,0,0,2.0,215.5,4,52,general
6865,0,1,6.0,215.5,5,62,fast
6866,0,2,10.0,215.5,5,68,general
6867,0,3,14.0,215.5,4,55,fragile
6868,1,4,18.0,215.5,4,62,fast
6869,1,5,22.0,215.5,6,58,general
6870,1,6,26.0,215.5,5,59,general
6871,1,7,30.0,215.5,4,66,fast
6872,2,8,2.0,215.5,4,67,fragile
6873,2,9,6.0,215.5,4,57,fast
6874,2,10,10.0,215.5,5,65,general
6875,2,11,14.0,215.5,5,55,fragile
6876,3,12,18.0,215.5,4,63,general
6877,3,13,22.0,215.5,6,55,fast
6878,3,14,26.0,215.5,4,55,fast
6879,3,15,30.0,215.5,6,64,fragile
6880,4,16,2.0,215.5,5,64,fast
6881,4,17,6.0,215.5,5,69,general
6882,4,18,10.0,215.5,4,69,fast
6883,4,19,14.0,215.5,5,55,fragile
6884,5,20,18.0,215.5,4,61,fast
6885,5,21,22.0,215.5,4,60,fragile
6886,5,22,26.0,215.5,4,53,fast
6887,5,23,30.0,215.5,6,57,general
6888,6,24,2.0,215.5,4,67,fragile
6889,6,25,6.0,215.5,4,56,fast
6890,6,26,10.0,215.5,6,53,general
6891,6,27,14.0,215.5,4,52,general
6892,7,28,18.0,215.5,6,57,general
6893,7,29,22.0,215.5,4,68,general
6894,7,30,26.0,215.5,6,56,fragile
6895,7,31,30.0,215.5,6,57,fast
6896,8,32,2.0,215.5,6,60,fast
6897,8,33,6.0,215.5,4,64,fast
6898,8,34,10.0,215.5,6,55,general
6899,8,35,14.0,215.5,6,68,general
6900,9,36,18.0,215.5,6,66,fragile
6901,9,37,22.0,215.5,6,60,fast
6902,9,38,26.0,215.5,6,53,fast
6903,9,39,30.0,215.5,6,53,fast
6904,10,40,2.0,215.5,5,58,general
6905,10,41,6.0,215.5,4,69,general
6906,10,42,10.0,215.5,4,63,bulk
6907,10,43,14.0,215.5,6,68,general
6908,11,44,18.0,215.5,5,67,general
6909,11,45,22.0,215.5,6,53,fast
6910,11,46,26.0,215.5,6,66,fast
6911,11,47,30.0,215.5,6,58,bulk
6912,0,0,2.0,217.0,5,63,general
6913,0,1,6.0,217.0,4,66,fragile
6914,0,2,10.0,217.0,6,61,fast
6915,0,3,14.0,217.0,4,54,general
6916,1,4,18.0,217.0,6,64,fragile
6917,1,5,22.0,217.0,5,60,general
6918,1,6,26.0,217.0,5,57,fast
6919,1,7,30.0,217.0,4,62,general
6920,2,8,2.0,217.0,4,56,general
6921,2,9,6.0,217.0,4,57,general
6922,2,10,10.0,217.0,5,63,fragile
6923,2,11,14.0,217.0,4,67,bulk
6924,3,12,18.0,217.0,5,58,general
6925,3,13,22.0,217.0,5,62,fragile
6926,3,14,26.0,217.0,4,67,fast
6927,3,15,30.0,217.0,6,67,fragile
6928,4,16,2.0,217.0,6,65,fragile
6929,4,17,6.0,217.0,4,64,general
6930,4,18,10.0,217.0,6,67,general
6931,4,19,14.0,217.0,4,59,fast
6932,5,20,18.0,217.0,6,59,fragile
6933,5,21,22.0,217.0,4,54,fast
6934,5,22,26.0,217.0,4,54,general
6935,5,23,30.0,217.0,6,63,fast
6936,6,24,2.0,217.0,4,57,fragile
6937,6,25,6.0,217.0,4,58,fast
6938,6,26,10.0,217.0,4,60,general
6939,6,27,14.0,217.0,4,60,general
6940,7,28,18.0,217.0,4,54,bulk
6941,7,29,22.0,217.0,6,54,general
6942,7,30,26.0,217.0,6,53,general
6943,7,31,30.0,217.0,6,66,general
6944,8,32,2.0,217.0,5,52,general
6945,8,33,6.0,217.0,4,66,fast
6946,8,34,10.0,217.0,4,67,fragile
6947,8,35,14.0,217.0,4,69,general
6948,9,36,18.0,217.0,5,57,general
6949,9,37,22.0,217.0,6,62,fast
6950,9,38,26.0,217.0,4,54,fragile
6951,9,39,30.0,217.0,4,55,general
6952,10,40,2.0,217.0,6,53,general
6953,10,41,6.0,217.0,6,68,fast
6954,10,42,10.0,217.0,4,56,general
6955,10,43,14.0,217.0,5,52,fragile
6956,11,44,18.0,217.0,6,59,fast
6957,11,45,22.0,217.0,6,59,fast
6958,11,46,26.0,217.0,6,68,general
6959,11,47,30.0,217.0,4,58,fast
6960,0,0,2.0,218.5,6,63,fast
6961,0,1,6.0,218.5,5,62,fast
6962,0,2,10.0,218.5,4,64,general
6963,0,3,14.0,218.5,4,58,fast
6964,1,4,18.0,218.5,6,52,fast
6965,1,5,22.0,218.5,6,60,general
6966,1,6,26.0,218.5,5,59,fast
6967,1,7,30.0,218.5,6,64,general
6968,2,8,2.0,218.5,4,66,general
6969,2,9,6.0,218.5,5,61,general
6970,2,10,10.0,218.5,4,58,fragile
6971,2,11,14.0,218.5,5,52,bulk
6972,3,12,18.0,218.5,6,60,general
6973,3,13,22.0,218.5,6,54,fragile
6974,3,14,26.0,218.5,5,54,general
6975,3,15,30.0,218.5,6,52,general
6976,4,16,2.0,218.5,6,66,general
6977,4,17,6.0,218.5,6,69,fast
6978,4,18,10.0,218.5,6,60,fragile
6979,4,19,14.0,218.5,4,57,fast
6980,5,20,18.0,218.5,5,62,bulk
6981,5,21,22.0,218.5,6,67,fragile
6982,5,22,26.0,218.5,5,67,bulk
6983,5,23,30.0,218.5,6,61,general
6984,6,24,2.0,218.5,6,56,fast
6985,6,25,6.0,218.5,6,62,fragile
6986,6,26,10.0,218.5,6,61,general
6987,6,27,14.0,218.5,4,55,general
6988,7,28,18.0,218.5,6,52,general
6989,7,29,22.0,218.5,5,53,general
6990,7,30,26.0,218.5,6,66,general
6991,7,31,30.0,218.5,5,61,fragile
6992,8,32,2.0,218.5,4,63,general
6993,8,33,6.0,218.5,6,56,fast
6994,8,34,10.0,218.5,5,64,general
6995,8,35,14.0,218.5,5,69,fast
6996,9,36,18.0,218.5,5,60,general
6997,9,37,22.0,218.5,5,65,fast
6998,9,38,26.0,218.5,4,67,general
6999,9,39,30.0,218.5,5,53,fast
7000,10,40,2.0,218.5,6,58,fast
7001,10,41,6.0,218.5,4,57,fast
7002,10,42,10.0,218.5,4,67,bulk
7003,10,43,14.0,218.5,6,64,bulk
7004,11,44,18.0,218.5,6,62,general
7005,11,45,22.0,218.5,5,64,fast
7006,11,46,26.0,218.5,5,58,fast
7007,11,47,30.0,218.5,6,63,fast
7008,0,0,2.0,220.0,4,53,general
7009,0,1,6.0,220.0,5,69,general
7010,0,2,10.0,220.0,5,54,fast
7011,0,3,14.0,220.0,4,53,bulk
7012,1,4,18.0,220.0,4,63,general
7013,1,5,22.0,220.0,6,67,general
7014,1,6,26.0,220.0,5,57,general
7015,1,7,30.0,220.0,4,62,general
7016,2,8,2.0,220.0,4,59,fragile
7017,2,9,6.0,220.0,4,66,fast
7018,2,10,10.0,220.0,5,52,general
7019,2,11,14.0,220.0,5,53,general
7020,3,12,18.0,220.0,6,63,general
7021,3,13,22.0,220.0,5,54,fragile
7022,3,14,26.0,220.0,6,61,fast
7023,3,15,30.0,220.0,5,66,general
7024,4,16,2.0,220.0,5,63,fast
7025,4,17,6.0,220.0,6,64,general
7026,4,18,10.0,220.0,4,65,bulk
7027,4,19,14.0,220.0,5,57,fast
7028,5,20,18.0,220.0,4,54,fragile
7029,5,21,22.0,220.0,6,59,fast
7030,5,22,26.0,220.0,5,59,general
7031,5,23,30.0,220.0,4,65,general
7032,6,24,2.0,220.0,5,64,bulk
7033,6,25,6.0,220.0,6,65,general
7034,6,26,10.0,220.0,5,66,general
7035,6,27,14.0,220.0,5,65,general
7036,7,28,18.0,220.0,6,66,general
7037,7,29,22.0,220.0,5,69,general
7038,7,30,26.0,220.0,6,68,fast
7039,7,31,30.0,220.0,5,67,general
7040,8,32,2.0,220.0,6,60,fast
7041,8,33,6.0,220.0,5,62,fragile
7042,8,34,10.0,220.0,5,53,bulk
7043,8,35,14.0,220.0,5,66,general
7044,9,36,18.0,220.0,4,58,fragile
7045,9,37,22.0,220.0,6,65,bulk
7046,9,38,26.0,220.0,6,61,bulk
7047,9,39,30.0,220.0,4,62,fast
7048,10,40,2.0,220.0,4,53,fragile
7049,10,41,6.0,220.0,4,55,general
7050,10,42,10.0,220.0,6,68,fast
7051,10,43,14.0,220.0,6,63,general
7052,11,44,18.0,220.0,5,58,bulk
7053,11,45,22.0,220.0,5,63,fragile
7054,11,46,26.0,220.0,6,56,general
7055,11,47,30.0,220.0,5,55,fast
7056,0,0,2.0,221.5,4,64,general
7057,0,1,6.0,221.5,6,66,fragile
7058,0,2,10.0,221.5,4,66,bulk
7059,0,3,14.0,221.5,5,66,fast
7060,1,4,18.0,221.5,6,60,fast
7061,1,5,22.0,221.5,6,66,fast
7062,1,6,26.0,221.5,4,52,bulk
7063,1,7,30.0,221.5,4,62,general
7064,2,8,2.0,221.5,6,63,fast
7065,2,9,6.0,221.5,5,69,fragile
7066,2,10,10.0,221.5,4,53,general
7067,2,11,14.0,221.5,5,55,fast
7068,3,12,18.0,221.5,6,57,fragile
7069,3,13,22.0,221.5,5,68,general
7070,3,14,26.0,221.5,5,52,fragile
7071,3,15,30.0,221.5,4,55,general
7072,4,16,2.0,221.5,5,65,general
7073,4,17,6.0,221.5,4,58,general
7074,4,18,10.0,221.5,4,63,bulk
7075,4,19,14.0,221.5,5,53,fast
7076,5,20,18.0,221.5,4,69,general
7077,5,21,22.0,221.5,4,57,fast
7078,5,22,26.0,221.5,6,53,bulk
7079,5,23,30.0,221.5,5,52,general
7080,6,24,2.0,221.5,6,58,bulk
7081,6,25,6.0,221.5,5,61,fast
7082,6,26,10.0,221.5,4,64,fast
7083,6,27,14.0,221.5,6,60,general
7084,7,28,18.0,221.5,6,57,general
7085,7,29,22.0,221.5,6,62,fragile
7086,7,30,26.0,221.5,5,61,general
7087,7,31,30.0,221.5,5,65,general
7088,8,32,2.0,221.5,4,58,general
7089,8,33,6.0,221.5,6,55,fragile
7090,8,34,10.0,221.5,5,58,fast
7091,8,35,14.0,221.5,5,68,fast
7092,9,36,18.0,221.5,4,67,fast
7093,9,37,22.0,221.5,5,56,fast
7094,9,38,26.0,221.5,5,59,fast
7095,9,39,30.0,221.5,5,61,bulk
7096,10,40,2.0,221.5,5,67,fast
7097,10,41,6.0,221.5,6,69,general
7098,10,42,10.0,221.5,6,64,fast
7099,10,43,14.0,221.5,4,56,general
7100,11,44,18.0,221.5,6,57,fragile
7101,11,45,22.0,221.5,4,67,bulk
7102,11,46,26.0,221.5,5,55,fast
7103,11,47,30.0,221.5,5,69,general
7104,0,0,2.0,223.0,6,65,bulk
7105,0,1,6.0,223.0,6,66,general
7106,0,2,10.0,223.0,6,68,general
7107,0,3,14.0,223.0,4,68,fragile
7108,1,4,18.0,223.0,6,53,fragile
7109,1,5,22.0,223.0,6,69,fragile
7110,1,6,26.0,223.0,4,58,fast
7111,1,7,30.0,223.0,6,55,fast
7112,2,8,2.0,223.0,4,64,fast
7113,2,9,6.0,223.0,4,66,general
7114,2,10,10.0,223.0,5,65,fragile
7115,2,11,14.0,223.0,6,53,general
7116,3,12,18.0,223.0,5,66,fragile
7117,3,13,22.0,223.0,4,56,fast
7118,3,14,26.0,223.0,5,66,general
7119,3,15,30.0,223.0,6,53,general
7120,4,16,2.0,223.0,4,52,fragile
7121,4,17,6.0,223.0,4,66,fast
7122,4,18,10.0,223.0,6,56,fast
7123,4,19,14.0,223.0,4,56,fast
7124,5,20,18.0,223.0,4,57,fast
7125,5,21,22.0,223.0,5,58,fragile
7126,5,22,26.0,223.0,5,66,bulk
7127,5,23,30.0,223.0,5,52,fragile
7128,6,24,2.0,223.0,5,55,general
7129,6,25,6.0,223.0,5,63,general
7130,6,26,10.0,223.0,6,64,fragile
7131,6,27,14.0,223.0,5,62,general
7132,7,28,18.0,223.0,5,69,general
7133,7,29,22.0,223.0,6,64,general
7134,7,30,26.0,223.0,5,56,general
7135,7,31,30.0,223.0,5,64,bulk
7136,8,32,2.0,223.0,4,61,general
7137,8,33,6.0,223.0,5,53,fast
7138,8,34,10.0,223.0,6,57,general
7139,8,35,14.0,223.0,6,61,bulk
7140,9,36,18.0,223.0,6,68,bulk
7141,9,37,22.0,223.0,6,66,fast
7142,9,38,26.0,223.0,5,56,fast
7143,9,39,30.0,223.0,6,66,general
7144,10,40,2.0,223.0,6,54,general
7145,10,41,6.0,223.0,4,64,general
7146,10,42,10.0,223.0,4,67,general
7147,10,43,14.0,223.0,6,69,bulk
7148,11,44,18.0,223.0,5,58,bulk
7149,11,45,22.0,223.0,4,63,fast
7150,11,46,26.0,223.0,6,63,fast
7151,11,47,30.0,223.0,4,66,fast
7152,0,0,2.0,224.5,5,61,general
7153,0,1,6.0,224.5,5,60,fragile
7154,0,2,10.0,224.5,4,53,general
7155,0,3,14.0,224.5,4,61,fragile
7156,1,4,18.0,224.5,6,56,bulk
7157,1,5,22.0,224.5,5,52,fast
7158,1,6,26.0,224.5,4,58,bulk
7159,1,7,30.0,224.5,5,60,bulk
7160,2,8,2.0,224.5,5,54,fragile
7161,2,9,6.0,224.5,6,54,fragile
7162,2,10,10.0,224.5,5,67,bulk
7163,2,11,14.0,224.5,6,61,general
7164,3,12,18.0,224.5,4,52,fragile
7165,3,13,22.0,224.5,5,55,bulk
7166,3,14,26.0,224.5,6,63,fragile
7167,3,15,30.0,224.5,6,52,fast
7168,4,16,2.0,224.5,4,56,fragile
7169,4,17,6.0,224.5,4,61,fast
7170,4,18,10.0,224.5,4,65,general
7171,4,19,14.0,224.5,5,62,fast
7172,5,20,18.0,224.5,4,60,general
7173,5,21,22.0,224.5,6,69,general
7174,5,22,26.0,224.5,5,62,fragile
7175,5,23,30.0,224.5,5,69,fast
7176,6,24,2.0,224.5,4,62,general
7177,6,25,6.0,224.5,5,62,general
7178,6,26,10.0,224.5,5,64,fragile
7179,6,27,14.0,224.5,4,63,general
7180,7,28,18.0,224.5,6,68,general
7181,7,29,22.0,224.5,5,66,general
7182,7,30,26.0,224.5,6,56,bulk
7183,7,31,30.0,224.5,6,63,fragile
7184,8,32,2.0,224.5,6,52,general
7185,8,33,6.0,224.5,6,52,general
7186,8,34,10.0,224.5,5,64,fast
7187,8,35,14.0,224.5,4,60,general
7188,9,36,18.0,224.5,4,53,general
7189,9,37,22.0,224.5,4,64,fragile
7190,9,38,26.0,224.5,5,57,general
7191,9,39,30.0,224.5,5,60,general
7192,10,40,2.0,224.5,6,59,general
7193,10,41,6.0,224.5,5,62,general
7194,10,42,10.0,224.5,6,65,general
7195,10,43,14.0,224.5,6,69,general
7196,11,44,18.0,224.5,5,59,general
7197,11,45,22.0,224.5,6,58,general
7198,11,46,26.0,224.5,6,60,fragile
7199,11,47,30.0,224.5,4,53,general
7200,0,0,2.0,226.0,4,64,fragile
7201,0,1,6.0,226.0,5,58,fragile
7202,0,2,10.0,226.0,4,56,bulk
7203,0,3,14.0,226.0,4,54,fast
7204,1,4,18.0,226.0,4,53,general
7205,1,5,22.0,226.0,5,54,general
7206,1,6,26.0,226.0,6,55,general
7207,1,7,30.0,226.0,5,65,fast
7208,2,8,2.0,226.0,6,62,fragile
7209,2,9,6.0,226.0,5,64,general
7210,2,10,10.0,226.0,4,65,general
7211,2,11,14.0,226.0,5,58,fast
7212,3,12,18.0,226.0,6,69,general
7213,3,13,22.0,226.0,5,65,fragile
7214,3,14,26.0,226.0,6,59,bulk
7215,3,15,30.0,226.0,4,69,general
7216,4,16,2.0,226.0,4,56,fragile
7217,4,17,6.0,226.0,4,69,general
7218,4,18,10.0,226.0,4,55,general
7219,4,19,14.0,226.0,5,62,fragile
7220,5,20,18.0,226.0,6,58,general
7221,5,21,22.0,226.0,5,60,general
7222,5,22,26.0,226.0,4,65,fragile
7223,5,23,30.0,226.0,6,62,general
7224,6,24,2.0,226.0,4,57,general
7225,6,25,6.0,226.0,4,61,general
7226,6,26,10.0,226.0,4,59,fast
7227,6,27,14.0,226.0,6,56,bulk
7228,7,28,18.0,226.0,5,63,general
7229,7,29,22.0,226.0,4,65,fast
7230,7,30,26.0,226.0,6,62,fragile
7231,7,31,30.0,226.0,6,66,general
7232,8,32,2.0,226.0,6,58,bulk
7233,8,33,6.0,226.0,5,62,general
7234,8,34,10.0,226.0,5,62,general
7235,8,35,14.0,226.0,6,62,general
7236,9,36,18.0,226.0,4,67,fragile
7237,9,37,22.0,226.0,4,67,general
7238,9,38,26.0,226.0,5,69,fragile
7239,9,39,30.0,226.0,4,54,fast
7240,10,40,2.0,226.0,5,57,fast
7241,10,41,6.0,226.0,5,54,general
7242,10,42,10.0,226.0,5,60,general
7243,10,43,14.0,226.0,6,60,fragile
7244,11,44,18.0,226.0,5,57,fragile
7245,11,45,22.0,226.0,6,64,general
7246,11,46,26.0,226.0,6,65,bulk
7247,11,47,30.0,226.0,6,68,fragile
7248,0,0,2.0,227.5,5,62,general
7249,0,1,6.0,227.5,6,64,bulk
7250,0,2,10.0,227.5,5,61,fast
7251,0,3,14.0,227.5,6,59,fragile
7252,1,4,18.0,227.5,4,69,general
7253,1,5,22.0,227.5,4,53,general
7254,1,6,26.0,227.5,5,52,general
7255,1,7,30.0,227.5,5,56,general
7256,2,8,2.0,227.5,5,68,bulk
7257,2,9,6.0,227.5,4,57,fragile
7258,2,10,10.0,227.5,6,53,fast
7259,2,11,14.0,227.5,6,69,fast
7260,3,12,18.0,227.5,6,65,general
7261,3,13,22.0,227.5,5,68,general
7262,3,14,26.0,227.5,4,52,fragile
7263,3,15,30.0,227.5,5,64,general
7264,4,16,2.0,227.5,4,66,fragile
7265,4,17,6.0,227.5,4,67,fast
7266,4,18,10.0,227.5,4,68,fast
7267,4,19,14.0,227.5,6,69,fast
7268,5,20,18.0,227.5,4,69,fragile
7269,5,21,22.0,227.5,5,66,fast
7270,5,22,26.0,227.5,6,63,fast
7271,5,23,30.0,227.5,4,61,fragile
7272,6,24,2.0,227.5,4,62,fast
7273,6,25,6.0,227.5,4,68,general
7274,6,26,10.0,227.5,4,60,general
7275,6,27,14.0,227.5,5,61,general
7276,7,28,18.0,227.5,4,56,fragile
7277,7,29,22.0,227.5,5,52,fragile
7278,7,30,26.0,227.5,6,61,general
7279,7,31,30.0,227.5,6,60,general
7280,8,32,2.0,227.5,5,52,fragile
7281,8,33,6.0,227.5,4,66,fragile
7282,8,34,10.0,227.5,6,62,fragile
7283,8,35,14.0,227.5,4,62,fragile
7284,9,36,18.0,227.5,6,61,fast
7285,9,37,22.0,227.5,5,64,bulk
7286,9,38,26.0,227.5,6,59,fast
7287,9,39,30.0,227.5,4,67,fast
7288,10,40,2.0,227.5,5,69,general
7289,10,41,6.0,227.5,5,53,fast
7290,10,42,10.0,227.5,5,67,fast
7291,10,43,14.0,227.5,6,53,fast
7292,11,44,18.0,227.5,6,65,general
7293,11,45,22.0,227.5,5,62,general
7294,11,46,26.0,227.5,5,57,fragile
7295,11,47,30.0,227.5,4,59,general
7296,0,0,2.0,229.0,6,58,general
7297,0,1,6.0,229.0,6,58,general
7298,0,2,10.0,229.0,4,63,fast
7299,0,3,14.0,229.0,6,56,general
7300,1,4,18.0,229.0,5,66,general
7301,1,5,22.0,229.0,5,67,general
7302,1,6,26.0,229.0,4,63,general
7303,1,7,30.0,229.0,6,69,general
7304,2,8,2.0,229.0,6,66,general
7305,2,9,6.0,229.0,4,59,general
7306,2,10,10.0,229.0,4,66,fast
7307,2,11,14.0,229.0,6,60,fast
7308,3,12,18.0,229.0,4,67,general
7309,3,13,22.0,229.0,4,58,fragile
7310,3,14,26.0,229.0,6,67,general
7311,3,15,30.0,229.0,6,54,fast
7312,4,16,2.0,229.0,6,61,fragile
7313,4,17,6.0,229.0,4,62,general
7314,4,18,10.0,229.0,5,53,fast
7315,4,19,14.0,229.0,5,59,fast
7316,5,20,18.0,229.0,6,64,bulk
7317,5,21,22.0,229.0,5,67,general
7318,5,22,26.0,229.0,5,54,general
7319,5,23,30.0,229.0,6,53,fast
7320,6,24,2.0,229.0,6,55,general
7321,6,25,6.0,229.0,5,63,general
7322,6,26,10.0,229.0,6,62,fast
7323,6,27,14.0,229.0,5,53,general
7324,7,28,18.0,229.0,4,52,general
7325,7,29,22.0,229.0,4,62,fragile
7326,7,30,26.0,229.0,6,66,fragile
7327,7,31,30.0,229.0,5,63,general
7328,8,32,2.0,229.0,5,65,fast
7329,8,33,6.0,229.0,5,56,general
7330,8,34,10.0,229.0,6,53,general
7331,8,35,14.0,229.0,5,54,fast
7332,9,36,18.0,229.0,6,64,general
7333,9,37,22.0,229.0,5,57,bulk
7334,9,38,26.0,229.0,6,56,general
7335,9,39,30.0,229.0,6,58,fast
7336,10,40,2.0,229.0,5,58,fragile
7337,10,41,6.0,229.0,4,67,general
7338,10,42,10.0,229.0,5,68,fast
7339,10,43,14.0,229.0,5,56,general
7340,11,44,18.0,229.0,6,65,general
7341,11,45,22.0,229.0,4,60,general
7342,11,46,26.0,229.0,5,68,fast
7343,11,47,30.0,229.0,4,69,bulk
7344,0,0,2.0,230.5,5,52,fast
7345,0,1,6.0,230.5,4,63,general
7346,0,2,10.0,230.5,5,62,general
7347,0,3,14.0,230.5,6,66,fast
7348,1,4,18.0,230.5,4,67,general
7349,1,5,22.0,230.5,6,52,general
7350,1,6,26.0,230.5,6,69,general
7351,1,7,30.0,230.5,4,59,fragile
7352,2,8,2.0,230.5,6,67,fast
7353,2,9,6.0,230.5,6,52,general
7354,2,10,10.0,230.5,6,60,general
7355,2,11,14.0,230.5,4,64,bulk
7356,3,12,18.0,230.5,4,69,fast
7357,3,13,22.0,230.5,5,69,fragile
7358,3,14,26.0,230.5,4,68,general
7359,3,15,30.0,230.5,5,52,general
7360,4,16,2.0,230.5,4,64,general
7361,4,17,6.0,230.5,6,63,general
7362,4,18,10.0,230.5,5,58,general
7363,4,19,14.0,230.5,5,63,fragile
7364,5,20,18.0,230.5,4,53,general
7365,5,21,22.0,230.5,6,55,general
7366,5,22,26.0,230.5,5,64,fast
7367,5,23,30.0,230.5,6,68,bulk
7368,6,24,2.0,230.5,6,57,general
7369,6,25,6.0,230.5,6,68,bulk
7370,6,26,10.0,230.5,6,54,fast
7371,6,27,14.0,230.5,6,55,fast
7372,7,28,18.0,230.5,4,69,general
7373,7,29,22.0,230.5,5,59,general
7374,7,30,26.0,230.5,5,59,bulk
7375,7,31,30.0,230.5,5,62,fragile
7376,8,32,2.0,230.5,5,59,general
7377,8,33,6.0,230.5,5,68,general
7378,8,34,10.0,230.5,4,55,general
7379,8,35,14.0,230.5,4,62,fast
7380,9,36,18.0,230.5,4,63,general
7381,9,37,22.0,230.5,6,52,bulk
7382,9,38,26.0,230.5,6,68,fragile
7383,9,39,30.0,230.5,4,52,general
7384,10,40,2.0,230.5,6,68,general
7385,10,41,6.0,230.5,4,68,bulk
7386,10,42,10.0,230.5,6,60,bulk
7387,10,43,14.0,230.5,5,69,fragile
7388,11,44,18.0,230.5,6,53,general
7389,11,45,22.0,230.5,5,66,fast
7390,11,46,26.0,230.5,6,69,general
7391,11,47,30.0,230.5,6,62,general
7392,0,0,2.0,232.0,4,68,fast
7393,0,1,6.0,232.0,5,58,general
7394,0,2,10.0,232.0,6,58,general
7395,0,3,14.0,232.0,5,52,general
7396,1,4,18.0,232.0,4,67,general
7397,1,5,22.0,232.0,6,59,fast
7398,1,6,26.0,232.0,4,55,fast
7399,1,7,30.0,232.0,6,63,bulk
7400,2,8,2.0,232.0,4,66,bulk
7401,2,9,6.0,232.0,5,57,general
7402,2,10,10.0,232.0,4,52,general
7403,2,11,14.0,232.0,4,62,fragile
7404,3,12,18.0,232.0,4,63,bulk
7405,3,13,22.0,232.0,5,52,fragile
7406,3,14,26.0,232.0,4,55,bulk
7407,3,15,30.0,232.0,6,52,fast
7408,4,16,2.0,232.0,6,53,bulk
7409,4,17,6.0,232.0,5,53,general
7410,4,18,10.0,232.0,6,61,fast
7411,4,19,14.0,232.0,4,63,general
7412,5,20,18.0,232.0,6,57,general
7413,5,21,22.0,232.0,5,61,fragile
7414,5,22,26.0,232.0,4,58,fragile
7415,5,23,30.0,232.0,6,54,fragile
7416,6,24,2.0,232.0,4,60,fast
7417,6,25,6.0,232.0,5,67,fragile
7418,6,26,10.0,232.0,4,56,general
7419,6,27,14.0,232.0,5,64,general
7420,7,28,18.0,232.0,4,53,general
7421,7,29,22.0,232.0,6,55,fragile
7422,7,30,26.0,232.0,4,65,fragile
7423,7,31,30.0,232.0,4,56,fragile
7424,8,32,2.0,232.0,5,67,fast
7425,8,33,6.0,232.0,6,66,general
7426,8,34,10.0,232.0,6,57,fast
7427,8,35,14.0,232.0,6,54,fragile
7428,9,36,18.0,232.0,4,62,general
7429,9,37,22.0,232.0,5,52,general
7430,9,38,26.0,232.0,5,64,general
7431,9,39,30.0,232.0,5,57,fast
7432,10,40,2.0,232.0,4,52,general
7433,10,41,6.0,232.0,4,54,general
7434,10,42,10.0,232.0,6,52,general
7435,10,43,14.0,232.0,5,63,general
7436,11,44,18.0,232.0,5,63,fragile
7437,11,45,22.0,232.0,6,57,fragile
7438,11,46,26.0,232.0,6,58,fast
7439,11,47,30.0,232.0,6,62,bulk
7440,0,0,2.0,233.5,5,59,fast
7441,0,1,6.0,233.5,5,65,fast
7442,0,2,10.0,233.5,6,67,fragile
7443,0,3,14.0,233.5,5,57,fast
7444,1,4,18.0,233.5,6,65,fragile
7445,1,5,22.0,233.5,6,68,fragile
7446,1,6,26.0,233.5,6,65,general
7447,1,7,30.0,233.5,4,69,fragile
7448,2,8,2.0,233.5,4,55,fast
7449,2,9,6.0,233.5,5,62,fast
7450,2,10,10.0,233.5,4,65,general
7451,2,11,14.0,233.5,6,61,general
7452,3,12,18.0,233.5,5,58,fragile
7453,3,13,22.0,233.5,5,53,general
7454,3,14,26.0,233.5,5,65,fast
7455,3,15,30.0,233.5,6,63,bulk
7456,4,16,2.0,233.5,4,65,fast
7457,4,17,6.0,233.5,5,69,general
7458,4,18,10.0,233.5,6,64,general
7459,4,19,14.0,233.5,4,61,fragile
7460,5,20,18.0,233.5,5,65,general
7461,5,21,22.0,233.5,5,56,fragile
7462,5,22,26.0,233.5,4,58,general
7463,5,23,30.0,233.5,6,54,general
7464,6,24,2.0,233.5,4,53,fragile
7465,6,25,6.0,233.5,5,62,general
7466,6,26,10.0,233.5,4,55,general
7467,6,27,14.0,233.5,6,52,fast
7468,7,28,18.0,233.5,6,60,general
7469,7,29,22.0,233.5,5,54,fast
7470,7,30,26.0,233.5,4,52,fast
7471,7,31,30.0,233.5,4,54,fragile
7472,8,32,2.0,233.5,6,59,general
7473,8,33,6.0,233.5,4,68,general
7474,8,34,10.0,233.5,4,66,bulk
7475,8,35,14.0,233.5,6,64,general
7476,9,36,18.0,233.5,4,54,fast
7477,9,37,22.0,233.5,5,65,general
7478,9,38,26.0,233.5,5,65,bulk
7479,9,39,30.0,233.5,6,61,general
7480,10,40,2.0,233.5,5,56,fast
7481,10,41,6.0,233.5,5,64,fast
7482,10,42,10.0,233.5,6,66,bulk
7483,10,43,14.0,233.5,5,61,fast
7484,11,44,18.0,233.5,6,65,bulk
7485,11,45,22.0,233.5,6,59,fast
7486,11,46,26.0,233.5,5,64,fast
7487,11,47,30.0,233.5,4,54,fast
7488,0,0,2.0,235.0,6,57,general
7489,0,1,6.0,235.0,5,62,general
7490,0,2,10.0,235.0,4,53,fast
7491,0,3,14.0,235.0,4,60,general
7492,1,4,18.0,235.0,6,60,fast
7493,1,5,22.0,235.0,6,60,general
7494,1,6,26.0,235.0,6,58,fast
7495,1,7,30.0,235.0,6,68,fragile
7496,2,8,2.0,235.0,5,61,fragile
7497,2,9,6.0,235.0,5,68,general
7498,2,10,10.0,235.0,4,69,general
7499,2,11,14.0,235.0,4,59,fast
7500,3,12,18.0,235.0,4,60,bulk
7501,3,13,22.0,235.0,5,58,fast
7502,3,14,26.0,235.0,5,58,fragile
7503,3,15,30.0,235.0,6,60,general
7504,4,16,2.0,235.0,5,64,general
7505,4,17,6.0,235.0,5,58,general
7506,4,18,10.0,235.0,5,59,bulk
7507,4,19,14.0,235.0,6,59,fast
7508,5,20,18.0,235.0,4,56,fast
7509,5,21,22.0,235.0,6,54,bulk
7510,5,22,26.0,235.0,5,52,general
7511,5,23,30.0,235.0,4,52,general
7512,6,24,2.0,235.0,6,63,fast
7513,6,25,6.0,235.0,5,63,general
7514,6,26,10.0,235.0,4,58,fast
7515,6,27,14.0,235.0,4,60,general
7516,7,28,18.0,235.0,5,52,bulk
7517,7,29,22.0,235.0,4,60,general
7518,7,30,26.0,235.0,5,68,general
7519,7,31,30.0,235.0,4,63,general
7520,8,32,2.0,235.0,6,56,fragile
7521,8,33,6.0,235.0,6,54,bulk
7522,8,34,10.0,235.0,6,57,general
7523,8,35,14.0,235.0,6,67,general
7524,9,36,18.0,235.0,6,59,fast
7525,9,37,22.0,235.0,6,53,general
7526,9,38,26.0,235.0,4,53,fragile
7527,9,39,30.0,235.0,4,63,general
7528,10,40,2.0,235.0,4,67,general
7529,10,41,6.0,235.0,4,54,general
7530,10,42,10.0,235.0,4,54,fast
7531,10,43,14.0,235.0,4,67,fast
7532,11,44,18.0,235.0,6,69,fast
7533,11,45,22.0,235.0,5,69,general
7534,11,46,26.0,235.0,6,62,general
7535,11,47,30.0,235.0,6,58,general
7536,0,0,2.0,236.5,6,64,bulk
7537,0,1,6.0,236.5,5,56,general
7538,0,2,10.0,236.5,4,63,fragile
7539,0,3,14.0,236.5,5,68,fast
7540,1,4,18.0,236.5,5,68,bulk
7541,1,5,22.0,236.5,6,69,general
7542,1,6,26.0,236.5,6,65,general
7543,1,7,30.0,236.5,5,66,general
7544,2,8,2.0,236.5,6,58,fast
7545,2,9,6.0,236.5,6,58,general
7546,2,10,10.0,236.5,6,60,fast
7547,2,11,14.0,236.5,6,55,general
7548,3,12,18.0,236.5,4,66,fragile
7549,3,13,22.0,236.5,5,65,general
7550,3,14,26.0,236.5,5,54,general
7551,3,15,30.0,236.5,5,65,general
7552,4,16,2.0,236.5,6,52,fast
7553,4,17,6.0,236.5,6,53,fragile
7554,4,18,10.0,236.5,4,52,fast
7555,4,19,14.0,236.5,4,61,fast
7556,5,20,18.0,236.5,4,65,general
7557,5,21,22.0,236.5,5,60,general
7558,5,22,26.0,236.5,4,61,general
7559,5,23,30.0,236.5,4,61,fast
7560,6,24,2.0,236.5,5,55,general
7561,6,25,6.0,236.5,6,62,general
7562,6,26,10.0,236.5,6,52,general
7563,6,27,14.0,236.5,5,61,fast
7564,7,28,18.0,236.5,4,60,bulk
7565,7,29,22.0,236.5,5,62,fast
7566,7,30,26.0,236.5,6,54,general
7567,7,31,30.0,236.5,4,62,fast
7568,8,32,2.0,236.5,4,59,general
7569,8,33,6.0,236.5,6,54,general
7570,8,34,10.0,236.5,6,65,general
7571,8,35,14.0,236.5,5,60,fragile
7572,9,36,18.0,236.5,6,66,general
7573,9,37,22.0,236.5,4,64,bulk
7574,9,38,26.0,236.5,4,62,general
7575,9,39,30.0,236.5,5,63,bulk
7576,10,40,2.0,236.5,6,53,general
7577,10,41,6.0,236.5,5,66,general
7578,10,42,10.0,236.5,4,63,general
7579,10,43,14.0,236.5,5,59,general
7580,11,44,18.0,236.5,4,57,general
7581,11,45,22.0,236.5,5,61,fast
7582,11,46,26.0,236.5,6,57,bulk
7583,11,47,30.0,236.5,4,53,fragile
7584,0,0,2.0,238.0,4,54,fast
7585,0,1,6.0,238.0,4,58,general
7586,0,2,10.0,238.0,6,67,fast
7587,0,3,14.0,238.0,4,63,fast
7588,1,4,18.0,238.0,4,53,fragile
7589,1,5,22.0,238.0,5,66,fragile
7590,1,6,26.0,238.0,6,61,general
7591,1,7,30.0,238.0,6,59,fragile
7592,2,8,2.0,238.0,6,57,fragile
7593,2,9,6.0,238.0,4,60,fast
7594,2,10,10.0,238.0,6,63,fast
7595,2,11,14.0,238.0,5,53,fast
7596,3,12,18.0,238.0,5,68,bulk
7597,3,13,22.0,238.0,6,53,bulk
7598,3,14,26.0,238.0,4,60,fast
7599,3,15,30.0,238.0,4,53,fragile
7600,4,16,2.0,238.0,4,58,general
7601,4,17,6.0,238.0,6,56,general
7602,4,18,10.0,238.0,6,65,fast
7603,4,19,14.0,238.0,4,53,fast
7604,5,20,18.0,238.0,4,52,general
7605,5,21,22.0,238.0,6,59,general
7606,5,22,26.0,238.0,6,65,fragile
7607,5,23,30.0,238.0,5,56,general
7608,6,24,2.0,238.0,6,54,bulk
7609,6,25,6.0,238.0,5,53,bulk
7610,6,26,10.0,238.0,5,66,general
7611,6,27,14.0,238.0,4,57,general
7612,7,28,18.0,238.0,5,64,bulk
7613,7,29,22.0,238.0,6,61,general
7614,7,30,26.0,238.0,6,56,general
7615,7,31,30.0,238.0,5,59,fragile
7616,8,32,2.0,238.0,6,55,general
7617,8,33,6.0,238.0,5,66,fragile
7618,8,34,10.0,238.0,4,63,general
7619,8,35,14.0,238.0,6,55,general
7620,9,36,18.0,238.0,6,62,general
7621,9,37,22.0,238.0,4,52,general
7622,9,38,26.0,238.0,5,55,general
7623,9,39,30.0,238.0,6,63,fragile
7624,10,40,2.0,238.0,4,63,bulk
7625,10,41,6.0,238.0,4,67,fast
7626,10,42,10.0,238.0,4,55,fragile
7627,10,43,14.0,238.0,6,57,fast
7628,11,44,18.0,238.0,4,58,general
7629,11,45,22.0,238.0,4,57,general
7630,11,46,26.0,238.0,6,66,bulk
7631,11,47,30.0,238.0,6,62,general
7632,0,0,2.0,239.5,5,64,bulk
7633,0,1,6.0,239.5,4,53,general
7634,0,2,10.0,239.5,6,54,fragile
7635,0,3,14.0,239.5,5,62,fragile
7636,1,4,18.0,239.5,4,68,general
7637,1,5,22.0,239.5,6,68,fragile
7638,1,6,26.0,239.5,5,67,general
7639,1,7,30.0,239.5,4,64,fast
7640,2,8,2.0,239.5,4,52,general
7641,2,9,6.0,239.5,4,58,general
7642,2,10,10.0,239.5,6,65,bulk
7643,2,11,14.0,239.5,5,55,fragile
7644,3,12,18.0,239.5,5,66,fragile
7645,3,13,22.0,239.5,5,60,fragile
7646,3,14,26.0,239.5,5,67,general
7647,3,15,30.0,239.5,4,63,bulk
7648,4,16,2.0,239.5,6,58,general
7649,4,17,6.0,239.5,4,52,bulk
7650,4,18,10.0,239.5,5,65,general
7651,4,19,14.0,239.5,5,64,general
7652,5,20,18.0,239.5,4,60,general
7653,5,21,22.0,239.5,5,57,fragile
7654,5,22,26.0,239.5,4,61,fragile
7655,5,23,30.0,239.5,6,53,general
7656,6,24,2.0,239.5,6,59,fast
7657,6,25,6.0,239.5,4,67,fast
7658,6,26,10.0,239.5,6,61,general
7659,6,27,14.0,239.5,5,57,general
7660,7,28,18.0,239.5,4,57,general
7661,7,29,22.0,239.5,6,61,fast
7662,7,30,26.0,239.5,4,65,general
7663,7,31,30.0,239.5,5,58,general
7664,8,32,2.0,239.5,4,69,fast
7665,8,33,6.0,239.5,6,69,fragile
7666,8,34,10.0,239.5,4,62,fast
7667,8,35,14.0,239.5,4,65,fast
7668,9,36,18.0,239.5,6,53,fast
7669,9,37,22.0,239.5,5,55,fragile
7670,9,38,26.0,239.5,6,53,general
7671,9,39,30.0,239.5,4,53,fast
7672,10,40,2.0,239.5,5,56,general
7673,10,41,6.0,239.5,5,62,bulk
7674,10,42,10.0,239.5,4,55,general
7675,10,43,14.0,239.5,5,63,general
7676,11,44,18.0,239.5,5,52,general
7677,11,45,22.0,239.5,4,65,general
7678,11,46,26.0,239.5,6,60,fast
7679,11,47,30.0,239.5,4,62,fast
7680,0,0,2.0,241.0,5,62,general
7681,0,1,6.0,241.0,4,63,general
7682,0,2,10.0,241.0,6,58,general
7683,0,3,14.0,241.0,4,66,bulk
7684,1,4,18.0,241.0,6,60,fast
7685,1,5,22.0,241.0,6,53,fast
7686,1,6,26.0,241.0,4,57,general
7687,1,7,30.0,241.0,4,52,general
7688,2,8,2.0,241.0,6,55,general
7689,2,9,6.0,241.0,5,69,general
7690,2,10,10.0,241.0,5,61,general
7691,2,11,14.0,241.0,6,65,fragile
7692,3,12,18.0,241.0,5,65,fragile
7693,3,13,22.0,241.0,4,54,fast
7694,3,14,26.0,241.0,5,63,fast
7695,3,15,30.0,241.0,4,64,fragile
7696,4,16,2.0,241.0,6,59,fast
7697,4,17,6.0,241.0,5,55,fast
7698,4,18,10.0,241.0,6,52,general
7699,4,19,14.0,241.0,4,52,bulk
7700,5,20,18.0,241.0,4,58,general
7701,5,21,22.0,241.0,5,60,general
7702,5,22,26.0,241.0,5,57,fast
7703,5,23,30.0,241.0,4,57,bulk
7704,6,24,2.0,241.0,4,62,fragile
7705,6,25,6.0,241.0,6,69,fast
7706,6,26,10.0,241.0,5,68,general
7707,6,27,14.0,241.0,6,52,bulk
7708,7,28,18.0,241.0,6,55,fragile
7709,7,29,22.0,241.0,5,58,fragile
7710,7,30,26.0,241.0,5,56,fragile
7711,7,31,30.0,241.0,5,53,fast
7712,8,32,2.0,241.0,6,63,fragile
7713,8,33,6.0,241.0,5,56,general
7714,8,34,10.0,241.0,6,62,fragile
7715,8,35,14.0,241.0,5,52,general
7716,9,36,18.0,241.0,6,58,fast
7717,9,37,22.0,241.0,6,54,general
7718,9,38,26.0,241.0,5,62,fragile
7719,9,39,30.0,241.0,6,68,fast
7720,10,40,2.0,241.0,5,63,fast
7721,10,41,6.0,241.0,6,57,general
7722,10,42,10.0,241.0,6,55,fast
7723,10,43,14.0,241.0,5,68,general
7724,11,44,18.0,241.0,6,64,general
7725,11,45,22.0,241.0,5,57,general
7726,11,46,26.0,241.0,6,65,fragile
7727,11,47,30.0,241.0,4,61,fragile
7728,0,0,2.0,242.5,6,52,general
7729,0,1,6.0,242.5,6,57,general
7730,0,2,10.0,242.5,5,65,general
7731,0,3,14.0,242.5,5,68,general
7732,1,4,18.0,242.5,6,60,fragile
7733,1,5,22.0,242.5,6,69,general
7734,1,6,26.0,242.5,6,69,bulk
7735,1,7,30.0,242.5,4,53,general
7736,2,8,2.0,242.5,4,62,bulk
7737,2,9,6.0,242.5,6,67,general
7738,2,10,10.0,242.5,4,55,fragile
7739,2,11,14.0,242.5,5,59,general
7740,3,12,18.0,242.5,6,61,fast
7741,3,13,22.0,242.5,5,56,general
7742,3,14,26.0,242.5,5,54,general
7743,3,15,30.0,242.5,5,61,general
7744,4,16,2.0,242.5,4,66,general
7745,4,17,6.0,242.5,4,56,fast
7746,4,18,10.0,242.5,5,63,bulk
7747,4,19,14.0,242.5,5,53,general
7748,5,20,18.0,242.5,6,69,general
7749,5,21,22.0,242.5,5,53,fast
7750,5,22,26.0,242.5,5,62,general
7751,5,23,30.0,242.5,5,54,general
7752,6,24,2.0,242.5,6,63,fast
7753,6,25,6.0,242.5,6,54,general
7754,6,26,10.0,242.5,5,60,general
7755,6,27,14.0,242.5,5,64,bulk
7756,7,28,18.0,242.5,5,54,fragile
7757,7,29,22.0,242.5,4,52,bulk
7758,7,30,26.0,242.5,6,58,fragile
7759,7,31,30.0,242.5,5,64,general
7760,8,32,2.0,242.5,4,65,general
7761,8,33,6.0,242.5,5,53,general
7762,8,34,10.0,242.5,5,68,fast
7763,8,35,14.0,242.5,4,57,fragile
7764,9,36,18.0,242.5,6,66,bulk
7765,9,37,22.0,242.5,6,59,general
7766,9,38,26.0,242.5,4,62,general
7767,9,39,30.0,242.5,6,68,general
7768,10,40,2.0,242.5,4,57,fast
7769,10,41,6.0,242.5,6,55,general
7770,10,42,10.0,242.5,6,52,fast
7771,10,43,14.0,242.5,6,68,fast
7772,11,44,18.0,242.5,6,62,general
7773,11,45,22.0,242.5,5,67,fast
7774,11,46,26.0,242.5,5,61,fast
7775,11,47,30.0,242.5,6,60,general
7776,0,0,2.0,244.0,6,64,fast
7777,0,1,6.0,244.0,6,60,fast
7778,0,2,10.0,244.0,5,58,fragile
7779,0,3,14.0,244.0,5,57,fast
7780,1,4,18.0,244.0,6,62,fragile
7781,1,5,22.0,244.0,6,56,general
7782,1,6,26.0,244.0,5,68,fast
7783,1,7,30.0,244.0,4,53,fragile
7784,2,8,2.0,244.0,6,57,general
7785,2,9,6.0,244.0,5,52,general
7786,2,10,10.0,244.0,4,57,general
7787,2,11,14.0,244.0,6,58,fragile
7788,3,12,18.0,244.0,6,56,general
7789,3,13,22.0,244.0,6,67,bulk
7790,3,14,26.0,244.0,6,56,general
7791,3,15,30.0,244.0,6,55,fast
7792,4,16,2.0,244.0,4,57,general
7793,4,17,6.0,244.0,6,65,fast
7794,4,18,10.0,244.0,6,62,general
7795,4,19,14.0,244.0,4,52,general
7796,5,20,18.0,244.0,5,61,fragile
7797,5,21,22.0,244.0,5,62,general
7798,5,22,26.0,244.0,5,53,general
7799,5,23,30.0,244.0,5,62,general
7800,6,24,2.0,244.0,4,61,general
7801,6,25,6.0,244.0,4,63,general
7802,6,26,10.0,244.0,5,67,fast
7803,6,27,14.0,244.0,6,58,general
7804,7,28,18.0,244.0,5,53,general
7805,7,29,22.0,244.0,6,63,fast
7806,7,30,26.0,244.0,5,62,bulk
7807,7,31,30.0,244.0,4,56,bulk
7808,8,32,2.0,244.0,4,60,fast
7809,8,33,6.0,244.0,4,64,general
7810,8,34,10.0,244.0,6,60,general
7811,8,35,14.0,244.0,6,62,general
7812,9,36,18.0,244.0,5,62,general
7813,9,37,22.0,244.0,5,59,fragile
7814,9,38,26.0,244.0,5,63,bulk
7815,9,39,30.0,244.0,4,60,general
7816,10,40,2.0,244.0,6,66,fast
7817,10,41,6.0,244.0,4,68,fragile
7818,10,42,10.0,244.0,4,54,fast
7819,10,43,14.0,244.0,6,57,general
7820,11,44,18.0,244.0,4,68,general
7821,11,45,22.0,244.0,4,58,general
7822,11,46,26.0,244.0,4,63,general
7823,11,47,30.0,244.0,5,57,fast
7824,0,0,2.0,245.5,5,54,fragile
7825,0,1,6.0,245.5,4,52,bulk
7826,0,2,10.0,245.5,6,63,general
7827,0,3,14.0,245.5,4,53,fast
7828,1,4,18.0,245.5,5,64,fast
7829,1,5,22.0,245.5,6,52,fragile
7830,1,6,26.0,245.5,4,62,general
7831,1,7,30.0,245.5,6,63,general
7832,2,8,2.0,245.5,4,66,general
7833,2,9,6.0,245.5,4,57,fast
7834,2,10,10.0,245.5,6,54,general
7835,2,11,14.0,245.5,4,59,general
7836,3,12,18.0,245.5,5,62,fast
7837,3,13,22.0,245.5,4,67,general
7838,3,14,26.0,245.5,5,53,general
7839,3,15,30.0,245.5,5,59,general
7840,4,16,2.0,245.5,4,55,general
7841,4,17,6.0,245.5,5,66,bulk
7842,4,18,10.0,245.5,5,62,general
7843,4,19,14.0,245.5,6,60,fragile
7844,5,20,18.0,245.5,6,67,fast
7845,5,21,22.0,245.5,4,59,fragile
7846,5,22,26.0,245.5,5,55,fast
7847,5,23,30.0,245.5,5,57,bulk
7848,6,24,2.0,245.5,4,66,fast
7849,6,25,6.0,245.5,4,66,general
7850,6,26,10.0,245.5,5,59,general
7851,6,27,14.0,245.5,4,58,fragile
7852,7,28,18.0,245.5,6,63,general
7853,7,29,22.0,245.5,4,64,general
7854,7,30,26.0,245.5,5,54,fast
7855,7,31,30.0,245.5,4,53,general
7856,8,32,2.0,245.5,4,60,fast
7857,8,33,6.0,245.5,5,55,general
7858,8,34,10.0,245.5,5,57,fast
7859,8,35,14.0,245.5,5,68,general
7860,9,36,18.0,245.5,4,60,bulk
7861,9,37,22.0,245.5,4,69,fast
7862,9,38,26.0,245.5,6,57,fast
7863,9,39,30.0,245.5,6,59,fast
7864,10,40,2.0,245.5,6,63,general
7865,10,41,6.0,245.5,6,68,bulk
7866,10,42,10.0,245.5,5,65,fragile
7867,10,43,14.0,245.5,5,62,general
7868,11,44,18.0,245.5,6,67,bulk
7869,11,45,22.0,245.5,4,68,general
7870,11,46,26.0,245.5,4,56,general
7871,11,47,30.0,245.5,5,66,fast
7872,0,0,2.0,247.0,4,62,general
7873,0,1,6.0,247.0,5,69,bulk
7874,0,2,10.0,247.0,5,60,general
7875,0,3,14.0,247.0,4,61,fast
7876,1,4,18.0,247.0,5,53,fragile
7877,1,5,22.0,247.0,4,68,bulk
7878,1,6,26.0,247.0,4,56,general
7879,1,7,30.0,247.0,4,57,general
7880,2,8,2.0,247.0,4,65,general
7881,2,9,6.0,247.0,4,67,general
7882,2,10,10.0,247.0,5,62,fast
7883,2,11,14.0,247.0,5,62,general
7884,3,12,18.0,247.0,4,52,fast
7885,3,13,22.0,247.0,6,67,general
7886,3,14,26.0,247.0,4,58,general
7887,3,15,30.0,247.0,5,64,general
7888,4,16,2.0,247.0,4,66,fast
7889,4,17,6.0,247.0,6,57,general
7890,4,18,10.0,247.0,5,62,bulk
7891,4,19,14.0,247.0,6,65,general
7892,5,20,18.0,247.0,4,61,general
7893,5,21,22.0,247.0,5,59,fast
7894,5,22,26.0,247.0,4,54,fast
7895,5,23,30.0,247.0,5,52,general
7896,6,24,2.0,247.0,6,68,general
7897,6,25,6.0,247.0,4,69,fragile
7898,6,26,10.0,247.0,4,67,fragile
7899,6,27,14.0,247.0,6,69,general
7900,7,28,18.0,247.0,5,59,bulk
7901,7,29,22.0,247.0,4,52,fast
7902,7,30,26.0,247.0,6,59,general
7903,7,31,30.0,247.0,4,52,general
7904,8,32,2.0,247.0,4,62,bulk
7905,8,33,6.0,247.0,5,54,fast
7906,8,34,10.0,247.0,6,66,bulk
7907,8,35,14.0,247.0,6,63,general
7908,9,36,18.0,247.0,4,62,general
7909,9,37,22.0,247.0,6,58,general
7910,9,38,26.0,247.0,5,63,general
7911,9,39,30.0,247.0,5,60,fast
7912,10,40,2.0,247.0,5,68,bulk
7913,10,41,6.0,247.0,6,54,general
7914,10,42,10.0,247.0,4,65,fast
7915,10,43,14.0,247.0,6,57,general
7916,11,44,18.0,247.0,5,57,general
7917,11,45,22.0,247.0,5,69,fast
7918,11,46,26.0,247.0,5,68,general
7919,11,47,30.0,247.0,5,59,general
7920,0,0,2.0,248.5,4,66,general
7921,0,1,6.0,248.5,4,65,fast
7922,0,2,10.0,248.5,6,68,general
7923,0,3,14.0,248.5,6,63,fast
7924,1,4,18.0,248.5,4,65,general
7925,1,5,22.0,248.5,4,69,fragile
7926,1,6,26.0,248.5,6,52,fast
7927,1,7,30.0,248.5,4,53,bulk
7928,2,8,2.0,248.5,6,54,fragile
7929,2,9,6.0,248.5,5,53,bulk
7930,2,10,10.0,248.5,6,58,fast
7931,2,11,14.0,248.5,5,66,bulk
7932,3,12,18.0,248.5,5,67,general
7933,3,13,22.0,248.5,6,55,general
7934,3,14,26.0,248.5,6,62,general
7935,3,15,30.0,248.5,4,54,general
7936,4,16,2.0,248.5,5,69,fast
7937,4,17,6.0,248.5,5,60,bulk
7938,4,18,10.0,248.5,4,64,fast
7939,4,19,14.0,248.5,5,61,general
7940,5,20,18.0,248.5,4,67,fast
7941,5,21,22.0,248.5,5,57,general
7942,5,22,26.0,248.5,5,61,bulk
7943,5,23,30.0,248.5,5,63,fragile
7944,6,24,2.0,248.5,4,67,fragile
7945,6,25,6.0,248.5,5,66,general
7946,6,26,10.0,248.5,5,59,fragile
7947,6,27,14.0,248.5,6,52,fragile
7948,7,28,18.0,248.5,6,67,bulk
7949,7,29,22.0,248.5,5,66,general
7950,7,30,26.0,248.5,5,58,general
7951,7,31,30.0,248.5,4,67,general
7952,8,32,2.0,248.5,5,62,fragile
7953,8,33,6.0,248.5,4,64,fragile
7954,8,34,10.0,248.5,5,60,general
7955,8,35,14.0,248.5,4,64,general
7956,9,36,18.0,248.5,5,64,fragile
7957,9,37,22.0,248.5,6,55,fragile
7958,9,38,26.0,248.5,5,55,general
7959,9,39,30.0,248.5,4,69,fast
7960,10,40,2.0,248.5,5,64,fast
7961,10,41,6.0,248.5,5,69,general
7962,10,42,10.0,248.5,4,68,general
7963,10,43,14.0,248.5,5,59,fragile
7964,11,44,18.0,248.5,4,52,general
7965,11,45,22.0,248.5,4,61,fragile
7966,11,46,26.0,248.5,6,56,bulk
7967,11,47,30.0,248.5,5,66,general
7968,0,0,2.0,250.0,5,66,fast
7969,0,1,6.0,250.0,5,66,general
7970,0,2,10.0,250.0,6,56,general
7971,0,3,14.0,250.0,4,64,fragile
7972,1,4,18.0,250.0,6,63,general
7973,1,5,22.0,250.0,4,56,fast
7974,1,6,26.0,250.0,6,60,bulk
7975,1,7,30.0,250.0,6,52,general
7976,2,8,2.0,250.0,4,64,fast
7977,2,9,6.0,250.0,5,68,general
7978,2,10,10.0,250.0,5,53,general
7979,2,11,14.0,250.0,5,56,bulk
7980,3,12,18.0,250.0,4,54,fragile
7981,3,13,22.0,250.0,4,56,fast
7982,3,14,26.0,250.0,4,61,bulk
7983,3,15,30.0,250.0,4,60,general
7984,4,16,2.0,250.0,6,61,general
7985,4,17,6.0,250.0,5,60,fast
7986,4,18,10.0,250.0,5,62,fast
7987,4,19,14.0,250.0,5,65,general
7988,5,20,18.0,250.0,5,67,fragile
7989,5,21,22.0,250.0,4,55,fast
7990,5,22,26.0,250.0,6,67,fast
7991,5,23,30.0,250.0,6,66,bulk
7992,6,24,2.0,250.0,5,66,general
7993,6,25,6.0,250.0,4,66,general
7994,6,26,10.0,250.0,6,58,fast
7995,6,27,14.0,250.0,5,56,bulk
7996,7,28,18.0,250.0,5,58,fast
7997,7,29,22.0,250.0,5,61,general
7998,7,30,26.0,250.0,5,68,general
7999,7,31,30.0,250.0,4,68,general
8000,8,32,2.0,250.0,4,53,general
8001,8,33,6.0,250.0,6,60,fast
8002,8,34,10.0,250.0,5,63,general
8003,8,35,14.0,250.0,4,57,fragile
8004,9,36,18.0,250.0,6,66,fast
8005,9,37,22.0,250.0,6,60,fast
8006,9,38,26.0,250.0,5,69,fragile
8007,9,39,30.0,250.0,4,67,fragile
8008,10,40,2.0,250.0,6,54,general
8009,10,41,6.0,250.0,6,55,fragile
8010,10,42,10.0,250.0,5,53,general
8011,10,43,14.0,250.0,6,62,general
8012,11,44,18.0,250.0,5,64,general
8013,11,45,22.0,250.0,5,66,fragile
8014,11,46,26.0,250.0,5,61,general
8015,11,47,30.0,250.0,5,64,general
8016,0,0,2.0,251.5,4,62,fast
8017,0,1,6.0,251.5,5,52,general
8018,0,2,10.0,251.5,5,54,general
8019,0,3,14.0,251.5,4,55,fast
8020,1,4,18.0,251.5,5,53,fragile
8021,1,5,22.0,251.5,6,62,fast
8022,1,6,26.0,251.5,5,65,fast
8023,1,7,30.0,251.5,6,61,fragile
8024,2,8,2.0,251.5,6,67,general
8025,2,9,6.0,251.5,6,52,bulk
8026,2,10,10.0,251.5,5,63,fragile
8027,2,11,14.0,251.5,6,61,fast
8028,3,12,18.0,251.5,5,58,general
8029,3,13,22.0,251.5,4,57,bulk
8030,3,14,26.0,251.5,6,54,fast
8031,3,15,30.0,251.5,4,56,fragile
8032,4,16,2.0,251.5,5,65,fragile
8033,4,17,6.0,251.5,5,52,fast
8034,4,18,10.0,251.5,6,65,bulk
8035,4,19,14.0,251.5,5,62,general
8036,5,20,18.0,251.5,6,61,bulk
8037,5,21,22.0,251.5,4,53,bulk
8038,5,22,26.0,251.5,4,69,fast
8039,5,23,30.0,251.5,6,65,fast
8040,6,24,2.0,251.5,4,67,general
8041,6,25,6.0,251.5,5,53,general
8042,6,26,10.0,251.5,6,62,general
8043,6,27,14.0,251.5,5,54,fast
8044,7,28,18.0,251.5,4,56,fast
8045,7,29,22.0,251.5,5,68,fragile
8046,7,30,26.0,251.5,4,58,bulk
8047,7,31,30.0,251.5,6,63,fragile
8048,8,32,2.0,251.5,5,61,general
8049,8,33,6.0,251.5,6,61,general
8050,8,34,10.0,251.5,5,52,general
8051,8,35,14.0,251.5,4,62,bulk
8052,9,36,18.0,251.5,5,64,fast
8053,9,37,22.0,251.5,6,57,general
8054,9,38,26.0,251.5,5,52,general
8055,9,39,30.0,251.5,6,58,general
8056,10,40,2.0,251.5,4,55,general
8057,10,41,6.0,251.5,4,65,general
8058,10,42,10.0,251.5,5,58,fast
8059,10,43,14.0,251.5,4,58,general
8060,11,44,18.0,251.5,4,63,fast
8061,11,45,22.0,251.5,4,62,general
8062,11,46,26.0,251.5,6,56,bulk
8063,11,47,30.0,251.5,5,64,fragile
8064,0,0,2.0,253.0,4,60,general
8065,0,1,6.0,253.0,5,58,general
8066,0,2,10.0,253.0,5,59,general
8067,0,3,14.0,253.0,5,63,general
8068,1,4,18.0,253.0,5,55,fast
8069,1,5,22.0,253.0,4,58,general
8070,1,6,26.0,253.0,6,62,bulk
8071,1,7,30.0,253.0,4,52,general
8072,2,8,2.0,253.0,5,66,general
8073,2,9,6.0,253.0,4,55,general
8074,2,10,10.0,253.0,5,56,fragile
8075,2,11,14.0,253.0,6,68,fast
8076,3,12,18.0,253.0,4,68,general
8077,3,13,22.0,253.0,5,58,general
8078,3,14,26.0,253.0,5,56,general
8079,3,15,30.0,253.0,4,61,general
8080,4,16,2.0,253.0,4,58,general
8081,4,17,6.0,253.0,5,66,fast
8082,4,18,10.0,253.0,6,59,general
8083,4,19,14.0,253.0,4,66,fast
8084,5,20,18.0,253.0,6,61,bulk
8085,5,21,22.0,253.0,6,65,general
8086,5,22,26.0,253.0,4,67,fast
8087,5,23,30.0,253.0,5,57,general
8088,6,24,2.0,253.0,4,60,general
8089,6,25,6.0,253.0,5,63,general
8090,6,26,10.0,253.0,6,53,general
8091,6,27,14.0,253.0,4,65,bulk
8092,7,28,18.0,253.0,4,59,fragile
8093,7,29,22.0,253.0,6,62,fast
8094,7,30,26.0,253.0,4,60,general
8095,7,31,30.0,253.0,6,58,fast
8096,8,32,2.0,253.0,6,54,general
8097,8,33,6.0,253.0,5,64,fast
8098,8,34,10.0,253.0,4,52,fast
8099,8,35,14.0,253.0,6,57,fast
8100,9,36,18.0,253.0,4,54,fast
8101,9,37,22.0,253.0,4,62,general
8102,9,38,26.0,253.0,5,63,general
8103,9,39,30.0,253.0,4,64,general
8104,10,40,2.0,253.0,4,60,general
8105,10,41,6.0,253.0,4,61,general
8106,10,42,10.0,253.0,4,64,fragile
8107,10,43,14.0,253.0,6,66,general
8108,11,44,18.0,253.0,5,60,fragile
8109,11,45,22.0,253.0,6,58,fast
8110,11,46,26.0,253.0,4,63,fast
8111,11,47,30.0,253.0,4,62,fast
8112,0,0,2.0,254.5,6,62,bulk
8113,0,1,6.0,254.5,5,59,fragile
8114,0,2,10.0,254.5,6,52,general
8115,0,3,14.0,254.5,5,69,general
8116,1,4,18.0,254.5,6,55,general
8117,1,5,22.0,254.5,4,55,fragile
8118,1,6,26.0,254.5,5,64,fragile
8119,1,7,30.0,254.5,6,58,general
8120,2,8,2.0,254.5,6,69,fast
8121,2,9,6.0,254.5,5,64,general
8122,2,10,10.0,254.5,4,52,fast
8123,2,11,14.0,254.5,6,66,general
8124,3,12,18.0,254.5,4,62,bulk
8125,3,13,22.0,254.5,5,66,fragile
8126,3,14,26.0,254.5,4,67,general
8127,3,15,30.0,254.5,5,56,general
8128,4,16,2.0,254.5,6,53,fast
8129,4,17,6.0,254.5,6,64,fast
8130,4,18,10.0,254.5,5,63,general
8131,4,19,14.0,254.5,6,52,fast
8132,5,20,18.0,254.5,6,55,general
8133,5,21,22.0,254.5,6,64,fragile
8134,5,22,26.0,254.5,5,58,bulk
8135,5,23,30.0,254.5,6,60,general
8136,6,24,2.0,254.5,4,62,fragile
8137,6,25,6.0,254.5,6,65,general
8138,6,26,10.0,254.5,4,53,fragile
8139,6,27,14.0,254.5,5,54,bulk
8140,7,28,18.0,254.5,5,68,general
8141,7,29,22.0,254.5,6,58,bulk
8142,7,30,26.0,254.5,4,69,general
8143,7,31,30.0,254.5,4,65,general
8144,8,32,2.0,254.5,6,56,general
8145,8,33,6.0,254.5,5,53,general
8146,8,34,10.0,254.5,6,61,bulk
8147,8,35,14.0,254.5,6,66,fast
8148,9,36,18.0,254.5,6,52,bulk
8149,9,37,22.0,254.5,4,56,general
8150,9,38,26.0,254.5,4,63,fragile
8151,9,39,30.0,254.5,4,69,general
8152,10,40,2.0,254.5,6,67,general
8153,10,41,6.0,254.5,5,66,general
8154,10,42,10.0,254.5,6,52,general
8155,10,43,14.0,254.5,6,65,fast
8156,11,44,18.0,254.5,4,66,bulk
8157,11,45,22.0,254.5,5,53,general
8158,11,46,26.0,254.5,4,54,general
8159,11,47,30.0,254.5,5,58,general
8160,0,0,2.0,256.0,4,54,general
8161,0,1,6.0,256.0,4,64,general
8162,0,2,10.0,256.0,4,65,fragile
8163,0,3,14.0,256.0,6,55,bulk
8164,1,4,18.0,256.0,4,63,fragile
8165,1,5,22.0,256.0,6,67,fast
8166,1,6,26.0,256.0,4,67,general
8167,1,7,30.0,256.0,5,69,fragile
8168,2,8,2.0,256.0,4,64,bulk
8169,2,9,6.0,256.0,5,53,fast
8170,2,10,10.0,256.0,4,64,fragile
8171,2,11,14.0,256.0,5,64,general
8172,3,12,18.0,256.0,6,62,fragile
8173,3,13,22.0,256.0,6,68,fragile
8174,3,14,26.0,256.0,6,67,general
8175,3,15,30.0,256.0,5,55,general
8176,4,16,2.0,256.0,4,68,fast
8177,4,17,6.0,256.0,6,57,fast
8178,4,18,10.0,256.0,4,55,fragile
8179,4,19,14.0,256.0,4,63,fast
8180,5,20,18.0,256.0,4,58,fragile
8181,5,21,22.0,256.0,4,64,fragile
8182,5,22,26.0,256.0,4,62,general
8183,5,23,30.0,256.0,6,65,fragile
8184,6,24,2.0,256.0,5,64,general
8185,6,25,6.0,256.0,5,59,fast
8186,6,26,10.0,256.0,6,53,general
8187,6,27,14.0,256.0,4,57,fast
8188,7,28,18.0,256.0,6,65,bulk
8189,7,29,22.0,256.0,4,69,fragile
8190,7,30,26.0,256.0,4,62,fragile
8191,7,31,30.0,256.0,6,54,general
8192,8,32,2.0,256.0,5,57,fast
8193,8,33,6.0,256.0,6,61,general
8194,8,34,10.0,256.0,6,53,fragile
8195,8,35,14.0,256.0,6,62,fragile
8196,9,36,18.0,256.0,5,65,general
8197,9,37,22.0,256.0,6,63,general
8198,9,38,26.0,256.0,4,68,fast
8199,9,39,30.0,256.0,6,69,fast
8200,10,40,2.0,256.0,6,69,general
8201,10,41,6.0,256.0,4,64,general
8202,10,42,10.0,256.0,5,68,fast
8203,10,43,14.0,256.0,5,67,fragile
8204,11,44,18.0,256.0,4,52,general
8205,11,45,22.0,256.0,6,63,general
8206,11,46,26.0,256.0,4,69,general
8207,11,47,30.0,256.0,6,56,general
8208,0,0,2.0,257.5,6,56,general
8209,0,1,6.0,257.5,5,56,bulk
8210,0,2,10.0,257.5,5,57,bulk
8211,0,3,14.0,257.5,5,69,general
8212,1,4,18.0,257.5,4,61,fragile
8213,1,5,22.0,257.5,6,63,general
8214,1,6,26.0,257.5,5,68,general
8215,1,7,30.0,257.5,6,55,fast
8216,2,8,2.0,257.5,6,60,fast
8217,2,9,6.0,257.5,4,59,general
8218,2,10,10.0,257.5,6,56,fast
8219,2,11,14.0,257.5,4,66,fast
8220,3,12,18.0,257.5,4,52,general
8221,3,13,22.0,257.5,5,62,general
8222,3,14,26.0,257.5,6,56,fragile
8223,3,15,30.0,257.5,6,56,fragile
8224,4,16,2.0,257.5,4,64,fast
8225,4,17,6.0,257.5,5,66,general
8226,4,18,10.0,257.5,4,55,fragile
8227,4,19,14.0,257.5,5,56,general
8228,5,20,18.0,257.5,5,61,general
8229,5,21,22.0,257.5,5,59,general
8230,5,22,26.0,257.5,5,56,fragile
8231,5,23,30.0,257.5,6,54,general
8232,6,24,2.0,257.5,6,55,general
8233,6,25,6.0,257.5,4,57,fast
8234,6,26,10.0,257.5,4,56,general
8235,6,27,14.0,257.5,4,66,general
8236,7,28,18.0,257.5,5,58,general
8237,7,29,22.0,257.5,6,65,bulk
8238,7,30,26.0,257.5,5,66,general
8239,7,31,30.0,257.5,4,67,fast
8240,8,32,2.0,257.5,4,61,fragile
8241,8,33,6.0,257.5,6,54,general
8242,8,34,10.0,257.5,6,69,fast
8243,8,35,14.0,257.5,4,60,general
8244,9,36,18.0,257.5,6,57,general
8245,9,37,22.0,257.5,4,55,fast
8246,9,38,26.0,257.5,4,54,general
8247,9,39,30.0,257.5,5,55,bulk
8248,10,40,2.0,257.5,4,56,general
8249,10,41,6.0,257.5,4,59,bulk
8250,10,42,10.0,257.5,4,64,bulk
8251,10,43,14.0,257.5,6,53,fast
8252,11,44,18.0,257.5,6,56,general
8253,11,45,22.0,257.5,5,53,fast
8254,11,46,26.0,257.5,5,66,general
8255,11,47,30.0,257.5,4,61,fragile
8256,0,0,2.0,259.0,6,52,bulk
8257,0,1,6.0,259.0,4,59,fast
8258,0,2,10.0,259.0,4,53,fast
8259,0,3,14.0,259.0,6,64,general
8260,1,4,18.0,259.0,6,53,fragile
8261,1,5,22.0,259.0,6,60,fragile
8262,1,6,26.0,259.0,4,67,general
8263,1,7,30.0,259.0,5,59,fast
8264,2,8,2.0,259.0,6,64,general
8265,2,9,6.0,259.0,6,63,fragile
8266,2,10,10.0,259.0,6,54,bulk
8267,2,11,14.0,259.0,5,67,fast
8268,3,12,18.0,259.0,5,55,bulk
8269,3,13,22.0,259.0,4,64,fast
8270,3,14,26.0,259.0,5,61,fragile
8271,3,15,30.0,259.0,4,69,general
8272,4,16,2.0,259.0,6,57,general
8273,4,17,6.0,259.0,6,65,fast
8274,4,18,10.0,259.0,6,54,fast
8275,4,19,14.0,259.0,6,62,bulk
8276,5,20,18.0,259.0,5,67,general
8277,5,21,22.0,259.0,5,58,fragile
8278,5,22,26.0,259.0,4,58,general
8279,5,23,30.0,259.0,5,57,bulk
8280,6,24,2.0,259.0,6,64,general
8281,6,25,6.0,259.0,5,57,general
8282,6,26,10.0,259.0,6,65,fragile
8283,6,27,14.0,259.0,4,54,fragile
8284,7,28,18.0,259.0,5,54,bulk
8285,7,29,22.0,259.0,5,62,general
8286,7,30,26.0,259.0,5,53,general
8287,7,31,30.0,259.0,5,52,general
8288,8,32,2.0,259.0,5,68,general
8289,8,33,6.0,259.0,4,60,fast
8290,8,34,10.0,259.0,5,56,fast
8291,8,35,14.0,259.0,5,54,fragile
8292,9,36,18.0,259.0,5,61,fast
8293,9,37,22.0,259.0,5,54,fragile
8294,9,38,26.0,259.0,5,64,fast
8295,9,39,30.0,259.0,4,54,general
8296,10,40,2.0,259.0,4,54,general
8297,10,41,6.0,259.0,6,66,general
8298,10,42,10.0,259.0,6,58,general
8299,10,43,14.0,259.0,5,55,general
8300,11,44,18.0,259.0,4,65,fragile
8301,11,45,22.0,259.0,5,67,fast
8302,11,46,26.0,259.0,5,57,general
8303,11,47,30.0,259.0,5,67,general
8304,0,0,2.0,260.5,6,64,fragile
8305,0,1,6.0,260.5,4,57,bulk
8306,0,2,10.0,260.5,4,65,fast
8307,0,3,14.0,260.5,5,59,fragile
8308,1,4,18.0,260.5,6,54,bulk
8309,1,5,22.0,260.5,5,61,fast
8310,1,6,26.0,260.5,5,53,general
8311,1,7,30.0,260.5,4,56,general
8312,2,8,2.0,260.5,6,55,fast
8313,2,9,6.0,260.5,5,61,fragile
8314,2,10,10.0,260.5,4,61,fast
8315,2,11,14.0,260.5,5,68,fragile
8316,3,12,18.0,260.5,6,62,bulk
8317,3,13,22.0,260.5,5,59,general
8318,3,14,26.0,260.5,4,68,general
8319,3,15,30.0,260.5,6,68,general
8320,4,16,2.0,260.5,6,55,fragile
8321,4,17,6.0,260.5,5,57,fragile
8322,4,18,10.0,260.5,4,62,fast
8323,4,19,14.0,260.5,6,69,general
8324,5,20,18.0,260.5,4,59,general
8325,5,21,22.0,260.5,5,65,fragile
8326,5,22,26.0,260.5,4,53,fast
8327,5,23,30.0,260.5,5,68,fragile
8328,6,24,2.0,260.5,4,55,general
8329,6,25,6.0,260.5,6,52,fast
8330,6,26,10.0,260.5,4,54,fast
8331,6,27,14.0,260.5,5,60,general
8332,7,28,18.0,260.5,6,66,fragile
8333,7,29,22.0,260.5,6,61,general
8334,7,30,26.0,260.5,6,67,fast
8335,7,31,30.0,260.5,6,67,fragile
8336,8,32,2.0,260.5,5,67,general
8337,8,33,6.0,260.5,6,66,general
8338,8,34,10.0,260.5,4,69,general
8339,8,35,14.0,260.5,6,62,general
8340,9,36,18.0,260.5,4,52,fast
8341,9,37,22.0,260.5,6,67,general
8342,9,38,26.0,260.5,6,55,fast
8343,9,39,30.0,260.5,5,65,fast
8344,10,40,2.0,260.5,6,58,general
8345,10,41,6.0,260.5,6,54,fragile
8346,10,42,10.0,260.5,5,64,general
8347,10,43,14.0,260.5,6,66,general
8348,11,44,18.0,260.5,6,67,fast
8349,11,45,22.0,260.5,4,54,general
8350,11,46,26.0,260.5,6,64,general
8351,11,47,30.0,260.5,4,58,general
8352,0,0,2.0,262.0,6,52,general
8353,0,1,6.0,262.0,4,64,fast
8354,0,2,10.0,262.0,4,59,fast
8355,0,3,14.0,262.0,4,64,fast
8356,1,4,18.0,262.0,5,53,fragile
8357,1,5,22.0,262.0,5,66,fragile
8358,1,6,26.0,262.0,4,64,fragile
8359,1,7,30.0,262.0,4,66,bulk
8360,2,8,2.0,262.0,4,57,general
8361,2,9,6.0,262.0,4,68,fragile
8362,2,10,10.0,262.0,6,56,fast
8363,2,11,14.0,262.0,5,60,general
8364,3,12,18.0,262.0,6,67,general
8365,3,13,22.0,262.0,4,64,general
8366,3,14,26.0,262.0,6,68,fast
8367,3,15,30.0,262.0,5,69,fast
8368,4,16,2.0,262.0,6,69,fragile
8369,4,17,6.0,262.0,6,57,bulk
8370,4,18,10.0,262.0,6,57,fragile
8371,4,19,14.0,262.0,4,56,general
8372,5,20,18.0,262.0,4,66,bulk
8373,5,21,22.0,262.0,4,56,general
8374,5,22,26.0,262.0,6,67,general
8375,5,23,30.0,262.0,6,64,general
8376,6,24,2.0,262.0,5,65,general
8377,6,25,6.0,262.0,4,55,general
8378,6,26,10.0,262.0,5,53,general
8379,6,27,14.0,262.0,6,65,fragile
8380,7,28,18.0,262.0,6,64,fast
8381,7,29,22.0,262.0,5,59,general
8382,7,30,26.0,262.0,4,68,fast
8383,7,31,30.0,262.0,4,69,fragile
8384,8,32,2.0,262.0,6,52,general
8385,8,33,6.0,262.0,6,60,general
8386,8,34,10.0,262.0,4,55,general
8387,8,35,14.0,262.0,6,53,bulk
8388,9,36,18.0,262.0,5,69,fragile
8389,9,37,22.0,262.0,5,56,fast
8390,9,38,26.0,262.0,4,54,fragile
8391,9,39,30.0,262.0,6,64,fast
8392,10,40,2.0,262.0,5,53,fast
8393,10,41,6.0,262.0,4,56,fast
8394,10,42,10.0,262.0,5,68,bulk
8395,10,43,14.0,262.0,6,57,bulk
8396,11,44,18.0,262.0,5,60,general
8397,11,45,22.0,262.0,5,55,general
8398,11,46,26.0,262.0,4,62,general
8399,11,47,30.0,262.0,4,67,fast
8400,0,0,2.0,263.5,4,63,fast
8401,0,1,6.0,263.5,6,61,general
8402,0,2,10.0,263.5,6,53,general
8403,0,3,14.0,263.5,5,65,fast
8404,1,4,18.0,263.5,6,67,general
8405,1,5,22.0,263.5,4,68,fragile
8406,1,6,26.0,263.5,4,66,fragile
8407,1,7,30.0,263.5,6,64,general
8408,2,8,2.0,263.5,4,61,general
8409,2,9,6.0,263.5,5,66,fast
8410,2,10,10.0,263.5,4,55,general
8411,2,11,14.0,263.5,5,54,fast
8412,3,12,18.0,263.5,6,53,fast
8413,3,13,22.0,263.5,6,61,general
8414,3,14,26.0,263.5,4,65,general
8415,3,15,30.0,263.5,5,68,general
8416,4,16,2.0,263.5,5,64,fragile
8417,4,17,6.0,263.5,6,57,fast
8418,4,18,10.0,263.5,5,54,fast
8419,4,19,14.0,263.5,6,55,fast
8420,5,20,18.0,263.5,4,66,general
8421,5,21,22.0,263.5,6,62,fast
8422,5,22,26.0,263.5,5,61,general
8423,5,23,30.0,263.5,4,68,general
8424,6,24,2.0,263.5,5,53,fast
8425,6,25,6.0,263.5,5,53,general
8426,6,26,10.0,263.5,5,58,general
8427,6,27,14.0,263.5,5,65,general
8428,7,28,18.0,263.5,5,65,general
8429,7,29,22.0,263.5,5,67,general
8430,7,30,26.0,263.5,4,68,bulk
8431,7,31,30.0,263.5,4,67,fast
8432,8,32,2.0,263.5,5,53,general
8433,8,33,6.0,263.5,4,59,fragile
8434,8,34,10.0,263.5,4,66,fast
8435,8,35,14.0,263.5,6,69,bulk
8436,9,36,18.0,263.5,4,61,general
8437,9,37,22.0,263.5,6,68,fast
8438,9,38,26.0,263.5,6,61,fast
8439,9,39,30.0,263.5,4,54,fast
8440,10,40,2.0,263.5,6,69,general
8441,10,41,6.0,263.5,6,63,bulk
8442,10,42,10.0,263.5,5,64,general
8443,10,43,14.0,263.5,5,57,fast
8444,11,44,18.0,263.5,5,59,general
8445,11,45,22.0,263.5,6,57,bulk
8446,11,46,26.0,263.5,5,63,fast
8447,11,47,30.0,263.5,5,57,general
8448,0,0,2.0,265.0,5,66,general
8449,0,1,6.0,265.0,4,56,fragile
8450,0,2,10.0,265.0,5,54,bulk
8451,0,3,14.0,265.0,4,64,general
8452,1,4,18.0,265.0,4,57,bulk
8453,1,5,22.0,265.0,4,58,fragile
8454,1,6,26.0,265.0,4,66,general
8455,1,7,30.0,265.0,4,60,fast
8456,2,8,2.0,265.0,4,69,general
8457,2,9,6.0,265.0,5,64,fast
8458,2,10,10.0,265.0,4,61,fast
8459,2,11,14.0,265.0,4,56,fragile
8460,3,12,18.0,265.0,6,61,general
8461,3,13,22.0,265.0,5,52,fast
8462,3,14,26.0,265.0,5,69,bulk
8463,3,15,30.0,265.0,4,64,fragile
8464,4,16,2.0,265.0,6,53,bulk
8465,4,17,6.0,265.0,5,58,general
8466,4,18,10.0,265.0,5,55,fast
8467,4,19,14.0,265.0,5,52,fast
8468,5,20,18.0,265.0,6,67,fast
8469,5,21,22.0,265.0,5,56,bulk
8470,5,22,26.0,265.0,4,69,general
8471,5,23,30.0,265.0,4,56,general
8472,6,24,2.0,265.0,5,59,fragile
8473,6,25,6.0,265.0,6,66,general
8474,6,26,10.0,265.0,6,61,general
8475,6,27,14.0,265.0,6,53,general
8476,7,28,18.0,265.0,6,59,general
8477,7,29,22.0,265.0,5,61,fragile
8478,7,30,26.0,265.0,5,53,general
8479,7,31,30.0,265.0,6,66,general
8480,8,32,2.0,265.0,4,53,general
8481,8,33,6.0,265.0,6,65,fragile
8482,8,34,10.0,265.0,6,59,fragile
8483,8,35,14.0,265.0,5,58,general
8484,9,36,18.0,265.0,5,55,fast
8485,9,37,22.0,265.0,6,68,fast
8486,9,38,26.0,265.0,4,67,fast
8487,9,39,30.0,265.0,6,66,general
8488,10,40,2.0,265.0,5,63,general
8489,10,41,6.0,265.0,5,53,general
8490,10,42,10.0,265.0,6,66,fast
8491,10,43,14.0,265.0,6,68,general
8492,11,44,18.0,265.0,5,57,fast
8493,11,45,22.0,265.0,4,68,fast
8494,11,46,26.0,265.0,6,68,general
8495,11,47,30.0,265.0,5,66,general
8496,0,0,2.0,266.5,5,52,fast
8497,0,1,6.0,266.5,5,65,general
8498,0,2,10.0,266.5,5,67,fast
8499,0,3,14.0,266.5,5,54,fast
8500,1,4,18.0,266.5,5,56,fragile
8501,1,5,22.0,266.5,4,61,general
8502,1,6,26.0,266.5,4,68,general
8503,1,7,30.0,266.5,6,54,general
8504,2,8,2.0,266.5,6,59,general
8505,2,9,6.0,266.5,4,56,bulk
8506,2,10,10.0,266.5,4,69,fast
8507,2,11,14.0,266.5,4,63,general
8508,3,12,18.0,266.5,4,58,bulk
8509,3,13,22.0,266.5,6,65,fast
8510,3,14,26.0,266.5,4,63,general
8511,3,15,30.0,266.5,6,57,general
8512,4,16,2.0,266.5,4,66,general
8513,4,17,6.0,266.5,5,54,fast
8514,4,18,10.0,266.5,5,58,fragile
8515,4,19,14.0,266.5,5,69,fast
8516,5,20,18.0,266.5,6,67,general
8517,5,21,22.0,266.5,6,55,general
8518,5,22,26.0,266.5,5,63,general
8519,5,23,30.0,266.5,6,52,bulk
8520,6,24,2.0,266.5,5,59,bulk
8521,6,25,6.0,266.5,4,55,fast
8522,6,26,10.0,266.5,5,59,fast
8523,6,27,14.0,266.5,6,55,fragile
8524,7,28,18.0,266.5,5,57,fast
8525,7,29,22.0,266.5,5,63,fast
8526,7,30,26.0,266.5,4,56,general
8527,7,31,30.0,266.5,6,67,general
8528,8,32,2.0,266.5,6,55,general
8529,8,33,6.0,266.5,5,62,general
8530,8,34,10.0,266.5,6,57,fast
8531,8,35,14.0,266.5,4,67,fast
8532,9,36,18.0,266.5,6,54,general
8533,9,37,22.0,266.5,6,63,fast
8534,9,38,26.0,266.5,5,52,general
8535,9,39,30.0,266.5,6,53,general
8536,10,40,2.0,266.5,4,62,general
8537,10,41,6.0,266.5,4,58,general
8538,10,42,10.0,266.5,5,52,fast
8539,10,43,14.0,266.5,4,69,fragile
8540,11,44,18.0,266.5,5,57,fast
8541,11,45,22.0,266.5,4,60,fragile
8542,11,46,26.0,266.5,6,57,fragile
8543,11,47,30.0,266.5,5,54,general
8544,0,0,2.0,268.0,5,63,general
8545,0,1,6.0,268.0,4,53,fast
8546,0,2,10.0,268.0,6,63,bulk
8547,0,3,14.0,268.0,6,63,bulk
8548,1,4,18.0,268.0,6,66,bulk
8549,1,5,22.0,268.0,5,67,fast
8550,1,6,26.0,268.0,5,69,bulk
8551,1,7,30.0,268.0,5,64,fast
8552,2,8,2.0,268.0,6,56,general
8553,2,9,6.0,268.0,5,68,fragile
8554,2,10,10.0,268.0,5,62,general
8555,2,11,14.0,268.0,6,59,general
8556,3,12,18.0,268.0,6,65,fragile
8557,3,13,22.0,268.0,6,55,bulk
8558,3,14,26.0,268.0,4,52,general
8559,3,15,30.0,268.0,6,59,fast
8560,4,16,2.0,268.0,5,62,fragile
8561,4,17,6.0,268.0,4,62,fragile
8562,4,18,10.0,268.0,4,62,fragile
8563,4,19,14.0,268.0,5,59,fast
8564,5,20,18.0,268.0,4,55,general
8565,5,21,22.0,268.0,5,68,fast
8566,5,22,26.0,268.0,6,67,general
8567,5,23,30.0,268.0,5,59,fragile
8568,6,24,2.0,268.0,5,68,fragile
8569,6,25,6.0,268.0,4,56,fast
8570,6,26,10.0,268.0,6,66,fast
8571,6,27,14.0,268.0,4,55,general
8572,7,28,18.0,268.0,5,68,general
8573,7,29,22.0,268.0,5,67,fragile
8574,7,30,26.0,268.0,6,58,bulk
8575,7,31,30.0,268.0,4,62,general
8576,8,32,2.0,268.0,5,63,general
8577,8,33,6.0,268.0,5,62,fragile
8578,8,34,10.0,268.0,4,60,bulk
8579,8,35,14.0,268.0,5,58,general
8580,9,36,18.0,268.0,4,62,fragile
8581,9,37,22.0,268.0,4,62,bulk
8582,9,38,26.0,268.0,4,52,fast
8583,9,39,30.0,268.0,6,57,fast
8584,10,40,2.0,268.0,5,62,general
8585,10,41,6.0,268.0,5,52,fast
8586,10,42,10.0,268.0,4,58,fragile
8587,10,43,14.0,268.0,6,66,fast
8588,11,44,18.0,268.0,6,65,fast
8589,11,45,22.0,268.0,6,63,fragile
8590,11,46,26.0,268.0,6,64,general
8591,11,47,30.0,268.0,6,59,general
8592,0,0,2.0,269.5,6,57,general
8593,0,1,6.0,269.5,6,58,general
8594,0,2,10.0,269.5,5,63,fast
8595,0,3,14.0,269.5,4,60,general
8596,1,4,18.0,269.5,6,65,general
8597,1,5,22.0,269.5,5,69,general
8598,1,6,26.0,269.5,4,66,fast
8599,1,7,30.0,269.5,6,55,fragile
8600,2,8,2.0,269.5,5,64,general
8601,2,9,6.0,269.5,6,65,fast
8602,2,10,10.0,269.5,5,62,fast
8603,2,11,14.0,269.5,4,64,general
8604,3,12,18.0,269.5,4,61,fragile
8605,3,13,22.0,269.5,6,65,general
8606,3,14,26.0,269.5,4,69,general
8607,3,15,30.0,269.5,6,58,fast
8608,4,16,2.0,269.5,4,55,general
8609,4,17,6.0,269.5,5,53,fragile
8610,4,18,10.0,269.5,4,60,fast
8611,4,19,14.0,269.5,6,65,fast
8612,5,20,18.0,269.5,6,61,bulk
8613,5,21,22.0,269.5,4,64,general
8614,5,22,26.0,269.5,5,68,general
8615,5,23,30.0,269.5,4,68,bulk
8616,6,24,2.0,269.5,4,59,fast
8617,6,25,6.0,269.5,6,67,general
8618,6,26,10.0,269.5,6,65,fragile
8619,6,27,14.0,269.5,4,64,fragile
8620,7,28,18.0,269.5,5,68,bulk
8621,7,29,22.0,269.5,5,59,fragile
8622,7,30,26.0,269.5,6,60,fragile
8623,7,31,30.0,269.5,4,63,fast
8624,8,32,2.0,269.5,4,67,general
8625,8,33,6.0,269.5,5,60,general
8626,8,34,10.0,269.5,4,66,fragile
8627,8,35,14.0,269.5,5,60,general
8628,9,36,18.0,269.5,4,55,fast
8629,9,37,22.0,269.5,5,59,fragile
8630,9,38,26.0,269.5,6,68,general
8631,9,39,30.0,269.5,4,63,bulk
8632,10,40,2.0,269.5,6,54,fragile
8633,10,41,6.0,269.5,5,59,fragile
8634,10,42,10.0,269.5,6,61,general
8635,10,43,14.0,269.5,4,53,general
8636,11,44,18.0,269.5,5,66,general
8637,11,45,22.0,269.5,6,60,general
8638,11,46,26.0,269.5,5,69,general
8639,11,47,30.0,269.5,5,57,general
8640,0,0,2.0,271.0,5,52,fragile
8641,0,1,6.0,271.0,4,59,general
8642,0,2,10.0,271.0,5,69,fragile
8643,0,3,14.0,271.0,5,58,general
8644,1,4,18.0,271.0,6,56,bulk
8645,1,5,22.0,271.0,6,65,fragile
8646,1,6,26.0,271.0,6,67,general
8647,1,7,30.0,271.0,5,69,fragile
8648,2,8,2.0,271.0,6,57,general
8649,2,9,6.0,271.0,6,55,general
8650,2,10,10.0,271.0,5,56,general
8651,2,11,14.0,271.0,4,56,general
8652,3,12,18.0,271.0,6,56,fast
8653,3,13,22.0,271.0,6,53,general
8654,3,14,26.0,271.0,5,55,fragile
8655,3,15,30.0,271.0,4,66,fast
8656,4,16,2.0,271.0,5,55,general
8657,4,17,6.0,271.0,5,59,fragile
8658,4,18,10.0,271.0,6,67,fast
8659,4,19,14.0,271.0,6,53,general
8660,5,20,18.0,271.0,4,60,general
8661,5,21,22.0,271.0,5,67,fragile
8662,5,22,26.0,271.0,6,61,fast
8663,5,23,30.0,271.0,5,60,bulk
8664,6,24,2.0,271.0,5,55,general
8665,6,25,6.0,271.0,6,68,fast
8666,6,26,10.0,271.0,5,61,general
8667,6,27,14.0,271.0,4,55,general
8668,7,28,18.0,271.0,4,65,fragile
8669,7,29,22.0,271.0,6,60,fast
8670,7,30,26.0,271.0,5,53,general
8671,7,31,30.0,271.0,4,55,fast
8672,8,32,2.0,271.0,6,59,fast
8673,8,33,6.0,271.0,4,62,fast
8674,8,34,10.0,271.0,6,67,general
8675,8,35,14.0,271.0,4,68,general
8676,9,36,18.0,271.0,4,63,general
8677,9,37,22.0,271.0,6,65,general
8678,9,38,26.0,271.0,5,68,general
8679,9,39,30.0,271.0,4,58,general
8680,10,40,2.0,271.0,5,56,general
8681,10,41,6.0,271.0,5,61,bulk
8682,10,42,10.0,271.0,5,56,fast
8683,10,43,14.0,271.0,5,55,fast
8684,11,44,18.0,271.0,6,62,general
8685,11,45,22.0,271.0,5,60,fragile
8686,11,46,26.0,271.0,5,69,fast
8687,11,47,30.0,271.0,4,62,general
8688,0,0,2.0,272.5,5,58,fragile
8689,0,1,6.0,272.5,4,68,general
8690,0,2,10.0,272.5,4,57,fast
8691,0,3,14.0,272.5,5,65,general
8692,1,4,18.0,272.5,4,58,general
8693,1,5,22.0,272.5,6,66,bulk
8694,1,6,26.0,272.5,6,59,general
8695,1,7,30.0,272.5,4,60,fast
8696,2,8,2.0,272.5,4,54,fast
8697,2,9,6.0,272.5,5,59,general
8698,2,10,10.0,272.5,6,67,general
8699,2,11,14.0,272.5,4,58,general
8700,3,12,18.0,272.5,6,54,general
8701,3,13,22.0,272.5,4,52,general
8702,3,14,26.0,272.5,6,63,fragile
8703,3,15,30.0,272.5,5,57,general
8704,4,16,2.0,272.5,4,54,bulk
8705,4,17,6.0,272.5,5,55,bulk
8706,4,18,10.0,272.5,4,65,fragile
8707,4,19,14.0,272.5,4,61,general
8708,5,20,18.0,272.5,6,52,general
8709,5,21,22.0,272.5,6,64,fast
8710,5,22,26.0,272.5,5,56,general
8711,5,23,30.0,272.5,6,66,fast
8712,6,24,2.0,272.5,4,66,general
8713,6,25,6.0,272.5,4,60,fast
8714,6,26,10.0,272.5,4,67,general
8715,6,27,14.0,272.5,6,69,bulk
8716,7,28,18.0,272.5,6,63,fast
8717,7,29,22.0,272.5,4,60,fast
8718,7,30,26.0,272.5,6,65,fast
8719,7,31,30.0,272.5,5,64,bulk
8720,8,32,2.0,272.5,6,60,fragile
8721,8,33,6.0,272.5,6,53,general
8722,8,34,10.0,272.5,6,68,fragile
8723,8,35,14.0,272.5,5,55,fragile
8724,9,36,18.0,272.5,6,54,fragile
8725,9,37,22.0,272.5,6,62,fast
8726,9,38,26.0,272.5,5,67,general
8727,9,39,30.0,272.5,5,55,general
8728,10,40,2.0,272.5,4,65,general
8729,10,41,6.0,272.5,6,66,general
8730,10,42,10.0,272.5,6,69,fragile
8731,10,43,14.0,272.5,4,59,general
8732,11,44,18.0,272.5,6,53,fragile
8733,11,45,22.0,272.5,6,54,general
8734,11,46,26.0,272.5,4,63,fast
8735,11,47,30.0,272.5,6,65,general
8736,0,0,2.0,274.0,4,60,fast
8737,0,1,6.0,274.0,6,66,fast
8738,0,2,10.0,274.0,6,52,general
8739,0,3,14.0,274.0,6,53,bulk
8740,1,4,18.0,274.0,6,64,fragile
8741,1,5,22.0,274.0,5,56,fast
8742,1,6,26.0,274.0,5,62,general
8743,1,7,30.0,274.0,4,64,general
8744,2,8,2.0,274.0,4,61,bulk
8745,2,9,6.0,274.0,4,66,fragile
8746,2,10,10.0,274.0,6,62,bulk
8747,2,11,14.0,274.0,5,54,fragile
8748,3,12,18.0,274.0,5,64,general
8749,3,13,22.0,274.0,4,68,general
8750,3,14,26.0,274.0,4,64,fast
8751,3,15,30.0,274.0,5,68,fragile
8752,4,16,2.0,274.0,6,55,general
8753,4,17,6.0,274.0,4,56,bulk
8754,4,18,10.0,274.0,6,54,fragile
8755,4,19,14.0,274.0,5,64,fast
8756,5,20,18.0,274.0,5,59,fast
8757,5,21,22.0,274.0,5,66,bulk
8758,5,22,26.0,274.0,6,68,fast
8759,5,23,30.0,274.0,6,55,general
8760,6,24,2.0,274.0,4,63,fast
8761,6,25,6.0,274.0,4,64,fast
8762,6,26,10.0,274.0,5,68,fast
8763,6,27,14.0,274.0,4,68,general
8764,7,28,18.0,274.0,5,55,fast
8765,7,29,22.0,274.0,4,62,bulk
8766,7,30,26.0,274.0,5,52,bulk
8767,7,31,30.0,274.0,6,64,fast
8768,8,32,2.0,274.0,4,56,general
8769,8,33,6.0,274.0,6,57,fast
8770,8,34,10.0,274.0,6,60,fragile
8771,8,35,14.0,274.0,6,65,fragile
8772,9,36,18.0,274.0,6,60,fast
8773,9,37,22.0,274.0,4,52,fragile
8774,9,38,26.0,274.0,4,54,bulk
8775,9,39,30.0,274.0,4,54,fragile
8776,10,40,2.0,274.0,5,69,general
8777,10,41,6.0,274.0,6,55,bulk
8778,10,42,10.0,274.0,4,67,bulk
8779,10,43,14.0,274.0,4,60,general
8780,11,44,18.0,274.0,5,58,general
8781,11,45,22.0,274.0,5,63,fragile
8782,11,46,26.0,274.0,5,59,fragile
8783,11,47,30.0,274.0,5,53,fast
8784,0,0,2.0,275.5,5,64,general
8785,0,1,6.0,275.5,5,60,fast
8786,0,2,10.0,275.5,5,69,general
8787,0,3,14.0,275.5,4,63,general
8788,1,4,18.0,275.5,4,63,fast
8789,1,5,22.0,275.5,6,60,fast
8790,1,6,26.0,275.5,6,57,fast
8791,1,7,30.0,275.5,5,63,general
8792,2,8,2.0,275.5,5,59,fast
8793,2,9,6.0,275.5,6,66,fast
8794,2,10,10.0,275.5,6,58,fast
8795,2,11,14.0,275.5,5,54,fragile
8796,3,12,18.0,275.5,5,57,general
8797,3,13,22.0,275.5,4,67,fragile
8798,3,14,26.0,275.5,4,68,fragile
8799,3,15,30.0,275.5,6,66,general
8800,4,16,2.0,275.5,6,60,fragile
8801,4,17,6.0,275.5,6,55,fast
8802,4,18,10.0,275.5,4,65,fast
8803,4,19,14.0,275.5,6,60,fragile
8804,5,20,18.0,275.5,4,59,fast
8805,5,21,22.0,275.5,6,62,general
8806,5,22,26.0,275.5,6,61,fast
8807,5,23,30.0,275.5,4,63,general
8808,6,24,2.0,275.5,5,57,general
8809,6,25,6.0,275.5,6,59,fast
8810,6,26,10.0,275.5,5,54,bulk
8811,6,27,14.0,275.5,4,56,general
8812,7,28,18.0,275.5,4,57,fragile
8813,7,29,22.0,275.5,4,69,fast
8814,7,30,26.0,275.5,6,57,fragile
8815,7,31,30.0,275.5,5,57,general
8816,8,32,2.0,275.5,6,68,general
8817,8,33,6.0,275.5,5,56,fragile
8818,8,34,10.0,275.5,4,65,fast
8819,8,35,14.0,275.5,5,61,general
8820,9,36,18.0,275.5,4,60,general
8821,9,37,22.0,275.5,5,63,general
8822,9,38,26.0,275.5,6,62,fragile
8823,9,39,30.0,275.5,6,65,bulk
8824,10,40,2.0,275.5,6,69,general
8825,10,41,6.0,275.5,6,65,general
8826,10,42,10.0,275.5,6,54,general
8827,10,43,14.0,275.5,6,58,general
8828,11,44,18.0,275.5,6,60,bulk
8829,11,45,22.0,275.5,6,55,general
8830,11,46,26.0,275.5,4,62,fast
8831,11,47,30.0,275.5,6,54,general
8832,0,0,2.0,277.0,6,54,fragile
8833,0,1,6.0,277.0,5,61,fragile
8834,0,2,10.0,277.0,4,56,fragile
8835,0,3,14.0,277.0,4,53,general
8836,1,4,18.0,277.0,4,57,fragile
8837,1,5,22.0,277.0,4,67,fast
8838,1,6,26.0,277.0,5,56,fragile
8839,1,7,30.0,277.0,4,67,general
8840,2,8,2.0,277.0,6,60,fragile
8841,2,9,6.0,277.0,5,68,fast
8842,2,10,10.0,277.0,6,54,general
8843,2,11,14.0,277.0,6,64,general
8844,3,12,18.0,277.0,5,69,fast
8845,3,13,22.0,277.0,6,60,general
8846,3,14,26.0,277.0,4,52,fragile
8847,3,15,30.0,277.0,5,62,general
8848,4,16,2.0,277.0,6,63,fragile
8849,4,17,6.0,277.0,6,55,general
8850,4,18,10.0,277.0,5,67,general
8851,4,19,14.0,277.0,6,57,fast
8852,5,20,18.0,277.0,6,61,fast
8853,5,21,22.0,277.0,5,58,bulk
8854,5,22,26.0,277.0,6,56,fragile
8855,5,23,30.0,277.0,6,61,general
8856,6,24,2.0,277.0,5,52,fragile
8857,6,25,6.0,277.0,6,66,general
8858,6,26,10.0,277.0,4,64,bulk
8859,6,27,14.0,277.0,6,68,general
8860,7,28,18.0,277.0,4,56,fast
8861,7,29,22.0,277.0,6,65,bulk
8862,7,30,26.0,277.0,6,65,fast
8863,7,31,30.0,277.0,4,65,fragile
8864,8,32,2.0,277.0,4,54,fast
8865,8,33,6.0,277.0,6,68,general
8866,8,34,10.0,277.0,6,66,general
8867,8,35,14.0,277.0,5,58,general
8868,9,36,18.0,277.0,4,59,general
8869,9,37,22.0,277.0,4,61,fragile
8870,9,38,26.0,277.0,5,60,general
8871,9,39,30.0,277.0,6,68,bulk
8872,10,40,2.0,277.0,4,63,fragile
8873,10,41,6.0,277.0,5,67,general
8874,10,42,10.0,277.0,6,66,general
8875,10,43,14.0,277.0,5,58,bulk
8876,11,44,18.0,277.0,4,60,general
8877,11,45,22.0,277.0,6,66,general
8878,11,46,26.0,277.0,5,67,general
8879,11,47,30.0,277.0,5,57,bulk
8880,0,0,2.0,278.5,5,66,fragile
8881,0,1,6.0,278.5,5,60,general
8882,0,2,10.0,278.5,6,58,general
8883,0,3,14.0,278.5,4,69,general
8884,1,4,18.0,278.5,5,53,general
8885,1,5,22.0,278.5,5,68,general
8886,1,6,26.0,278.5,6,64,general
8887,1,7,30.0,278.5,5,69,general
8888,2,8,2.0,278.5,6,60,fast
8889,2,9,6.0,278.5,4,63,general
8890,2,10,10.0,278.5,6,52,general
8891,2,11,14.0,278.5,5,55,fast
8892,3,12,18.0,278.5,5,57,general
8893,3,13,22.0,278.5,6,59,general
8894,3,14,26.0,278.5,6,68,bulk
8895,3,15,30.0,278.5,6,67,general
8896,4,16,2.0,278.5,5,65,general
8897,4,17,6.0,278.5,6,56,fast
8898,4,18,10.0,278.5,5,67,fast
8899,4,19,14.0,278.5,6,55,fragile
8900,5,20,18.0,278.5,6,55,general
8901,5,21,22.0,278.5,5,64,fast
8902,5,22,26.0,278.5,6,52,general
8903,5,23,30.0,278.5,4,56,general
8904,6,24,2.0,278.5,6,65,general
8905,6,25,6.0,278.5,5,52,general
8906,6,26,10.0,278.5,5,68,fast
8907,6,27,14.0,278.5,5,54,fragile
8908,7,28,18.0,278.5,4,54,fast
8909,7,29,22.0,278.5,6,69,fragile
8910,7,30,26.0,278.5,4,56,general
8911,7,31,30.0,278.5,5,58,fast
8912,8,32,2.0,278.5,6,63,general
8913,8,33,6.0,278.5,6,57,fragile
8914,8,34,10.0,278.5,6,58,general
8915,8,35,14.0,278.5,6,62,general
8916,9,36,18.0,278.5,5,64,fast
8917,9,37,22.0,278.5,5,63,general
8918,9,38,26.0,278.5,4,61,general
8919,9,39,30.0,278.5,4,69,general
8920,10,40,2.0,278.5,5,60,general
8921,10,41,6.0,278.5,6,57,general
8922,10,42,10.0,278.5,6,68,general
8923,10,43,14.0,278.5,6,62,general
8924,11,44,18.0,278.5,4,52,bulk
8925,11,45,22.0,278.5,4,57,general
8926,11,46,26.0,278.5,4,56,general
8927,11,47,30.0,278.5,5,69,fragile
8928,0,0,2.0,280.0,6,60,fast
8929,0,1,6.0,280.0,5,62,fast
8930,0,2,10.0,280.0,5,68,fragile
8931,0,3,14.0,280.0,4,57,fast
8932,1,4,18.0,280.0,5,53,general
8933,1,5,22.0,280.0,4,69,bulk
8934,1,6,26.0,280.0,4,64,general
8935,1,7,30.0,280.0,6,64,general
8936,2,8,2.0,280.0,6,69,bulk
8937,2,9,6.0,280.0,5,63,general
8938,2,10,10.0,280.0,5,52,fast
8939,2,11,14.0,280.0,6,61,general
8940,3,12,18.0,280.0,5,53,general
8941,3,13,22.0,280.0,4,66,fast
8942,3,14,26.0,280.0,4,69,bulk
8943,3,15,30.0,280.0,6,69,fragile
8944,4,16,2.0,280.0,4,68,fragile
8945,4,17,6.0,280.0,6,63,bulk
8946,4,18,10.0,280.0,4,63,general
8947,4,19,14.0,280.0,5,69,general
8948,5,20,18.0,280.0,6,64,fast
8949,5,21,22.0,280.0,6,69,bulk
8950,5,22,26.0,280.0,4,64,general
8951,5,23,30.0,280.0,6,55,bulk
8952,6,24,2.0,280.0,5,65,general
8953,6,25,6.0,280.0,5,65,general
8954,6,26,10.0,280.0,6,66,fast
8955,6,27,14.0,280.0,6,68,general
8956,7,28,18.0,280.0,5,69,general
8957,7,29,22.0,280.0,6,54,general
8958,7,30,26.0,280.0,4,61,fast
8959,7,31,30.0,280.0,6,55,general
8960,8,32,2.0,280.0,6,60,fragile
8961,8,33,6.0,280.0,6,55,fragile
8962,8,34,10.0,280.0,6,56,general
8963,8,35,14.0,280.0,5,61,fast
8964,9,36,18.0,280.0,4,67,fragile
8965,9,37,22.0,280.0,5,53,general
8966,9,38,26.0,280.0,4,66,bulk
8967,9,39,30.0,280.0,5,55,fast
8968,10,40,2.0,280.0,5,52,fragile
8969,10,41,6.0,280.0,5,56,general
8970,10,42,10.0,280.0,5,56,general
8971,10,43,14.0,280.0,5,65,fast
8972,11,44,18.0,280.0,4,68,general
8973,11,45,22.0,280.0,4,55,bulk
8974,11,46,26.0,280.0,4,66,general
8975,11,47,30.0,280.0,4,68,general
8976,0,0,2.0,281.5,6,64,general
8977,0,1,6.0,281.5,5,53,fragile
8978,0,2,10.0,281.5,6,66,fast
8979,0,3,14.0,281.5,5,63,general
8980,1,4,18.0,281.5,6,55,general
8981,1,5,22.0,281.5,6,60,general
8982,1,6,26.0,281.5,4,57,bulk
8983,1,7,30.0,281.5,6,54,fast
8984,2,8,2.0,281.5,5,69,fast
8985,2,9,6.0,281.5,5,57,general
8986,2,10,10.0,281.5,6,58,bulk
8987,2,11,14.0,281.5,5,64,fragile
8988,3,12,18.0,281.5,4,55,general
8989,3,13,22.0,281.5,4,62,fragile
8990,3,14,26.0,281.5,4,52,general
8991,3,15,30.0,281.5,4,56,fast
8992,4,16,2.0,281.5,6,64,general
8993,4,17,6.0,281.5,5,60,fast
8994,4,18,10.0,281.5,6,52,fragile
8995,4,19,14.0,281.5,6,54,general
8996,5,20,18.0,281.5,6,62,fragile
8997,5,21,22.0,281.5,5,54,general
8998,5,22,26.0,281.5,5,60,fragile
8999,5,23,30.0,281.5,4,57,fragile
9000,6,24,2.0,281.5,5,68,general
9001,6,25,6.0,281.5,6,56,fragile
9002,6,26,10.0,281.5,6,53,bulk
9003,6,27,14.0,281.5,5,58,fragile
9004,7,28,18.0,281.5,4,65,fast
9005,7,29,22.0,281.5,4,65,fragile
9006,7,30,26.0,281.5,6,54,fast
9007,7,31,30.0,281.5,6,52,fragile
9008,8,32,2.0,281.5,6,67,fast
9009,8,33,6.0,281.5,6,63,fast
9010,8,34,10.0,281.5,6,60,general
9011,8,35,14.0,281.5,4,53,fast
9012,9,36,18.0,281.5,4,53,fast
9013,9,37,22.0,281.5,5,69,general
9014,9,38,26.0,281.5,4,58,fast
9015,9,39,30.0,281.5,6,53,general
9016,10,40,2.0,281.5,4,56,general
9017,10,41,6.0,281.5,6,62,fast
9018,10,42,10.0,281.5,6,68,bulk
9019,10,43,14.0,281.5,5,65,fragile
9020,11,44,18.0,281.5,4,65,fast
9021,11,45,22.0,281.5,4,53,bulk
9022,11,46,26.0,281.5,4,52,bulk
9023,11,47,30.0,281.5,5,58,fast
9024,0,0,2.0,283.0,4,60,fragile
9025,0,1,6.0,283.0,4,61,general
9026,0,2,10.0,283.0,4,65,fast
9027,0,3,14.0,283.0,4,67,general
9028,1,4,18.0,283.0,6,53,fast
9029,1,5,22.0,283.0,4,59,general
9030,1,6,26.0,283.0,5,68,fast
9031,1,7,30.0,283.0,4,56,fast
9032,2,8,2.0,283.0,5,62,general
9033,2,9,6.0,283.0,6,64,general
9034,2,10,10.0,283.0,6,69,general
9035,2,11,14.0,283.0,6,52,fast
9036,3,12,18.0,283.0,6,60,general
9037,3,13,22.0,283.0,6,64,general
9038,3,14,26.0,283.0,5,60,fast
9039,3,15,30.0,283.0,4,54,bulk
9040,4,16,2.0,283.0,5,68,general
9041,4,17,6.0,283.0,5,60,general
9042,4,18,10.0,283.0,5,59,bulk
9043,4,19,14.0,283.0,4,58,general
9044,5,20,18.0,283.0,5,59,general
9045,5,21,22.0,283.0,6,57,general
9046,5,22,26.0,283.0,5,57,fast
9047,5,23,30.0,283.0,6,62,fast
9048,6,24,2.0,283.0,5,53,fast
9049,6,25,6.0,283.0,6,60,general
9050,6,26,10.0,283.0,5,63,fragile
9051,6,27,14.0,283.0,6,67,general
9052,7,28,18.0,283.0,6,68,fast
9053,7,29,22.0,283.0,5,64,fast
9054,7,30,26.0,283.0,4,63,general
9055,7,31,30.0,283.0,5,59,general
9056,8,32,2.0,283.0,5,52,fast
9057,8,33,6.0,283.0,5,53,general
9058,8,34,10.0,283.0,5,59,fragile
9059,8,35,14.0,283.0,6,52,general
9060,9,36,18.0,283.0,5,63,fast
9061,9,37,22.0,283.0,6,53,bulk
9062,9,38,26.0,283.0,6,67,general
9063,9,39,30.0,283.0,4,67,general
9064,10,40,2.0,283.0,6,55,fragile
9065,10,41,6.0,283.0,5,56,general
9066,10,42,10.0,283.0,5,62,general
9067,10,43,14.0,283.0,4,61,general
9068,11,44,18.0,283.0,4,64,fragile
9069,11,45,22.0,283.0,4,61,bulk
9070,11,46,26.0,283.0,4,60,bulk
9071,11,47,30.0,283.0,6,58,general
9072,0,0,2.0,284.5,5,56,fast
9073,0,1,6.0,284.5,5,62,general
9074,0,2,10.0,284.5,6,64,general
9075,0,3,14.0,284.5,6,66,general
9076,1,4,18.0,284.5,6,61,fragile
9077,1,5,22.0,284.5,4,63,fragile
9078,1,6,26.0,284.5,5,67,fast
9079,1,7,30.0,284.5,6,63,fast
9080,2,8,2.0,284.5,6,61,fast
9081,2,9,6.0,284.5,5,69,fragile
9082,2,10,10.0,284.5,6,59,bulk
9083,2,11,14.0,284.5,4,62,fast
9084,3,12,18.0,284.5,6,57,bulk
9085,3,13,22.0,284.5,6,57,bulk
9086,3,14,26.0,284.5,5,66,general
9087,3,15,30.0,284.5,4,52,general
9088,4,16,2.0,284.5,6,59,general
9089,4,17,6.0,284.5,4,56,general
9090,4,18,10.0,284.5,4,65,bulk
9091,4,19,14.0,284.5,4,62,general
9092,5,20,18.0,284.5,4,68,fragile
9093,5,21,22.0,284.5,6,67,fragile
9094,5,22,26.0,284.5,5,55,fragile
9095,5,23,30.0,284.5,5,53,general
9096,6,24,2.0,284.5,5,59,general
9097,6,25,6.0,284.5,6,54,fragile
9098,6,26,10.0,284.5,4,66,fragile
9099,6,27,14.0,284.5,6,59,general
9100,7,28,18.0,284.5,5,52,fragile
9101,7,29,22.0,284.5,6,57,general
9102,7,30,26.0,284.5,6,59,bulk
9103,7,31,30.0,284.5,6,58,bulk
9104,8,32,2.0,284.5,4,69,general
9105,8,33,6.0,284.5,5,59,general
9106,8,34,10.0,284.5,5,57,fast
9107,8,35,14.0,284.5,6,64,fast
9108,9,36,18.0,284.5,6,60,general
9109,9,37,22.0,284.5,6,55,general
9110,9,38,26.0,284.5,4,55,general
9111,9,39,30.0,284.5,4,65,fast
9112,10,40,2.0,284.5,5,56,fragile
9113,10,41,6.0,284.5,6,61,general
9114,10,42,10.0,284.5,4,52,general
9115,10,43,14.0,284.5,5,53,general
9116,11,44,18.0,284.5,4,66,general
9117,11,45,22.0,284.5,4,68,fragile
9118,11,46,26.0,284.5,6,60,bulk
9119,11,47,30.0,284.5,5,58,fast
9120,0,0,2.0,286.0,6,63,general
9121,0,1,6.0,286.0,4,65,bulk
9122,0,2,10.0,286.0,5,58,general
9123,0,3,14.0,286.0,5,64,fast
9124,1,4,18.0,286.0,6,60,general
9125,1,5,22.0,286.0,4,56,fast
9126,1,6,26.0,286.0,5,55,fragile
9127,1,7,30.0,286.0,6,64,fragile
9128,2,8,2.0,286.0,4,52,fast
9129,2,9,6.0,286.0,4,53,fast
9130,2,10,10.0,286.0,6,57,fast
9131,2,11,14.0,286.0,4,55,fast
9132,3,12,18.0,286.0,5,59,bulk
9133,3,13,22.0,286.0,6,68,fast
9134,3,14,26.0,286.0,6,58,general
9135,3,15,30.0,286.0,5,53,general
9136,4,16,2.0,286.0,5,66,fragile
9137,4,17,6.0,286.0,4,64,bulk
9138,4,18,10.0,286.0,5,53,fast
9139,4,19,14.0,286.0,4,67,general
9140,5,20,18.0,286.0,6,65,fast
9141,5,21,22.0,286.0,5,60,general
9142,5,22,26.0,286.0,5,52,general
9143,5,23,30.0,286.0,6,52,general
9144,6,24,2.0,286.0,4,59,bulk
9145,6,25,6.0,286.0,4,67,fast
9146,6,26,10.0,286.0,6,67,general
9147,6,27,14.0,286.0,6,64,fast
9148,7,28,18.0,286.0,5,66,bulk
9149,7,29,22.0,286.0,4,61,general
9150,7,30,26.0,286.0,6,69,fragile
9151,7,31,30.0,286.0,5,55,fast
9152,8,32,2.0,286.0,4,56,fragile
9153,8,33,6.0,286.0,4,65,fast
9154,8,34,10.0,286.0,5,64,general
9155,8,35,14.0,286.0,6,65,general
9156,9,36,18.0,286.0,4,53,general
9157,9,37,22.0,286.0,6,56,general
9158,9,38,26.0,286.0,6,52,fast
9159,9,39,30.0,286.0,4,53,general
9160,10,40,2.0,286.0,4,56,general
9161,10,41,6.0,286.0,6,66,general
9162,10,42,10.0,286.0,5,63,bulk
9163,10,43,14.0,286.0,5,68,fast
9164,11,44,18.0,286.0,5,53,general
9165,11,45,22.0,286.0,6,61,general
9166,11,46,26.0,286.0,6,57,general
9167,11,47,30.0,286.0,5,54,fast
9168,0,0,2.0,287.5,4,53,fast
9169,0,1,6.0,287.5,5,63,general
9170,0,2,10.0,287.5,6,56,fast
9171,0,3,14.0,287.5,4,60,fragile
9172,1,4,18.0,287.5,6,59,general
9173,1,5,22.0,287.5,4,61,general
9174,1,6,26.0,287.5,5,57,fast
9175,1,7,30.0,287.5,4,59,fast
9176,2,8,2.0,287.5,4,60,general
9177,2,9,6.0,287.5,4,53,general
9178,2,10,10.0,287.5,4,69,general
9179,2,11,14.0,287.5,5,58,fast
9180,3,12,18.0,287.5,4,53,general
9181,3,13,22.0,287.5,6,57,fragile
9182,3,14,26.0,287.5,6,62,bulk
9183,3,15,30.0,287.5,6,65,general
9184,4,16,2.0,287.5,4,54,general
9185,4,17,6.0,287.5,4,68,fragile
9186,4,18,10.0,287.5,4,56,fragile
9187,4,19,14.0,287.5,5,58,fast
9188,5,20,18.0,287.5,5,57,general
9189,5,21,22.0,287.5,6,64,fast
9190,5,22,26.0,287.5,6,63,general
9191,5,23,30.0,287.5,4,56,general
9192,6,24,2.0,287.5,6,67,general
9193,6,25,6.0,287.5,5,54,general
9194,6,26,10.0,287.5,5,61,general
9195,6,27,14.0,287.5,5,52,general
9196,7,28,18.0,287.5,6,59,general
9197,7,29,22.0,287.5,6,61,general
9198,7,30,26.0,287.5,5,65,general
9199,7,31,30.0,287.5,5,67,general
9200,8,32,2.0,287.5,5,62,general
9201,8,33,6.0,287.5,6,57,fragile
9202,8,34,10.0,287.5,5,61,fragile
9203,8,35,14.0,287.5,6,66,fast
9204,9,36,18.0,287.5,4,61,fragile
9205,9,37,22.0,287.5,4,64,general
9206,9,38,26.0,287.5,6,53,fast
9207,9,39,30.0,287.5,4,63,general
9208,10,40,2.0,287.5,6,55,fast
9209,10,41,6.0,287.5,6,62,fast
9210,10,42,10.0,287.5,6,68,general
9211,10,43,14.0,287.5,5,56,general
9212,11,44,18.0,287.5,6,66,general
9213,11,45,22.0,287.5,5,67,general
9214,11,46,26.0,287.5,6,53,fragile
9215,11,47,30.0,287.5,5,63,general
9216,0,0,2.0,289.0,4,63,general
9217,0,1,6.0,289.0,6,69,fast
9218,0,2,10.0,289.0,4,62,general
9219,0,3,14.0,289.0,6,63,general
9220,1,4,18.0,289.0,6,63,bulk
9221,1,5,22.0,289.0,6,54,fast
9222,1,6,26.0,289.0,6,55,general
9223,1,7,30.0,289.0,5,63,fast
9224,2,8,2.0,289.0,5,52,bulk
9225,2,9,6.0,289.0,4,55,bulk
9226,2,10,10.0,289.0,5,56,general
9227,2,11,14.0,289.0,6,59,fast
9228,3,12,18.0,289.0,4,66,general
9229,3,13,22.0,289.0,4,59,fragile
9230,3,14,26.0,289.0,4,66,fast
9231,3,15,30.0,289.0,5,55,general
9232,4,16,2.0,289.0,5,52,general
9233,4,17,6.0,289.0,5,67,bulk
9234,4,18,10.0,289.0,4,60,general
9235,4,19,14.0,289.0,4,54,fast
9236,5,20,18.0,289.0,6,65,bulk
9237,5,21,22.0,289.0,4,65,general
9238,5,22,26.0,289.0,5,64,fast
9239,5,23,30.0,289.0,5,61,general
9240,6,24,2.0,289.0,6,65,fast
9241,6,25,6.0,289.0,6,64,general
9242,6,26,10.0,289.0,5,61,general
9243,6,27,14.0,289.0,5,60,bulk
9244,7,28,18.0,289.0,5,65,fast
9245,7,29,22.0,289.0,6,54,fragile
9246,7,30,26.0,289.0,5,58,general
9247,7,31,30.0,289.0,4,63,general
9248,8,32,2.0,289.0,5,67,bulk
9249,8,33,6.0,289.0,4,62,fragile
9250,8,34,10.0,289.0,5,56,fragile
9251,8,35,14.0,289.0,4,58,fast
9252,9,36,18.0,289.0,6,53,fragile
9253,9,37,22.0,289.0,4,56,fast
9254,9,38,26.0,289.0,6,57,fragile
9255,9,39,30.0,289.0,5,56,fast
9256,10,40,2.0,289.0,4,55,fragile
9257,10,41,6.0,289.0,4,53,fast
9258,10,42,10.0,289.0,5,63,fragile
9259,10,43,14.0,289.0,6,59,fast
9260,11,44,18.0,289.0,5,64,general
9261,11,45,22.0,289.0,4,68,bulk
9262,11,46,26.0,289.0,6,66,general
9263,11,47,30.0,289.0,4,63,fast
9264,0,0,2.0,290.5,6,59,general
9265,0,1,6.0,290.5,6,52,general
9266,0,2,10.0,290.5,4,52,bulk
9267,0,3,14.0,290.5,4,61,bulk
9268,1,4,18.0,290.5,6,58,bulk
9269,1,5,22.0,290.5,4,69,fast
9270,1,6,26.0,290.5,6,69,fast
9271,1,7,30.0,290.5,4,63,general
9272,2,8,2.0,290.5,6,68,fast
9273,2,9,6.0,290.5,6,57,general
9274,2,10,10.0,290.5,6,63,fast
9275,2,11,14.0,290.5,4,54,fast
9276,3,12,18.0,290.5,5,57,general
9277,3,13,22.0,290.5,4,64,general
9278,3,14,26.0,290.5,4,55,general
9279,3,15,30.0,290.5,6,54,fast
9280,4,16,2.0,290.5,6,66,general
9281,4,17,6.0,290.5,5,54,fast
9282,4,18,10.0,290.5,4,58,general
9283,4,19,14.0,290.5,5,57,fragile
9284,5,20,18.0,290.5,4,64,fragile
9285,5,21,22.0,290.5,4,57,general
9286,5,22,26.0,290.5,6,61,bulk
9287,5,23,30.0,290.5,4,69,general
9288,6,24,2.0,290.5,6,61,fast
9289,6,25,6.0,290.5,6,63,general
9290,6,26,10.0,290.5,6,58,general
9291,6,27,14.0,290.5,6,58,fragile
9292,7,28,18.0,290.5,4,56,general
9293,7,29,22.0,290.5,5,68,general
9294,7,30,26.0,290.5,4,64,fragile
9295,7,31,30.0,290.5,4,67,fast
9296,8,32,2.0,290.5,6,63,fragile
9297,8,33,6.0,290.5,5,69,fast
9298,8,34,10.0,290.5,4,57,general
9299,8,35,14.0,290.5,6,65,fragile
9300,9,36,18.0,290.5,4,68,fast
9301,9,37,22.0,290.5,6,53,fast
9302,9,38,26.0,290.5,5,62,general
9303,9,39,30.0,290.5,6,61,fast
9304,10,40,2.0,290.5,4,67,general
9305,10,41,6.0,290.5,5,59,general
9306,10,42,10.0,290.5,4,56,bulk
9307,10,43,14.0,290.5,6,65,fragile
9308,11,44,18.0,290.5,6,64,general
9309,11,45,22.0,290.5,6,52,bulk
9310,11,46,26.0,290.5,6,58,fragile
9311,11,47,30.0,290.5,6,65,general
9312,0,0,2.0,292.0,4,67,bulk
9313,0,1,6.0,292.0,4,68,fragile
9314,0,2,10.0,292.0,6,54,fragile
9315,0,3,14.0,292.0,4,68,bulk
9316,1,4,18.0,292.0,4,61,fast
9317,1,5,22.0,292.0,5,58,fragile
9318,1,6,26.0,292.0,5,63,general
9319,1,7,30.0,292.0,5,56,fast
9320,2,8,2.0,292.0,6,67,bulk
9321,2,9,6.0,292.0,5,66,bulk
9322,2,10,10.0,292.0,6,56,general
9323,2,11,14.0,292.0,4,66,general
9324,3,12,18.0,292.0,4,57,bulk
9325,3,13,22.0,292.0,6,60,bulk
9326,3,14,26.0,292.0,6,68,general
9327,3,15,30.0,292.0,5,65,general
9328,4,16,2.0,292.0,6,67,general
9329,4,17,6.0,292.0,4,64,fast
9330,4,18,10.0,292.0,5,57,general
9331,4,19,14.0,292.0,4,52,fragile
9332,5,20,18.0,292.0,5,67,fragile
9333,5,21,22.0,292.0,5,68,general
9334,5,22,26.0,292.0,6,59,fast
9335,5,23,30.0,292.0,4,57,fast
9336,6,24,2.0,292.0,4,53,general
9337,6,25,6.0,292.0,6,52,general
9338,6,26,10.0,292.0,4,67,general
9339,6,27,14.0,292.0,4,64,general
9340,7,28,18.0,292.0,5,69,general
9341,7,29,22.0,292.0,4,67,bulk
9342,7,30,26.0,292.0,6,56,bulk
9343,7,31,30.0,292.0,5,65,fast
9344,8,32,2.0,292.0,4,59,fragile
9345,8,33,6.0,292.0,5,69,general
9346,8,34,10.0,292.0,6,54,fragile
9347,8,35,14.0,292.0,5,65,general
9348,9,36,18.0,292.0,5,59,fast
9349,9,37,22.0,292.0,5,59,general
9350,9,38,26.0,292.0,4,68,bulk
9351,9,39,30.0,292.0,6,61,fragile
9352,10,40,2.0,292.0,5,60,fast
9353,10,41,6.0,292.0,4,52,fast
9354,10,42,10.0,292.0,6,55,fast
9355,10,43,14.0,292.0,4,66,fast
9356,11,44,18.0,292.0,5,58,general
9357,11,45,22.0,292.0,6,59,general
9358,11,46,26.0,292.0,5,56,fast
9359,11,47,30.0,292.0,5,59,general
9360,0,0,2.0,293.5,4,59,fast
9361,0,1,6.0,293.5,4,63,fast
9362,0,2,10.0,293.5,4,53,general
9363,0,3,14.0,293.5,5,58,fast
9364,1,4,18.0,293.5,5,63,fragile
9365,1,5,22.0,293.5,4,62,general
9366,1,6,26.0,293.5,5,54,fragile
9367,1,7,30.0,293.5,6,67,general
9368,2,8,2.0,293.5,4,57,fragile
9369,2,9,6.0,293.5,4,57,general
9370,2,10,10.0,293.5,4,68,fast
9371,2,11,14.0,293.5,6,62,general
9372,3,12,18.0,293.5,4,66,bulk
9373,3,13,22.0,293.5,4,56,general
9374,3,14,26.0,293.5,4,59,fast
9375,3,15,30.0,293.5,4,63,fast
9376,4,16,2.0,293.5,5,61,general
9377,4,17,6.0,293.5,5,68,general
9378,4,18,10.0,293.5,6,66,bulk
9379,4,19,14.0,293.5,6,59,fast
9380,5,20,18.0,293.5,5,57,fragile
9381,5,21,22.0,293.5,5,52,bulk
9382,5,22,26.0,293.5,4,66,fast
9383,5,23,30.0,293.5,5,56,fragile
9384,6,24,2.0,293.5,5,56,general
9385,6,25,6.0,293.5,6,61,bulk
9386,6,26,10.0,293.5,6,53,general
9387,6,27,14.0,293.5,6,58,general
9388,7,28,18.0,293.5,6,64,general
9389,7,29,22.0,293.5,5,61,general
9390,7,30,26.0,293.5,6,55,fast
9391,7,31,30.0,293.5,6,63,fragile
9392,8,32,2.0,293.5,4,58,fast
9393,8,33,6.0,293.5,6,54,general
9394,8,34,10.0,293.5,5,67,bulk
9395,8,35,14.0,293.5,5,56,fast
9396,9,36,18.0,293.5,4,54,fragile
9397,9,37,22.0,293.5,4,61,fragile
9398,9,38,26.0,293.5,4,66,general
9399,9,39,30.0,293.5,6,54,general
9400,10,40,2.0,293.5,5,63,fast
9401,10,41,6.0,293.5,6,65,general
9402,10,42,10.0,293.5,5,65,general
9403,10,43,14.0,293.5,4,61,general
9404,11,44,18.0,293.5,5,60,general
9405,11,45,22.0,293.5,6,63,fragile
9406,11,46,26.0,293.5,6,53,general
9407,11,47,30.0,293.5,6,54,fragile
9408,0,0,2.0,295.0,5,66,bulk
9409,0,1,6.0,295.0,6,68,fragile
9410,0,2,10.0,295.0,4,55,general
9411,0,3,14.0,295.0,4,69,fragile
9412,1,4,18.0,295.0,4,55,bulk
9413,1,5,22.0,295.0,4,63,general
9414,1,6,26.0,295.0,6,59,general
9415,1,7,30.0,295.0,6,58,general
9416,2,8,2.0,295.0,4,67,fragile
9417,2,9,6.0,295.0,5,64,bulk
9418,2,10,10.0,295.0,6,57,general
9419,2,11,14.0,295.0,5,57,general
9420,3,12,18.0,295.0,5,64,bulk
9421,3,13,22.0,295.0,6,63,bulk
9422,3,14,26.0,295.0,4,65,fragile
9423,3,15,30.0,295.0,5,59,fast
9424,4,16,2.0,295.0,6,59,bulk
9425,4,17,6.0,295.0,4,63,bulk
9426,4,18,10.0,295.0,6,55,fragile
9427,4,19,14.0,295.0,4,68,fragile
9428,5,20,18.0,295.0,5,61,general
9429,5,21,22.0,295.0,6,56,fragile
9430,5,22,26.0,295.0,4,62,general
9431,5,23,30.0,295.0,4,61,fast
9432,6,24,2.0,295.0,4,58,general
9433,6,25,6.0,295.0,6,57,fragile
9434,6,26,10.0,295.0,6,61,general
9435,6,27,14.0,295.0,4,68,fast
9436,7,28,18.0,295.0,4,52,general
9437,7,29,22.0,295.0,6,69,fast
9438,7,30,26.0,295.0,4,69,fast
9439,7,31,30.0,295.0,5,57,fragile
9440,8,32,2.0,295.0,6,61,fast
9441,8,33,6.0,295.0,5,65,bulk
9442,8,34,10.0,295.0,5,59,fragile
9443,8,35,14.0,295.0,4,56,general
9444,9,36,18.0,295.0,4,67,general
9445,9,37,22.0,295.0,5,61,fragile
9446,9,38,26.0,295.0,5,56,fast
9447,9,39,30.0,295.0,6,63,fragile
9448,10,40,2.0,295.0,4,55,general
9449,10,41,6.0,295.0,4,65,general
9450,10,42,10.0,295.0,4,58,fast
9451,10,43,14.0,295.0,4,68,fast
9452,11,44,18.0,295.0,6,57,general
9453,11,45,22.0,295.0,6,61,fragile
9454,11,46,26.0,295.0,4,65,general
9455,11,47,30.0,295.0,4,59,fragile
9456,0,0,2.0,296.5,4,58,fast
9457,0,1,6.0,296.5,6,63,general
9458,0,2,10.0,296.5,6,64,fast
9459,0,3,14.0,296.5,5,59,fragile
9460,1,4,18.0,296.5,4,64,general
9461,1,5,22.0,296.5,5,68,general
9462,1,6,26.0,296.5,5,60,fragile
9463,1,7,30.0,296.5,4,66,fast
9464,2,8,2.0,296.5,5,57,general
9465,2,9,6.0,296.5,5,60,general
9466,2,10,10.0,296.5,6,66,fast
9467,2,11,14.0,296.5,4,62,general
9468,3,12,18.0,296.5,5,54,general
9469,3,13,22.0,296.5,4,55,fast
9470,3,14,26.0,296.5,5,52,fast
9471,3,15,30.0,296.5,5,62,general
9472,4,16,2.0,296.5,5,52,bulk
9473,4,17,6.0,296.5,4,68,general
9474,4,18,10.0,296.5,6,69,bulk
9475,4,19,14.0,296.5,4,65,fragile
9476,5,20,18.0,296.5,5,54,fragile
9477,5,21,22.0,296.5,4,62,fragile
9478,5,22,26.0,296.5,5,67,general
9479,5,23,30.0,296.5,6,68,general
9480,6,24,2.0,296.5,6,57,general
9481,6,25,6.0,296.5,4,63,bulk
9482,6,26,10.0,296.5,6,57,general
9483,6,27,14.0,296.5,6,66,fragile
9484,7,28,18.0,296.5,6,61,fast
9485,7,29,22.0,296.5,5,68,bulk
9486,7,30,26.0,296.5,5,61,fast
9487,7,31,30.0,296.5,5,55,general
9488,8,32,2.0,296.5,6,60,general
9489,8,33,6.0,296.5,6,65,general
9490,8,34,10.0,296.5,5,52,fast
9491,8,35,14.0,296.5,4,62,fast
9492,9,36,18.0,296.5,4,62,fragile
9493,9,37,22.0,296.5,5,68,general
9494,9,38,26.0,296.5,5,59,fragile
9495,9,39,30.0,296.5,4,67,fragile
9496,10,40,2.0,296.5,6,64,general
9497,10,41,6.0,296.5,5,68,fragile
9498,10,42,10.0,296.5,5,59,fragile
9499,10,43,14.0,296.5,6,52,general
9500,11,44,18.0,296.5,6,52,fragile
9501,11,45,22.0,296.5,6,54,bulk
9502,11,46,26.0,296.5,5,66,bulk
9503,11,47,30.0,296.5,4,65,fast
9504,0,0,2.0,298.0,5,68,general
9505,0,1,6.0,298.0,5,53,fragile
9506,0,2,10.0,298.0,4,67,fragile
9507,0,3,14.0,298.0,6,66,fragile
9508,1,4,18.0,298.0,5,67,fast
9509,1,5,22.0,298.0,5,52,fast
9510,1,6,26.0,298.0,6,67,bulk
9511,1,7,30.0,298.0,6,60,general
9512,2,8,2.0,298.0,4,67,general
9513,2,9,6.0,298.0,4,66,fast
9514,2,10,10.0,298.0,5,67,fast
9515,2,11,14.0,298.0,5,67,general
9516,3,12,18.0,298.0,6,56,general
9517,3,13,22.0,298.0,4,59,general
9518,3,14,26.0,298.0,6,68,general
9519,3,15,30.0,298.0,5,69,fragile
9520,4,16,2.0,298.0,4,60,general
9521,4,17,6.0,298.0,4,62,general
9522,4,18,10.0,298.0,6,59,general
9523,4,19,14.0,298.0,4,68,general
9524,5,20,18.0,298.0,5,59,general
9525,5,21,22.0,298.0,5,58,bulk
9526,5,22,26.0,298.0,4,57,general
9527,5,23,30.0,298.0,6,59,bulk
9528,6,24,2.0,298.0,6,67,fast
9529,6,25,6.0,298.0,6,57,general
9530,6,26,10.0,298.0,6,69,fast
9531,6,27,14.0,298.0,5,64,fast
9532,7,28,18.0,298.0,5,60,fast
9533,7,29,22.0,298.0,4,53,fast
9534,7,30,26.0,298.0,4,64,general
9535,7,31,30.0,298.0,5,59,fragile
9536,8,32,2.0,298.0,5,58,fragile
9537,8,33,6.0,298.0,6,67,bulk
9538,8,34,10.0,298.0,4,58,fast
9539,8,35,14.0,298.0,6,57,bulk
9540,9,36,18.0,298.0,5,61,fast
9541,9,37,22.0,298.0,5,59,general
9542,9,38,26.0,298.0,4,61,general
9543,9,39,30.0,298.0,5,59,fast
9544,10,40,2.0,298.0,5,53,general
9545,10,41,6.0,298.0,6,54,fast
9546,10,42,10.0,298.0,6,66,fragile
9547,10,43,14.0,298.0,4,56,general
9548,11,44,18.0,298.0,4,54,fast
9549,11,45,22.0,298.0,6,69,fast
9550,11,46,26.0,298.0,6,53,general
9551,11,47,30.0,298.0,4,58,general
9552,0,0,2.0,299.5,4,62,general
9553,0,1,6.0,299.5,5,55,general
9554,0,2,10.0,299.5,6,66,general
9555,0,3,14.0,299.5,6,55,fast
9556,1,4,18.0,299.5,5,66,bulk
9557,1,5,22.0,299.5,6,63,general
9558,1,6,26.0,299.5,5,57,fragile
9559,1,7,30.0,299.5,4,59,general
9560,2,8,2.0,299.5,5,56,general
9561,2,9,6.0,299.5,6,52,fast
9562,2,10,10.0,299.5,5,52,general
9563,2,11,14.0,299.5,5,64,fast
9564,3,12,18.0,299.5,5,64,general
9565,3,13,22.0,299.5,4,63,fast
9566,3,14,26.0,299.5,6,68,general
9567,3,15,30.0,299.5,4,68,general
9568,4,16,2.0,299.5,5,64,general
9569,4,17,6.0,299.5,5,57,fragile
9570,4,18,10.0,299.5,4,52,fast
9571,4,19,14.0,299.5,4,64,fragile
9572,5,20,18.0,299.5,4,62,bulk
9573,5,21,22.0,299.5,4,52,fragile
9574,5,22,26.0,299.5,5,59,fast
9575,5,23,30.0,299.5,6,61,general
9576,6,24,2.0,299.5,4,58,fragile
9577,6,25,6.0,299.5,4,67,fragile
9578,6,26,10.0,299.5,5,55,bulk
9579,6,27,14.0,299.5,6,54,general
9580,7,28,18.0,299.5,6,59,fragile
9581,7,29,22.0,299.5,5,69,bulk
9582,7,30,26.0,299.5,5,52,fast
9583,7,31,30.0,299.5,4,61,general
9584,8,32,2.0,299.5,5,56,fragile
9585,8,33,6.0,299.5,6,54,general
9586,8,34,10.0,299.5,6,62,general
9587,8,35,14.0,299.5,4,61,fragile
9588,9,36,18.0,299.5,5,59,general
9589,9,37,22.0,299.5,4,56,fast
9590,9,38,26.0,299.5,4,57,bulk
9591,9,39,30.0,299.5,6,64,fragile
9592,10,40,2.0,299.5,4,64,general
9593,10,41,6.0,299.5,5,56,fast
9594,10,42,10.0,299.5,4,62,general
9595,10,43,14.0,299.5,6,69,general
9596,11,44,18.0,299.5,6,52,general
9597,11,45,22.0,299.5,5,65,general
9598,11,46,26.0,299.5,4,65,general
9599,11,47,30.0,299.5,6,67,fast
